2026-08-14 01:08:10,390:WARNING:
'cuml' is a soft dependency and not included in the pycaret installation. Please run: `pip install cuml` to install.
2026-08-14 01:08:10,390:WARNING:
'cuml' is a soft dependency and not included in the pycaret installation. Please run: `pip install cuml` to install.
2026-08-14 01:08:10,390:WARNING:
'cuml' is a soft dependency and not included in the pycaret installation. Please run: `pip install cuml` to install.
2026-08-14 01:08:10,390:WARNING:
'cuml' is a soft dependency and not included in the pycaret installation. Please run: `pip install cuml` to install.
2026-08-14 01:13:03,023:INFO:PyCaret ClassificationExperiment
2026-08-14 01:13:03,024:INFO:Logging name: clf-default-name
2026-08-14 01:13:03,024:INFO:ML Usecase: MLUsecase.CLASSIFICATION
2026-08-14 01:13:03,024:INFO:version 3.3.2
2026-08-14 01:13:03,024:INFO:Initializing setup()
2026-08-14 01:13:03,024:INFO:self.USI: 110c
2026-08-14 01:13:03,024:INFO:self._variable_keys: {'idx', 'html_param', 'seed', 'logging_param', 'is_multiclass', 'gpu_n_jobs_param', 'exp_name_log', 'X_test', 'gpu_param', 'y', 'log_plots_param', 'memory', 'USI', 'X', 'data', 'fold_shuffle_param', 'fold_groups_param', 'pipeline', 'target_param', '_available_plots', 'fix_imbalance', 'n_jobs_param', 'y_test', 'exp_id', 'y_train', '_ml_usecase', 'fold_generator', 'X_train'}
2026-08-14 01:13:03,024:INFO:Checking environment
2026-08-14 01:13:03,024:INFO:python_version: 3.10.20
2026-08-14 01:13:03,024:INFO:python_build: ('main', 'Jun 11 2026 15:17:37')
2026-08-14 01:13:03,024:INFO:machine: x86_64
2026-08-14 01:13:03,024:INFO:platform: Linux-7.0.0-29-generic-x86_64-with-glibc2.43
2026-08-14 01:13:03,024:INFO:Memory: svmem(total=15885574144, available=10045071360, percent=36.8, used=5840502784, free=2540158976, active=7196061696, inactive=4050206720, buffers=175132672, cached=8911544320, shared=1233006592, slab=965419008)
2026-08-14 01:13:03,025:INFO:Physical Core: 4
2026-08-14 01:13:03,025:INFO:Logical Core: 8
2026-08-14 01:13:03,025:INFO:Checking libraries
2026-08-14 01:13:03,025:INFO:System:
2026-08-14 01:13:03,025:INFO:    python: 3.10.20 (main, Jun 11 2026, 15:17:37) [GCC 14.3.0]
2026-08-14 01:13:03,026:INFO:executable: /home/murtaza-ali/anaconda3/envs/pycaret_env/bin/python
2026-08-14 01:13:03,026:INFO:   machine: Linux-7.0.0-29-generic-x86_64-with-glibc2.43
2026-08-14 01:13:03,026:INFO:PyCaret required dependencies:
2026-08-14 01:13:03,030:WARNING:/home/murtaza-ali/anaconda3/envs/pycaret_env/lib/python3.10/site-packages/_distutils_hack/__init__.py:30: UserWarning: Setuptools is replacing distutils. Support for replacing an already imported distutils is deprecated. In the future, this condition will fail. Register concerns at https://github.com/pypa/setuptools/issues/new?template=distutils-deprecation.yml
2026-08-14 01:13:03,030:WARNING:  warnings.warn(
2026-08-14 01:13:03,073:INFO:                 pip: 26.1.2
2026-08-14 01:13:03,073:INFO:          setuptools: 83.0.0
2026-08-14 01:13:03,073:INFO:             pycaret: 3.3.2
2026-08-14 01:13:03,073:INFO:             IPython: 8.37.0
2026-08-14 01:13:03,073:INFO:          ipywidgets: 8.1.8
2026-08-14 01:13:03,073:INFO:                tqdm: 4.70.0
2026-08-14 01:13:03,073:INFO:               numpy: 1.26.4
2026-08-14 01:13:03,073:INFO:              pandas: 2.1.4
2026-08-14 01:13:03,073:INFO:              jinja2: 3.1.6
2026-08-14 01:13:03,073:INFO:               scipy: 1.11.4
2026-08-14 01:13:03,073:INFO:              joblib: 1.3.2
2026-08-14 01:13:03,073:INFO:             sklearn: 1.4.2
2026-08-14 01:13:03,073:INFO:                pyod: 3.4.0
2026-08-14 01:13:03,073:INFO:            imblearn: 0.14.2
2026-08-14 01:13:03,073:INFO:   category_encoders: 2.7.0
2026-08-14 01:13:03,073:INFO:            lightgbm: 4.7.0
2026-08-14 01:13:03,073:INFO:               numba: 0.66.0
2026-08-14 01:13:03,073:INFO:            requests: 2.34.2
2026-08-14 01:13:03,073:INFO:          matplotlib: 3.7.5
2026-08-14 01:13:03,073:INFO:          scikitplot: 0.3.7
2026-08-14 01:13:03,073:INFO:         yellowbrick: 1.5
2026-08-14 01:13:03,073:INFO:              plotly: 6.9.0
2026-08-14 01:13:03,073:INFO:    plotly-resampler: Not installed
2026-08-14 01:13:03,074:INFO:             kaleido: 1.3.0
2026-08-14 01:13:03,074:INFO:           schemdraw: 0.15
2026-08-14 01:13:03,074:INFO:         statsmodels: 0.14.6
2026-08-14 01:13:03,074:INFO:              sktime: 0.26.0
2026-08-14 01:13:03,074:INFO:               tbats: 1.1.3
2026-08-14 01:13:03,074:INFO:            pmdarima: 2.0.4
2026-08-14 01:13:03,074:INFO:              psutil: 7.2.2
2026-08-14 01:13:03,074:INFO:          markupsafe: 3.0.3
2026-08-14 01:13:03,074:INFO:             pickle5: Not installed
2026-08-14 01:13:03,074:INFO:         cloudpickle: 3.1.2
2026-08-14 01:13:03,074:INFO:         deprecation: 2.1.0
2026-08-14 01:13:03,074:INFO:              xxhash: 3.8.1
2026-08-14 01:13:03,074:INFO:           wurlitzer: 3.1.1
2026-08-14 01:13:03,074:INFO:PyCaret optional dependencies:
2026-08-14 01:13:03,087:INFO:                shap: Not installed
2026-08-14 01:13:03,087:INFO:           interpret: Not installed
2026-08-14 01:13:03,087:INFO:                umap: Not installed
2026-08-14 01:13:03,087:INFO:     ydata_profiling: Not installed
2026-08-14 01:13:03,087:INFO:  explainerdashboard: Not installed
2026-08-14 01:13:03,087:INFO:             autoviz: Not installed
2026-08-14 01:13:03,087:INFO:           fairlearn: Not installed
2026-08-14 01:13:03,087:INFO:          deepchecks: Not installed
2026-08-14 01:13:03,087:INFO:             xgboost: Not installed
2026-08-14 01:13:03,087:INFO:            catboost: Not installed
2026-08-14 01:13:03,087:INFO:              kmodes: Not installed
2026-08-14 01:13:03,087:INFO:             mlxtend: Not installed
2026-08-14 01:13:03,087:INFO:       statsforecast: Not installed
2026-08-14 01:13:03,088:INFO:        tune_sklearn: Not installed
2026-08-14 01:13:03,088:INFO:                 ray: Not installed
2026-08-14 01:13:03,088:INFO:            hyperopt: Not installed
2026-08-14 01:13:03,088:INFO:              optuna: Not installed
2026-08-14 01:13:03,088:INFO:               skopt: Not installed
2026-08-14 01:13:03,088:INFO:              mlflow: Not installed
2026-08-14 01:13:03,088:INFO:              gradio: Not installed
2026-08-14 01:13:03,088:INFO:             fastapi: Not installed
2026-08-14 01:13:03,088:INFO:             uvicorn: Not installed
2026-08-14 01:13:03,088:INFO:              m2cgen: Not installed
2026-08-14 01:13:03,088:INFO:           evidently: Not installed
2026-08-14 01:13:03,088:INFO:               fugue: Not installed
2026-08-14 01:13:03,088:INFO:           streamlit: Not installed
2026-08-14 01:13:03,088:INFO:             prophet: Not installed
2026-08-14 01:13:03,088:INFO:None
2026-08-14 01:13:03,088:INFO:Set up data.
2026-08-14 01:13:03,104:INFO:Set up folding strategy.
2026-08-14 01:13:03,104:INFO:Set up train/test split.
2026-08-14 01:13:16,484:INFO:PyCaret ClassificationExperiment
2026-08-14 01:13:16,484:INFO:Logging name: clf-default-name
2026-08-14 01:13:16,484:INFO:ML Usecase: MLUsecase.CLASSIFICATION
2026-08-14 01:13:16,484:INFO:version 3.3.2
2026-08-14 01:13:16,484:INFO:Initializing setup()
2026-08-14 01:13:16,484:INFO:self.USI: fd6e
2026-08-14 01:13:16,484:INFO:self._variable_keys: {'idx', 'html_param', 'seed', 'logging_param', 'is_multiclass', 'gpu_n_jobs_param', 'exp_name_log', 'X_test', 'gpu_param', 'y', 'log_plots_param', 'memory', 'USI', 'X', 'data', 'fold_shuffle_param', 'fold_groups_param', 'pipeline', 'target_param', '_available_plots', 'fix_imbalance', 'n_jobs_param', 'y_test', 'exp_id', 'y_train', '_ml_usecase', 'fold_generator', 'X_train'}
2026-08-14 01:13:16,484:INFO:Checking environment
2026-08-14 01:13:16,484:INFO:python_version: 3.10.20
2026-08-14 01:13:16,484:INFO:python_build: ('main', 'Jun 11 2026 15:17:37')
2026-08-14 01:13:16,484:INFO:machine: x86_64
2026-08-14 01:13:16,484:INFO:platform: Linux-7.0.0-29-generic-x86_64-with-glibc2.43
2026-08-14 01:13:16,484:INFO:Memory: svmem(total=15885574144, available=10031357952, percent=36.9, used=5854216192, free=2523525120, active=7194607616, inactive=4051152896, buffers=175497216, cached=8925368320, shared=1244278784, slab=965435392)
2026-08-14 01:13:16,485:INFO:Physical Core: 4
2026-08-14 01:13:16,485:INFO:Logical Core: 8
2026-08-14 01:13:16,485:INFO:Checking libraries
2026-08-14 01:13:16,485:INFO:System:
2026-08-14 01:13:16,485:INFO:    python: 3.10.20 (main, Jun 11 2026, 15:17:37) [GCC 14.3.0]
2026-08-14 01:13:16,485:INFO:executable: /home/murtaza-ali/anaconda3/envs/pycaret_env/bin/python
2026-08-14 01:13:16,485:INFO:   machine: Linux-7.0.0-29-generic-x86_64-with-glibc2.43
2026-08-14 01:13:16,485:INFO:PyCaret required dependencies:
2026-08-14 01:13:16,485:INFO:                 pip: 26.1.2
2026-08-14 01:13:16,485:INFO:          setuptools: 83.0.0
2026-08-14 01:13:16,485:INFO:             pycaret: 3.3.2
2026-08-14 01:13:16,485:INFO:             IPython: 8.37.0
2026-08-14 01:13:16,485:INFO:          ipywidgets: 8.1.8
2026-08-14 01:13:16,485:INFO:                tqdm: 4.70.0
2026-08-14 01:13:16,485:INFO:               numpy: 1.26.4
2026-08-14 01:13:16,485:INFO:              pandas: 2.1.4
2026-08-14 01:13:16,485:INFO:              jinja2: 3.1.6
2026-08-14 01:13:16,485:INFO:               scipy: 1.11.4
2026-08-14 01:13:16,485:INFO:              joblib: 1.3.2
2026-08-14 01:13:16,485:INFO:             sklearn: 1.4.2
2026-08-14 01:13:16,485:INFO:                pyod: 3.4.0
2026-08-14 01:13:16,486:INFO:            imblearn: 0.14.2
2026-08-14 01:13:16,486:INFO:   category_encoders: 2.7.0
2026-08-14 01:13:16,486:INFO:            lightgbm: 4.7.0
2026-08-14 01:13:16,486:INFO:               numba: 0.66.0
2026-08-14 01:13:16,486:INFO:            requests: 2.34.2
2026-08-14 01:13:16,486:INFO:          matplotlib: 3.7.5
2026-08-14 01:13:16,486:INFO:          scikitplot: 0.3.7
2026-08-14 01:13:16,486:INFO:         yellowbrick: 1.5
2026-08-14 01:13:16,486:INFO:              plotly: 6.9.0
2026-08-14 01:13:16,486:INFO:    plotly-resampler: Not installed
2026-08-14 01:13:16,486:INFO:             kaleido: 1.3.0
2026-08-14 01:13:16,486:INFO:           schemdraw: 0.15
2026-08-14 01:13:16,486:INFO:         statsmodels: 0.14.6
2026-08-14 01:13:16,486:INFO:              sktime: 0.26.0
2026-08-14 01:13:16,486:INFO:               tbats: 1.1.3
2026-08-14 01:13:16,486:INFO:            pmdarima: 2.0.4
2026-08-14 01:13:16,486:INFO:              psutil: 7.2.2
2026-08-14 01:13:16,486:INFO:          markupsafe: 3.0.3
2026-08-14 01:13:16,486:INFO:             pickle5: Not installed
2026-08-14 01:13:16,486:INFO:         cloudpickle: 3.1.2
2026-08-14 01:13:16,486:INFO:         deprecation: 2.1.0
2026-08-14 01:13:16,486:INFO:              xxhash: 3.8.1
2026-08-14 01:13:16,486:INFO:           wurlitzer: 3.1.1
2026-08-14 01:13:16,486:INFO:PyCaret optional dependencies:
2026-08-14 01:13:16,486:INFO:                shap: Not installed
2026-08-14 01:13:16,486:INFO:           interpret: Not installed
2026-08-14 01:13:16,486:INFO:                umap: Not installed
2026-08-14 01:13:16,486:INFO:     ydata_profiling: Not installed
2026-08-14 01:13:16,486:INFO:  explainerdashboard: Not installed
2026-08-14 01:13:16,486:INFO:             autoviz: Not installed
2026-08-14 01:13:16,486:INFO:           fairlearn: Not installed
2026-08-14 01:13:16,486:INFO:          deepchecks: Not installed
2026-08-14 01:13:16,486:INFO:             xgboost: Not installed
2026-08-14 01:13:16,486:INFO:            catboost: Not installed
2026-08-14 01:13:16,486:INFO:              kmodes: Not installed
2026-08-14 01:13:16,486:INFO:             mlxtend: Not installed
2026-08-14 01:13:16,486:INFO:       statsforecast: Not installed
2026-08-14 01:13:16,486:INFO:        tune_sklearn: Not installed
2026-08-14 01:13:16,486:INFO:                 ray: Not installed
2026-08-14 01:13:16,486:INFO:            hyperopt: Not installed
2026-08-14 01:13:16,486:INFO:              optuna: Not installed
2026-08-14 01:13:16,486:INFO:               skopt: Not installed
2026-08-14 01:13:16,486:INFO:              mlflow: Not installed
2026-08-14 01:13:16,486:INFO:              gradio: Not installed
2026-08-14 01:13:16,486:INFO:             fastapi: Not installed
2026-08-14 01:13:16,486:INFO:             uvicorn: Not installed
2026-08-14 01:13:16,486:INFO:              m2cgen: Not installed
2026-08-14 01:13:16,487:INFO:           evidently: Not installed
2026-08-14 01:13:16,487:INFO:               fugue: Not installed
2026-08-14 01:13:16,487:INFO:           streamlit: Not installed
2026-08-14 01:13:16,487:INFO:             prophet: Not installed
2026-08-14 01:13:16,487:INFO:None
2026-08-14 01:13:16,487:INFO:Set up data.
2026-08-14 01:14:01,704:INFO:PyCaret ClassificationExperiment
2026-08-14 01:14:01,704:INFO:Logging name: clf-default-name
2026-08-14 01:14:01,704:INFO:ML Usecase: MLUsecase.CLASSIFICATION
2026-08-14 01:14:01,704:INFO:version 3.3.2
2026-08-14 01:14:01,704:INFO:Initializing setup()
2026-08-14 01:14:01,704:INFO:self.USI: c64a
2026-08-14 01:14:01,704:INFO:self._variable_keys: {'idx', 'html_param', 'seed', 'logging_param', 'is_multiclass', 'gpu_n_jobs_param', 'exp_name_log', 'X_test', 'gpu_param', 'y', 'log_plots_param', 'memory', 'USI', 'X', 'data', 'fold_shuffle_param', 'fold_groups_param', 'pipeline', 'target_param', '_available_plots', 'fix_imbalance', 'n_jobs_param', 'y_test', 'exp_id', 'y_train', '_ml_usecase', 'fold_generator', 'X_train'}
2026-08-14 01:14:01,704:INFO:Checking environment
2026-08-14 01:14:01,704:INFO:python_version: 3.10.20
2026-08-14 01:14:01,704:INFO:python_build: ('main', 'Jun 11 2026 15:17:37')
2026-08-14 01:14:01,704:INFO:machine: x86_64
2026-08-14 01:14:01,704:INFO:platform: Linux-7.0.0-29-generic-x86_64-with-glibc2.43
2026-08-14 01:14:01,705:INFO:Memory: svmem(total=15885574144, available=9993510912, percent=37.1, used=5892063232, free=2485272576, active=7192825856, inactive=4051558400, buffers=175788032, cached=8933076992, shared=1251876864, slab=965459968)
2026-08-14 01:14:01,705:INFO:Physical Core: 4
2026-08-14 01:14:01,705:INFO:Logical Core: 8
2026-08-14 01:14:01,705:INFO:Checking libraries
2026-08-14 01:14:01,705:INFO:System:
2026-08-14 01:14:01,705:INFO:    python: 3.10.20 (main, Jun 11 2026, 15:17:37) [GCC 14.3.0]
2026-08-14 01:14:01,705:INFO:executable: /home/murtaza-ali/anaconda3/envs/pycaret_env/bin/python
2026-08-14 01:14:01,705:INFO:   machine: Linux-7.0.0-29-generic-x86_64-with-glibc2.43
2026-08-14 01:14:01,705:INFO:PyCaret required dependencies:
2026-08-14 01:14:01,705:INFO:                 pip: 26.1.2
2026-08-14 01:14:01,705:INFO:          setuptools: 83.0.0
2026-08-14 01:14:01,706:INFO:             pycaret: 3.3.2
2026-08-14 01:14:01,706:INFO:             IPython: 8.37.0
2026-08-14 01:14:01,706:INFO:          ipywidgets: 8.1.8
2026-08-14 01:14:01,706:INFO:                tqdm: 4.70.0
2026-08-14 01:14:01,706:INFO:               numpy: 1.26.4
2026-08-14 01:14:01,706:INFO:              pandas: 2.1.4
2026-08-14 01:14:01,706:INFO:              jinja2: 3.1.6
2026-08-14 01:14:01,706:INFO:               scipy: 1.11.4
2026-08-14 01:14:01,706:INFO:              joblib: 1.3.2
2026-08-14 01:14:01,706:INFO:             sklearn: 1.4.2
2026-08-14 01:14:01,706:INFO:                pyod: 3.4.0
2026-08-14 01:14:01,706:INFO:            imblearn: 0.14.2
2026-08-14 01:14:01,706:INFO:   category_encoders: 2.7.0
2026-08-14 01:14:01,706:INFO:            lightgbm: 4.7.0
2026-08-14 01:14:01,706:INFO:               numba: 0.66.0
2026-08-14 01:14:01,706:INFO:            requests: 2.34.2
2026-08-14 01:14:01,706:INFO:          matplotlib: 3.7.5
2026-08-14 01:14:01,706:INFO:          scikitplot: 0.3.7
2026-08-14 01:14:01,706:INFO:         yellowbrick: 1.5
2026-08-14 01:14:01,706:INFO:              plotly: 6.9.0
2026-08-14 01:14:01,706:INFO:    plotly-resampler: Not installed
2026-08-14 01:14:01,706:INFO:             kaleido: 1.3.0
2026-08-14 01:14:01,706:INFO:           schemdraw: 0.15
2026-08-14 01:14:01,706:INFO:         statsmodels: 0.14.6
2026-08-14 01:14:01,706:INFO:              sktime: 0.26.0
2026-08-14 01:14:01,706:INFO:               tbats: 1.1.3
2026-08-14 01:14:01,706:INFO:            pmdarima: 2.0.4
2026-08-14 01:14:01,706:INFO:              psutil: 7.2.2
2026-08-14 01:14:01,706:INFO:          markupsafe: 3.0.3
2026-08-14 01:14:01,706:INFO:             pickle5: Not installed
2026-08-14 01:14:01,706:INFO:         cloudpickle: 3.1.2
2026-08-14 01:14:01,706:INFO:         deprecation: 2.1.0
2026-08-14 01:14:01,706:INFO:              xxhash: 3.8.1
2026-08-14 01:14:01,706:INFO:           wurlitzer: 3.1.1
2026-08-14 01:14:01,706:INFO:PyCaret optional dependencies:
2026-08-14 01:14:01,706:INFO:                shap: Not installed
2026-08-14 01:14:01,706:INFO:           interpret: Not installed
2026-08-14 01:14:01,706:INFO:                umap: Not installed
2026-08-14 01:14:01,706:INFO:     ydata_profiling: Not installed
2026-08-14 01:14:01,706:INFO:  explainerdashboard: Not installed
2026-08-14 01:14:01,706:INFO:             autoviz: Not installed
2026-08-14 01:14:01,706:INFO:           fairlearn: Not installed
2026-08-14 01:14:01,706:INFO:          deepchecks: Not installed
2026-08-14 01:14:01,706:INFO:             xgboost: Not installed
2026-08-14 01:14:01,706:INFO:            catboost: Not installed
2026-08-14 01:14:01,707:INFO:              kmodes: Not installed
2026-08-14 01:14:01,707:INFO:             mlxtend: Not installed
2026-08-14 01:14:01,707:INFO:       statsforecast: Not installed
2026-08-14 01:14:01,707:INFO:        tune_sklearn: Not installed
2026-08-14 01:14:01,707:INFO:                 ray: Not installed
2026-08-14 01:14:01,707:INFO:            hyperopt: Not installed
2026-08-14 01:14:01,707:INFO:              optuna: Not installed
2026-08-14 01:14:01,707:INFO:               skopt: Not installed
2026-08-14 01:14:01,707:INFO:              mlflow: Not installed
2026-08-14 01:14:01,707:INFO:              gradio: Not installed
2026-08-14 01:14:01,707:INFO:             fastapi: Not installed
2026-08-14 01:14:01,707:INFO:             uvicorn: Not installed
2026-08-14 01:14:01,707:INFO:              m2cgen: Not installed
2026-08-14 01:14:01,707:INFO:           evidently: Not installed
2026-08-14 01:14:01,707:INFO:               fugue: Not installed
2026-08-14 01:14:01,707:INFO:           streamlit: Not installed
2026-08-14 01:14:01,707:INFO:             prophet: Not installed
2026-08-14 01:14:01,707:INFO:None
2026-08-14 01:14:01,707:INFO:Set up data.
2026-08-14 01:14:01,719:INFO:Set up folding strategy.
2026-08-14 01:14:01,720:INFO:Set up train/test split.
2026-08-14 01:16:40,916:INFO:PyCaret ClassificationExperiment
2026-08-14 01:16:40,916:INFO:Logging name: clf-default-name
2026-08-14 01:16:40,916:INFO:ML Usecase: MLUsecase.CLASSIFICATION
2026-08-14 01:16:40,916:INFO:version 3.3.2
2026-08-14 01:16:40,916:INFO:Initializing setup()
2026-08-14 01:16:40,916:INFO:self.USI: 3e32
2026-08-14 01:16:40,916:INFO:self._variable_keys: {'idx', 'html_param', 'seed', 'logging_param', 'is_multiclass', 'gpu_n_jobs_param', 'exp_name_log', 'X_test', 'gpu_param', 'y', 'log_plots_param', 'memory', 'USI', 'X', 'data', 'fold_shuffle_param', 'fold_groups_param', 'pipeline', 'target_param', '_available_plots', 'fix_imbalance', 'n_jobs_param', 'y_test', 'exp_id', 'y_train', '_ml_usecase', 'fold_generator', 'X_train'}
2026-08-14 01:16:40,916:INFO:Checking environment
2026-08-14 01:16:40,916:INFO:python_version: 3.10.20
2026-08-14 01:16:40,916:INFO:python_build: ('main', 'Jun 11 2026 15:17:37')
2026-08-14 01:16:40,916:INFO:machine: x86_64
2026-08-14 01:16:40,916:INFO:platform: Linux-7.0.0-29-generic-x86_64-with-glibc2.43
2026-08-14 01:16:40,916:INFO:Memory: svmem(total=15885574144, available=9802199040, percent=38.3, used=6083375104, free=2281885696, active=7348539392, inactive=4062027776, buffers=176898048, cached=9075490816, shared=1383063552, slab=967307264)
2026-08-14 01:16:40,917:INFO:Physical Core: 4
2026-08-14 01:16:40,917:INFO:Logical Core: 8
2026-08-14 01:16:40,917:INFO:Checking libraries
2026-08-14 01:16:40,917:INFO:System:
2026-08-14 01:16:40,917:INFO:    python: 3.10.20 (main, Jun 11 2026, 15:17:37) [GCC 14.3.0]
2026-08-14 01:16:40,917:INFO:executable: /home/murtaza-ali/anaconda3/envs/pycaret_env/bin/python
2026-08-14 01:16:40,917:INFO:   machine: Linux-7.0.0-29-generic-x86_64-with-glibc2.43
2026-08-14 01:16:40,917:INFO:PyCaret required dependencies:
2026-08-14 01:16:40,917:INFO:                 pip: 26.1.2
2026-08-14 01:16:40,917:INFO:          setuptools: 83.0.0
2026-08-14 01:16:40,917:INFO:             pycaret: 3.3.2
2026-08-14 01:16:40,917:INFO:             IPython: 8.37.0
2026-08-14 01:16:40,917:INFO:          ipywidgets: 8.1.8
2026-08-14 01:16:40,917:INFO:                tqdm: 4.70.0
2026-08-14 01:16:40,917:INFO:               numpy: 1.26.4
2026-08-14 01:16:40,917:INFO:              pandas: 2.1.4
2026-08-14 01:16:40,917:INFO:              jinja2: 3.1.6
2026-08-14 01:16:40,917:INFO:               scipy: 1.11.4
2026-08-14 01:16:40,917:INFO:              joblib: 1.3.2
2026-08-14 01:16:40,917:INFO:             sklearn: 1.4.2
2026-08-14 01:16:40,917:INFO:                pyod: 3.4.0
2026-08-14 01:16:40,917:INFO:            imblearn: 0.14.2
2026-08-14 01:16:40,917:INFO:   category_encoders: 2.7.0
2026-08-14 01:16:40,917:INFO:            lightgbm: 4.7.0
2026-08-14 01:16:40,917:INFO:               numba: 0.66.0
2026-08-14 01:16:40,917:INFO:            requests: 2.34.2
2026-08-14 01:16:40,917:INFO:          matplotlib: 3.7.5
2026-08-14 01:16:40,917:INFO:          scikitplot: 0.3.7
2026-08-14 01:16:40,918:INFO:         yellowbrick: 1.5
2026-08-14 01:16:40,918:INFO:              plotly: 6.9.0
2026-08-14 01:16:40,918:INFO:    plotly-resampler: Not installed
2026-08-14 01:16:40,918:INFO:             kaleido: 1.3.0
2026-08-14 01:16:40,918:INFO:           schemdraw: 0.15
2026-08-14 01:16:40,918:INFO:         statsmodels: 0.14.6
2026-08-14 01:16:40,918:INFO:              sktime: 0.26.0
2026-08-14 01:16:40,918:INFO:               tbats: 1.1.3
2026-08-14 01:16:40,918:INFO:            pmdarima: 2.0.4
2026-08-14 01:16:40,918:INFO:              psutil: 7.2.2
2026-08-14 01:16:40,918:INFO:          markupsafe: 3.0.3
2026-08-14 01:16:40,918:INFO:             pickle5: Not installed
2026-08-14 01:16:40,918:INFO:         cloudpickle: 3.1.2
2026-08-14 01:16:40,918:INFO:         deprecation: 2.1.0
2026-08-14 01:16:40,918:INFO:              xxhash: 3.8.1
2026-08-14 01:16:40,918:INFO:           wurlitzer: 3.1.1
2026-08-14 01:16:40,918:INFO:PyCaret optional dependencies:
2026-08-14 01:16:40,918:INFO:                shap: Not installed
2026-08-14 01:16:40,918:INFO:           interpret: Not installed
2026-08-14 01:16:40,918:INFO:                umap: Not installed
2026-08-14 01:16:40,918:INFO:     ydata_profiling: Not installed
2026-08-14 01:16:40,918:INFO:  explainerdashboard: Not installed
2026-08-14 01:16:40,918:INFO:             autoviz: Not installed
2026-08-14 01:16:40,918:INFO:           fairlearn: Not installed
2026-08-14 01:16:40,918:INFO:          deepchecks: Not installed
2026-08-14 01:16:40,918:INFO:             xgboost: Not installed
2026-08-14 01:16:40,918:INFO:            catboost: Not installed
2026-08-14 01:16:40,918:INFO:              kmodes: Not installed
2026-08-14 01:16:40,918:INFO:             mlxtend: Not installed
2026-08-14 01:16:40,918:INFO:       statsforecast: Not installed
2026-08-14 01:16:40,918:INFO:        tune_sklearn: Not installed
2026-08-14 01:16:40,918:INFO:                 ray: Not installed
2026-08-14 01:16:40,918:INFO:            hyperopt: Not installed
2026-08-14 01:16:40,918:INFO:              optuna: Not installed
2026-08-14 01:16:40,918:INFO:               skopt: Not installed
2026-08-14 01:16:40,918:INFO:              mlflow: Not installed
2026-08-14 01:16:40,918:INFO:              gradio: Not installed
2026-08-14 01:16:40,918:INFO:             fastapi: Not installed
2026-08-14 01:16:40,918:INFO:             uvicorn: Not installed
2026-08-14 01:16:40,918:INFO:              m2cgen: Not installed
2026-08-14 01:16:40,918:INFO:           evidently: Not installed
2026-08-14 01:16:40,918:INFO:               fugue: Not installed
2026-08-14 01:16:40,918:INFO:           streamlit: Not installed
2026-08-14 01:16:40,918:INFO:             prophet: Not installed
2026-08-14 01:16:40,918:INFO:None
2026-08-14 01:16:40,919:INFO:Set up data.
2026-08-14 01:18:01,897:INFO:PyCaret ClassificationExperiment
2026-08-14 01:18:01,897:INFO:Logging name: clf-default-name
2026-08-14 01:18:01,897:INFO:ML Usecase: MLUsecase.CLASSIFICATION
2026-08-14 01:18:01,897:INFO:version 3.3.2
2026-08-14 01:18:01,897:INFO:Initializing setup()
2026-08-14 01:18:01,897:INFO:self.USI: cb7e
2026-08-14 01:18:01,898:INFO:self._variable_keys: {'idx', 'html_param', 'seed', 'logging_param', 'is_multiclass', 'gpu_n_jobs_param', 'exp_name_log', 'X_test', 'gpu_param', 'y', 'log_plots_param', 'memory', 'USI', 'X', 'data', 'fold_shuffle_param', 'fold_groups_param', 'pipeline', 'target_param', '_available_plots', 'fix_imbalance', 'n_jobs_param', 'y_test', 'exp_id', 'y_train', '_ml_usecase', 'fold_generator', 'X_train'}
2026-08-14 01:18:01,898:INFO:Checking environment
2026-08-14 01:18:01,898:INFO:python_version: 3.10.20
2026-08-14 01:18:01,898:INFO:python_build: ('main', 'Jun 11 2026 15:17:37')
2026-08-14 01:18:01,898:INFO:machine: x86_64
2026-08-14 01:18:01,898:INFO:platform: Linux-7.0.0-29-generic-x86_64-with-glibc2.43
2026-08-14 01:18:01,898:INFO:Memory: svmem(total=15885574144, available=9729138688, percent=38.8, used=6156435456, free=2207961088, active=7390412800, inactive=4062871552, buffers=177549312, cached=9076555776, shared=1384177664, slab=967344128)
2026-08-14 01:18:01,899:INFO:Physical Core: 4
2026-08-14 01:18:01,899:INFO:Logical Core: 8
2026-08-14 01:18:01,899:INFO:Checking libraries
2026-08-14 01:18:01,899:INFO:System:
2026-08-14 01:18:01,899:INFO:    python: 3.10.20 (main, Jun 11 2026, 15:17:37) [GCC 14.3.0]
2026-08-14 01:18:01,899:INFO:executable: /home/murtaza-ali/anaconda3/envs/pycaret_env/bin/python
2026-08-14 01:18:01,899:INFO:   machine: Linux-7.0.0-29-generic-x86_64-with-glibc2.43
2026-08-14 01:18:01,899:INFO:PyCaret required dependencies:
2026-08-14 01:18:01,899:INFO:                 pip: 26.1.2
2026-08-14 01:18:01,899:INFO:          setuptools: 83.0.0
2026-08-14 01:18:01,899:INFO:             pycaret: 3.3.2
2026-08-14 01:18:01,899:INFO:             IPython: 8.37.0
2026-08-14 01:18:01,899:INFO:          ipywidgets: 8.1.8
2026-08-14 01:18:01,899:INFO:                tqdm: 4.70.0
2026-08-14 01:18:01,899:INFO:               numpy: 1.26.4
2026-08-14 01:18:01,899:INFO:              pandas: 2.1.4
2026-08-14 01:18:01,899:INFO:              jinja2: 3.1.6
2026-08-14 01:18:01,899:INFO:               scipy: 1.11.4
2026-08-14 01:18:01,899:INFO:              joblib: 1.3.2
2026-08-14 01:18:01,899:INFO:             sklearn: 1.4.2
2026-08-14 01:18:01,899:INFO:                pyod: 3.4.0
2026-08-14 01:18:01,900:INFO:            imblearn: 0.14.2
2026-08-14 01:18:01,900:INFO:   category_encoders: 2.7.0
2026-08-14 01:18:01,900:INFO:            lightgbm: 4.7.0
2026-08-14 01:18:01,900:INFO:               numba: 0.66.0
2026-08-14 01:18:01,900:INFO:            requests: 2.34.2
2026-08-14 01:18:01,900:INFO:          matplotlib: 3.7.5
2026-08-14 01:18:01,900:INFO:          scikitplot: 0.3.7
2026-08-14 01:18:01,900:INFO:         yellowbrick: 1.5
2026-08-14 01:18:01,900:INFO:              plotly: 6.9.0
2026-08-14 01:18:01,900:INFO:    plotly-resampler: Not installed
2026-08-14 01:18:01,900:INFO:             kaleido: 1.3.0
2026-08-14 01:18:01,900:INFO:           schemdraw: 0.15
2026-08-14 01:18:01,900:INFO:         statsmodels: 0.14.6
2026-08-14 01:18:01,900:INFO:              sktime: 0.26.0
2026-08-14 01:18:01,900:INFO:               tbats: 1.1.3
2026-08-14 01:18:01,900:INFO:            pmdarima: 2.0.4
2026-08-14 01:18:01,900:INFO:              psutil: 7.2.2
2026-08-14 01:18:01,900:INFO:          markupsafe: 3.0.3
2026-08-14 01:18:01,900:INFO:             pickle5: Not installed
2026-08-14 01:18:01,900:INFO:         cloudpickle: 3.1.2
2026-08-14 01:18:01,900:INFO:         deprecation: 2.1.0
2026-08-14 01:18:01,900:INFO:              xxhash: 3.8.1
2026-08-14 01:18:01,900:INFO:           wurlitzer: 3.1.1
2026-08-14 01:18:01,900:INFO:PyCaret optional dependencies:
2026-08-14 01:18:01,900:INFO:                shap: Not installed
2026-08-14 01:18:01,900:INFO:           interpret: Not installed
2026-08-14 01:18:01,900:INFO:                umap: Not installed
2026-08-14 01:18:01,900:INFO:     ydata_profiling: Not installed
2026-08-14 01:18:01,900:INFO:  explainerdashboard: Not installed
2026-08-14 01:18:01,901:INFO:             autoviz: Not installed
2026-08-14 01:18:01,901:INFO:           fairlearn: Not installed
2026-08-14 01:18:01,901:INFO:          deepchecks: Not installed
2026-08-14 01:18:01,901:INFO:             xgboost: Not installed
2026-08-14 01:18:01,901:INFO:            catboost: Not installed
2026-08-14 01:18:01,901:INFO:              kmodes: Not installed
2026-08-14 01:18:01,901:INFO:             mlxtend: Not installed
2026-08-14 01:18:01,901:INFO:       statsforecast: Not installed
2026-08-14 01:18:01,901:INFO:        tune_sklearn: Not installed
2026-08-14 01:18:01,901:INFO:                 ray: Not installed
2026-08-14 01:18:01,901:INFO:            hyperopt: Not installed
2026-08-14 01:18:01,901:INFO:              optuna: Not installed
2026-08-14 01:18:01,901:INFO:               skopt: Not installed
2026-08-14 01:18:01,901:INFO:              mlflow: Not installed
2026-08-14 01:18:01,901:INFO:              gradio: Not installed
2026-08-14 01:18:01,901:INFO:             fastapi: Not installed
2026-08-14 01:18:01,901:INFO:             uvicorn: Not installed
2026-08-14 01:18:01,901:INFO:              m2cgen: Not installed
2026-08-14 01:18:01,901:INFO:           evidently: Not installed
2026-08-14 01:18:01,901:INFO:               fugue: Not installed
2026-08-14 01:18:01,901:INFO:           streamlit: Not installed
2026-08-14 01:18:01,901:INFO:             prophet: Not installed
2026-08-14 01:18:01,901:INFO:None
2026-08-14 01:18:01,901:INFO:Set up data.
2026-08-14 01:18:01,918:INFO:Set up folding strategy.
2026-08-14 01:18:01,918:INFO:Set up train/test split.
2026-08-14 01:18:01,934:INFO:Set up index.
2026-08-14 01:18:01,935:INFO:Assigning column types.
2026-08-14 01:18:01,939:INFO:Engine successfully changes for model 'lr' to 'sklearn'.
2026-08-14 01:18:01,981:INFO:Engine for model 'knn' has not been set explicitly, hence returning None.
2026-08-14 01:18:01,984:INFO:Engine for model 'rbfsvm' has not been set explicitly, hence returning None.
2026-08-14 01:18:02,015:WARNING:
'xgboost' is a soft dependency and not included in the pycaret installation. Please run: `pip install xgboost` to install.
Alternately, you can install this by running `pip install pycaret[models]`
2026-08-14 01:18:02,015:WARNING:
'catboost' is a soft dependency and not included in the pycaret installation. Please run: `pip install catboost` to install.
Alternately, you can install this by running `pip install pycaret[models]`
2026-08-14 01:18:02,053:INFO:Engine for model 'knn' has not been set explicitly, hence returning None.
2026-08-14 01:18:02,054:INFO:Engine for model 'rbfsvm' has not been set explicitly, hence returning None.
2026-08-14 01:18:02,080:WARNING:
'xgboost' is a soft dependency and not included in the pycaret installation. Please run: `pip install xgboost` to install.
Alternately, you can install this by running `pip install pycaret[models]`
2026-08-14 01:18:02,080:WARNING:
'catboost' is a soft dependency and not included in the pycaret installation. Please run: `pip install catboost` to install.
Alternately, you can install this by running `pip install pycaret[models]`
2026-08-14 01:18:02,080:INFO:Engine successfully changes for model 'knn' to 'sklearn'.
2026-08-14 01:18:02,120:INFO:Engine for model 'rbfsvm' has not been set explicitly, hence returning None.
2026-08-14 01:18:02,146:WARNING:
'xgboost' is a soft dependency and not included in the pycaret installation. Please run: `pip install xgboost` to install.
Alternately, you can install this by running `pip install pycaret[models]`
2026-08-14 01:18:02,146:WARNING:
'catboost' is a soft dependency and not included in the pycaret installation. Please run: `pip install catboost` to install.
Alternately, you can install this by running `pip install pycaret[models]`
2026-08-14 01:18:02,187:INFO:Engine for model 'rbfsvm' has not been set explicitly, hence returning None.
2026-08-14 01:18:02,212:WARNING:
'xgboost' is a soft dependency and not included in the pycaret installation. Please run: `pip install xgboost` to install.
Alternately, you can install this by running `pip install pycaret[models]`
2026-08-14 01:18:02,212:WARNING:
'catboost' is a soft dependency and not included in the pycaret installation. Please run: `pip install catboost` to install.
Alternately, you can install this by running `pip install pycaret[models]`
2026-08-14 01:18:02,212:INFO:Engine successfully changes for model 'rbfsvm' to 'sklearn'.
2026-08-14 01:18:02,277:WARNING:
'xgboost' is a soft dependency and not included in the pycaret installation. Please run: `pip install xgboost` to install.
Alternately, you can install this by running `pip install pycaret[models]`
2026-08-14 01:18:02,277:WARNING:
'catboost' is a soft dependency and not included in the pycaret installation. Please run: `pip install catboost` to install.
Alternately, you can install this by running `pip install pycaret[models]`
2026-08-14 01:18:02,343:WARNING:
'xgboost' is a soft dependency and not included in the pycaret installation. Please run: `pip install xgboost` to install.
Alternately, you can install this by running `pip install pycaret[models]`
2026-08-14 01:18:02,343:WARNING:
'catboost' is a soft dependency and not included in the pycaret installation. Please run: `pip install catboost` to install.
Alternately, you can install this by running `pip install pycaret[models]`
2026-08-14 01:18:02,346:INFO:Preparing preprocessing pipeline...
2026-08-14 01:18:02,348:INFO:Set up simple imputation.
2026-08-14 01:18:02,350:INFO:Set up encoding of categorical features.
2026-08-14 01:18:02,350:INFO:Set up imbalanced handling.
2026-08-14 01:18:02,350:INFO:Set up feature normalization.
2026-08-14 01:18:02,509:INFO:Finished creating preprocessing pipeline.
2026-08-14 01:18:02,519:INFO:Pipeline: Pipeline(memory=FastMemory(location=/tmp/joblib),
         steps=[('numerical_imputer',
                 TransformerWrapper(exclude=None,
                                    include=['age', 'avg_order_value',
                                             'total_orders', 'last_purchase',
                                             'email_open_rate', 'loyalty_score',
                                             'churn_risk'],
                                    transformer=SimpleImputer(add_indicator=False,
                                                              copy=True,
                                                              fill_value=None,
                                                              keep_empty_features=False,
                                                              missing_values=nan,
                                                              strategy='me...
                                                              min_samples_leaf=20,
                                                              return_df=True,
                                                              smoothing=10,
                                                              verbose=0))),
                ('balance',
                 TransformerWrapper(exclude=None, include=None,
                                    transformer=FixImbalancer(estimator=SMOTE(k_neighbors=5,
                                                                              random_state=123,
                                                                              sampling_strategy='auto')))),
                ('normalize',
                 TransformerWrapper(exclude=None, include=None,
                                    transformer=StandardScaler(copy=True,
                                                               with_mean=True,
                                                               with_std=True)))],
         verbose=False)
2026-08-14 01:18:02,519:INFO:Creating final display dataframe.
2026-08-14 01:18:02,856:INFO:Setup _display_container:                     Description             Value
0                    Session id               123
1                        Target     is_fraudulent
2                   Target type            Binary
3           Original data shape        (5000, 13)
4        Transformed data shape        (8320, 27)
5   Transformed train set shape        (6820, 27)
6    Transformed test set shape        (1500, 27)
7               Ignore features                 1
8              Numeric features                 7
9          Categorical features                 4
10     Rows with missing values              9.8%
11                   Preprocess              True
12              Imputation type            simple
13           Numeric imputation              mean
14       Categorical imputation              mode
15     Maximum one-hot encoding                25
16              Encoding method              None
17                Fix imbalance              True
18         Fix imbalance method             SMOTE
19                    Normalize              True
20             Normalize method            zscore
21               Fold Generator   StratifiedKFold
22                  Fold Number                10
23                     CPU Jobs                -1
24                      Use GPU             False
25               Log Experiment             False
26              Experiment Name  clf-default-name
27                          USI              cb7e
2026-08-14 01:18:02,935:WARNING:
'xgboost' is a soft dependency and not included in the pycaret installation. Please run: `pip install xgboost` to install.
Alternately, you can install this by running `pip install pycaret[models]`
2026-08-14 01:18:02,936:WARNING:
'catboost' is a soft dependency and not included in the pycaret installation. Please run: `pip install catboost` to install.
Alternately, you can install this by running `pip install pycaret[models]`
2026-08-14 01:18:03,005:WARNING:
'xgboost' is a soft dependency and not included in the pycaret installation. Please run: `pip install xgboost` to install.
Alternately, you can install this by running `pip install pycaret[models]`
2026-08-14 01:18:03,005:WARNING:
'catboost' is a soft dependency and not included in the pycaret installation. Please run: `pip install catboost` to install.
Alternately, you can install this by running `pip install pycaret[models]`
2026-08-14 01:18:03,006:INFO:setup() successfully completed in 1.11s...............
2026-08-14 01:19:10,981:INFO:Initializing compare_models()
2026-08-14 01:19:10,981:INFO:compare_models(self=<pycaret.classification.oop.ClassificationExperiment object at 0x79a0446ce9b0>, include=['dt', 'rf', 'xgboost'], fold=None, round=4, cross_validation=True, sort=Accuracy, n_select=1, budget_time=None, turbo=True, errors=ignore, fit_kwargs=None, groups=None, experiment_custom_tags=None, probability_threshold=None, verbose=True, parallel=None, caller_params={'self': <pycaret.classification.oop.ClassificationExperiment object at 0x79a0446ce9b0>, 'include': ['dt', 'rf', 'xgboost'], 'exclude': None, 'fold': None, 'round': 4, 'cross_validation': True, 'sort': 'Accuracy', 'n_select': 1, 'budget_time': None, 'turbo': True, 'errors': 'ignore', 'fit_kwargs': None, 'groups': None, 'experiment_custom_tags': None, 'probability_threshold': None, 'engine': None, 'verbose': True, 'parallel': None, '__class__': <class 'pycaret.classification.oop.ClassificationExperiment'>}, exclude=None)
2026-08-14 01:19:10,981:INFO:Checking exceptions
2026-08-14 01:19:46,525:INFO:Initializing compare_models()
2026-08-14 01:19:46,525:INFO:compare_models(self=<pycaret.classification.oop.ClassificationExperiment object at 0x79a0446ce9b0>, include=['dt', 'rf', 'xgboost'], fold=None, round=4, cross_validation=True, sort=Accuracy, n_select=1, budget_time=None, turbo=True, errors=ignore, fit_kwargs=None, groups=None, experiment_custom_tags=None, probability_threshold=None, verbose=True, parallel=None, caller_params={'self': <pycaret.classification.oop.ClassificationExperiment object at 0x79a0446ce9b0>, 'include': ['dt', 'rf', 'xgboost'], 'exclude': None, 'fold': None, 'round': 4, 'cross_validation': True, 'sort': 'Accuracy', 'n_select': 1, 'budget_time': None, 'turbo': True, 'errors': 'ignore', 'fit_kwargs': None, 'groups': None, 'experiment_custom_tags': None, 'probability_threshold': None, 'engine': None, 'verbose': True, 'parallel': None, '__class__': <class 'pycaret.classification.oop.ClassificationExperiment'>}, exclude=None)
2026-08-14 01:19:46,525:INFO:Checking exceptions
2026-08-14 01:20:14,763:INFO:PyCaret ClassificationExperiment
2026-08-14 01:20:14,763:INFO:Logging name: clf-default-name
2026-08-14 01:20:14,763:INFO:ML Usecase: MLUsecase.CLASSIFICATION
2026-08-14 01:20:14,763:INFO:version 3.3.2
2026-08-14 01:20:14,763:INFO:Initializing setup()
2026-08-14 01:20:14,763:INFO:self.USI: c396
2026-08-14 01:20:14,763:INFO:self._variable_keys: {'idx', 'html_param', 'seed', 'logging_param', 'is_multiclass', 'gpu_n_jobs_param', 'exp_name_log', 'X_test', 'gpu_param', 'y', 'log_plots_param', 'memory', 'USI', 'X', 'data', 'fold_shuffle_param', 'fold_groups_param', 'pipeline', 'target_param', '_available_plots', 'fix_imbalance', 'n_jobs_param', 'y_test', 'exp_id', 'y_train', '_ml_usecase', 'fold_generator', 'X_train'}
2026-08-14 01:20:14,763:INFO:Checking environment
2026-08-14 01:20:14,763:INFO:python_version: 3.10.20
2026-08-14 01:20:14,763:INFO:python_build: ('main', 'Jun 11 2026 15:17:37')
2026-08-14 01:20:14,763:INFO:machine: x86_64
2026-08-14 01:20:14,763:INFO:platform: Linux-7.0.0-29-generic-x86_64-with-glibc2.43
2026-08-14 01:20:14,764:INFO:Memory: svmem(total=15885574144, available=9635479552, percent=39.3, used=6250094592, free=2110509056, active=7476674560, inactive=4064722944, buffers=178696192, cached=9123266560, shared=1428250624, slab=967573504)
2026-08-14 01:20:14,764:INFO:Physical Core: 4
2026-08-14 01:20:14,764:INFO:Logical Core: 8
2026-08-14 01:20:14,764:INFO:Checking libraries
2026-08-14 01:20:14,764:INFO:System:
2026-08-14 01:20:14,764:INFO:    python: 3.10.20 (main, Jun 11 2026, 15:17:37) [GCC 14.3.0]
2026-08-14 01:20:14,764:INFO:executable: /home/murtaza-ali/anaconda3/envs/pycaret_env/bin/python
2026-08-14 01:20:14,764:INFO:   machine: Linux-7.0.0-29-generic-x86_64-with-glibc2.43
2026-08-14 01:20:14,764:INFO:PyCaret required dependencies:
2026-08-14 01:20:14,764:INFO:                 pip: 26.1.2
2026-08-14 01:20:14,764:INFO:          setuptools: 83.0.0
2026-08-14 01:20:14,764:INFO:             pycaret: 3.3.2
2026-08-14 01:20:14,764:INFO:             IPython: 8.37.0
2026-08-14 01:20:14,764:INFO:          ipywidgets: 8.1.8
2026-08-14 01:20:14,764:INFO:                tqdm: 4.70.0
2026-08-14 01:20:14,764:INFO:               numpy: 1.26.4
2026-08-14 01:20:14,764:INFO:              pandas: 2.1.4
2026-08-14 01:20:14,764:INFO:              jinja2: 3.1.6
2026-08-14 01:20:14,764:INFO:               scipy: 1.11.4
2026-08-14 01:20:14,764:INFO:              joblib: 1.3.2
2026-08-14 01:20:14,764:INFO:             sklearn: 1.4.2
2026-08-14 01:20:14,764:INFO:                pyod: 3.4.0
2026-08-14 01:20:14,764:INFO:            imblearn: 0.14.2
2026-08-14 01:20:14,764:INFO:   category_encoders: 2.7.0
2026-08-14 01:20:14,764:INFO:            lightgbm: 4.7.0
2026-08-14 01:20:14,764:INFO:               numba: 0.66.0
2026-08-14 01:20:14,764:INFO:            requests: 2.34.2
2026-08-14 01:20:14,764:INFO:          matplotlib: 3.7.5
2026-08-14 01:20:14,765:INFO:          scikitplot: 0.3.7
2026-08-14 01:20:14,765:INFO:         yellowbrick: 1.5
2026-08-14 01:20:14,765:INFO:              plotly: 6.9.0
2026-08-14 01:20:14,765:INFO:    plotly-resampler: Not installed
2026-08-14 01:20:14,765:INFO:             kaleido: 1.3.0
2026-08-14 01:20:14,765:INFO:           schemdraw: 0.15
2026-08-14 01:20:14,765:INFO:         statsmodels: 0.14.6
2026-08-14 01:20:14,765:INFO:              sktime: 0.26.0
2026-08-14 01:20:14,765:INFO:               tbats: 1.1.3
2026-08-14 01:20:14,765:INFO:            pmdarima: 2.0.4
2026-08-14 01:20:14,765:INFO:              psutil: 7.2.2
2026-08-14 01:20:14,765:INFO:          markupsafe: 3.0.3
2026-08-14 01:20:14,765:INFO:             pickle5: Not installed
2026-08-14 01:20:14,765:INFO:         cloudpickle: 3.1.2
2026-08-14 01:20:14,765:INFO:         deprecation: 2.1.0
2026-08-14 01:20:14,765:INFO:              xxhash: 3.8.1
2026-08-14 01:20:14,765:INFO:           wurlitzer: 3.1.1
2026-08-14 01:20:14,765:INFO:PyCaret optional dependencies:
2026-08-14 01:20:14,765:INFO:                shap: Not installed
2026-08-14 01:20:14,765:INFO:           interpret: Not installed
2026-08-14 01:20:14,765:INFO:                umap: Not installed
2026-08-14 01:20:14,765:INFO:     ydata_profiling: Not installed
2026-08-14 01:20:14,765:INFO:  explainerdashboard: Not installed
2026-08-14 01:20:14,765:INFO:             autoviz: Not installed
2026-08-14 01:20:14,765:INFO:           fairlearn: Not installed
2026-08-14 01:20:14,765:INFO:          deepchecks: Not installed
2026-08-14 01:20:14,765:INFO:             xgboost: Not installed
2026-08-14 01:20:14,765:INFO:            catboost: Not installed
2026-08-14 01:20:14,765:INFO:              kmodes: Not installed
2026-08-14 01:20:14,765:INFO:             mlxtend: Not installed
2026-08-14 01:20:14,765:INFO:       statsforecast: Not installed
2026-08-14 01:20:14,765:INFO:        tune_sklearn: Not installed
2026-08-14 01:20:14,765:INFO:                 ray: Not installed
2026-08-14 01:20:14,765:INFO:            hyperopt: Not installed
2026-08-14 01:20:14,765:INFO:              optuna: Not installed
2026-08-14 01:20:14,765:INFO:               skopt: Not installed
2026-08-14 01:20:14,765:INFO:              mlflow: Not installed
2026-08-14 01:20:14,765:INFO:              gradio: Not installed
2026-08-14 01:20:14,765:INFO:             fastapi: Not installed
2026-08-14 01:20:14,765:INFO:             uvicorn: Not installed
2026-08-14 01:20:14,765:INFO:              m2cgen: Not installed
2026-08-14 01:20:14,765:INFO:           evidently: Not installed
2026-08-14 01:20:14,765:INFO:               fugue: Not installed
2026-08-14 01:20:14,765:INFO:           streamlit: Not installed
2026-08-14 01:20:14,765:INFO:             prophet: Not installed
2026-08-14 01:20:14,765:INFO:None
2026-08-14 01:20:14,765:INFO:Set up data.
2026-08-14 01:20:14,777:INFO:Set up folding strategy.
2026-08-14 01:20:14,777:INFO:Set up train/test split.
2026-08-14 01:20:14,785:INFO:Set up index.
2026-08-14 01:20:14,785:INFO:Assigning column types.
2026-08-14 01:20:14,791:INFO:Engine successfully changes for model 'lr' to 'sklearn'.
2026-08-14 01:20:14,838:INFO:Engine for model 'knn' has not been set explicitly, hence returning None.
2026-08-14 01:20:14,839:INFO:Engine for model 'rbfsvm' has not been set explicitly, hence returning None.
2026-08-14 01:20:14,868:WARNING:
'xgboost' is a soft dependency and not included in the pycaret installation. Please run: `pip install xgboost` to install.
Alternately, you can install this by running `pip install pycaret[models]`
2026-08-14 01:20:14,868:WARNING:
'catboost' is a soft dependency and not included in the pycaret installation. Please run: `pip install catboost` to install.
Alternately, you can install this by running `pip install pycaret[models]`
2026-08-14 01:20:14,908:INFO:Engine for model 'knn' has not been set explicitly, hence returning None.
2026-08-14 01:20:14,909:INFO:Engine for model 'rbfsvm' has not been set explicitly, hence returning None.
2026-08-14 01:20:14,934:WARNING:
'xgboost' is a soft dependency and not included in the pycaret installation. Please run: `pip install xgboost` to install.
Alternately, you can install this by running `pip install pycaret[models]`
2026-08-14 01:20:14,934:WARNING:
'catboost' is a soft dependency and not included in the pycaret installation. Please run: `pip install catboost` to install.
Alternately, you can install this by running `pip install pycaret[models]`
2026-08-14 01:20:14,934:INFO:Engine successfully changes for model 'knn' to 'sklearn'.
2026-08-14 01:20:14,973:INFO:Engine for model 'rbfsvm' has not been set explicitly, hence returning None.
2026-08-14 01:20:14,999:WARNING:
'xgboost' is a soft dependency and not included in the pycaret installation. Please run: `pip install xgboost` to install.
Alternately, you can install this by running `pip install pycaret[models]`
2026-08-14 01:20:14,999:WARNING:
'catboost' is a soft dependency and not included in the pycaret installation. Please run: `pip install catboost` to install.
Alternately, you can install this by running `pip install pycaret[models]`
2026-08-14 01:20:15,041:INFO:Engine for model 'rbfsvm' has not been set explicitly, hence returning None.
2026-08-14 01:20:15,066:WARNING:
'xgboost' is a soft dependency and not included in the pycaret installation. Please run: `pip install xgboost` to install.
Alternately, you can install this by running `pip install pycaret[models]`
2026-08-14 01:20:15,066:WARNING:
'catboost' is a soft dependency and not included in the pycaret installation. Please run: `pip install catboost` to install.
Alternately, you can install this by running `pip install pycaret[models]`
2026-08-14 01:20:15,067:INFO:Engine successfully changes for model 'rbfsvm' to 'sklearn'.
2026-08-14 01:20:15,132:WARNING:
'xgboost' is a soft dependency and not included in the pycaret installation. Please run: `pip install xgboost` to install.
Alternately, you can install this by running `pip install pycaret[models]`
2026-08-14 01:20:15,132:WARNING:
'catboost' is a soft dependency and not included in the pycaret installation. Please run: `pip install catboost` to install.
Alternately, you can install this by running `pip install pycaret[models]`
2026-08-14 01:20:15,197:WARNING:
'xgboost' is a soft dependency and not included in the pycaret installation. Please run: `pip install xgboost` to install.
Alternately, you can install this by running `pip install pycaret[models]`
2026-08-14 01:20:15,197:WARNING:
'catboost' is a soft dependency and not included in the pycaret installation. Please run: `pip install catboost` to install.
Alternately, you can install this by running `pip install pycaret[models]`
2026-08-14 01:20:15,198:INFO:Preparing preprocessing pipeline...
2026-08-14 01:20:15,199:INFO:Set up simple imputation.
2026-08-14 01:20:15,201:INFO:Set up encoding of categorical features.
2026-08-14 01:20:15,202:INFO:Set up imbalanced handling.
2026-08-14 01:20:15,202:INFO:Set up feature normalization.
2026-08-14 01:20:15,332:INFO:Finished creating preprocessing pipeline.
2026-08-14 01:20:15,342:INFO:Pipeline: Pipeline(memory=FastMemory(location=/tmp/joblib),
         steps=[('numerical_imputer',
                 TransformerWrapper(exclude=None,
                                    include=['age', 'avg_order_value',
                                             'total_orders', 'last_purchase',
                                             'email_open_rate', 'loyalty_score',
                                             'churn_risk'],
                                    transformer=SimpleImputer(add_indicator=False,
                                                              copy=True,
                                                              fill_value=None,
                                                              keep_empty_features=False,
                                                              missing_values=nan,
                                                              strategy='me...
                                                              min_samples_leaf=20,
                                                              return_df=True,
                                                              smoothing=10,
                                                              verbose=0))),
                ('balance',
                 TransformerWrapper(exclude=None, include=None,
                                    transformer=FixImbalancer(estimator=SMOTE(k_neighbors=5,
                                                                              random_state=123,
                                                                              sampling_strategy='auto')))),
                ('normalize',
                 TransformerWrapper(exclude=None, include=None,
                                    transformer=StandardScaler(copy=True,
                                                               with_mean=True,
                                                               with_std=True)))],
         verbose=False)
2026-08-14 01:20:15,342:INFO:Creating final display dataframe.
2026-08-14 01:20:15,680:INFO:Setup _display_container:                     Description             Value
0                    Session id               123
1                        Target     is_fraudulent
2                   Target type            Binary
3           Original data shape        (5000, 13)
4        Transformed data shape        (8320, 27)
5   Transformed train set shape        (6820, 27)
6    Transformed test set shape        (1500, 27)
7               Ignore features                 1
8              Numeric features                 7
9          Categorical features                 4
10     Rows with missing values              9.8%
11                   Preprocess              True
12              Imputation type            simple
13           Numeric imputation              mean
14       Categorical imputation              mode
15     Maximum one-hot encoding                25
16              Encoding method              None
17                Fix imbalance              True
18         Fix imbalance method             SMOTE
19                    Normalize              True
20             Normalize method            zscore
21               Fold Generator   StratifiedKFold
22                  Fold Number                10
23                     CPU Jobs                -1
24                      Use GPU             False
25               Log Experiment             False
26              Experiment Name  clf-default-name
27                          USI              c396
2026-08-14 01:20:15,756:WARNING:
'xgboost' is a soft dependency and not included in the pycaret installation. Please run: `pip install xgboost` to install.
Alternately, you can install this by running `pip install pycaret[models]`
2026-08-14 01:20:15,756:WARNING:
'catboost' is a soft dependency and not included in the pycaret installation. Please run: `pip install catboost` to install.
Alternately, you can install this by running `pip install pycaret[models]`
2026-08-14 01:20:15,823:WARNING:
'xgboost' is a soft dependency and not included in the pycaret installation. Please run: `pip install xgboost` to install.
Alternately, you can install this by running `pip install pycaret[models]`
2026-08-14 01:20:15,824:WARNING:
'catboost' is a soft dependency and not included in the pycaret installation. Please run: `pip install catboost` to install.
Alternately, you can install this by running `pip install pycaret[models]`
2026-08-14 01:20:15,825:INFO:setup() successfully completed in 1.06s...............
2026-08-14 01:20:17,024:INFO:Initializing compare_models()
2026-08-14 01:20:17,025:INFO:compare_models(self=<pycaret.classification.oop.ClassificationExperiment object at 0x79a044a3f760>, include=['dt', 'rf', 'xgboost'], fold=None, round=4, cross_validation=True, sort=Accuracy, n_select=1, budget_time=None, turbo=True, errors=ignore, fit_kwargs=None, groups=None, experiment_custom_tags=None, probability_threshold=None, verbose=True, parallel=None, caller_params={'self': <pycaret.classification.oop.ClassificationExperiment object at 0x79a044a3f760>, 'include': ['dt', 'rf', 'xgboost'], 'exclude': None, 'fold': None, 'round': 4, 'cross_validation': True, 'sort': 'Accuracy', 'n_select': 1, 'budget_time': None, 'turbo': True, 'errors': 'ignore', 'fit_kwargs': None, 'groups': None, 'experiment_custom_tags': None, 'probability_threshold': None, 'engine': None, 'verbose': True, 'parallel': None, '__class__': <class 'pycaret.classification.oop.ClassificationExperiment'>}, exclude=None)
2026-08-14 01:20:17,025:INFO:Checking exceptions
2026-08-14 01:20:40,770:INFO:Initializing compare_models()
2026-08-14 01:20:40,770:INFO:compare_models(self=<pycaret.classification.oop.ClassificationExperiment object at 0x79a044a3f760>, include=None, fold=None, round=4, cross_validation=True, sort=Accuracy, n_select=1, budget_time=None, turbo=True, errors=ignore, fit_kwargs=None, groups=None, experiment_custom_tags=None, probability_threshold=None, verbose=True, parallel=None, caller_params={'self': <pycaret.classification.oop.ClassificationExperiment object at 0x79a044a3f760>, 'include': None, 'exclude': None, 'fold': None, 'round': 4, 'cross_validation': True, 'sort': 'Accuracy', 'n_select': 1, 'budget_time': None, 'turbo': True, 'errors': 'ignore', 'fit_kwargs': None, 'groups': None, 'experiment_custom_tags': None, 'probability_threshold': None, 'engine': None, 'verbose': True, 'parallel': None, '__class__': <class 'pycaret.classification.oop.ClassificationExperiment'>}, exclude=None)
2026-08-14 01:20:40,770:INFO:Checking exceptions
2026-08-14 01:20:40,777:INFO:Preparing display monitor
2026-08-14 01:20:40,799:INFO:Initializing Logistic Regression
2026-08-14 01:20:40,799:INFO:Total runtime is 2.9007593790690103e-06 minutes
2026-08-14 01:20:40,806:INFO:SubProcess create_model() called ==================================
2026-08-14 01:20:40,807:INFO:Initializing create_model()
2026-08-14 01:20:40,807:INFO:create_model(self=<pycaret.classification.oop.ClassificationExperiment object at 0x79a044a3f760>, estimator=lr, fold=StratifiedKFold(n_splits=10, random_state=None, shuffle=False), round=4, cross_validation=True, predict=True, fit_kwargs={}, groups=None, refit=False, probability_threshold=None, experiment_custom_tags=None, verbose=False, system=False, add_to_model_list=True, metrics=None, display=<pycaret.internal.display.display.CommonDisplay object at 0x79a0448950c0>, model_only=True, return_train_score=False, error_score=0.0, kwargs={})
2026-08-14 01:20:40,807:INFO:Checking exceptions
2026-08-14 01:20:40,807:INFO:Importing libraries
2026-08-14 01:20:40,807:INFO:Copying training dataset
2026-08-14 01:20:40,825:INFO:Defining folds
2026-08-14 01:20:40,825:INFO:Declaring metric variables
2026-08-14 01:20:40,832:INFO:Importing untrained model
2026-08-14 01:20:40,836:INFO:Logistic Regression Imported successfully
2026-08-14 01:20:40,845:INFO:Starting cross validation
2026-08-14 01:20:40,849:INFO:Cross validating with StratifiedKFold(n_splits=10, random_state=None, shuffle=False), n_jobs=-1
2026-08-14 01:20:43,477:WARNING:/home/murtaza-ali/anaconda3/envs/pycaret_env/lib/python3.10/site-packages/_distutils_hack/__init__.py:30: UserWarning: Setuptools is replacing distutils. Support for replacing an already imported distutils is deprecated. In the future, this condition will fail. Register concerns at https://github.com/pypa/setuptools/issues/new?template=distutils-deprecation.yml
  warnings.warn(

2026-08-14 01:20:43,526:WARNING:/home/murtaza-ali/anaconda3/envs/pycaret_env/lib/python3.10/site-packages/_distutils_hack/__init__.py:30: UserWarning: Setuptools is replacing distutils. Support for replacing an already imported distutils is deprecated. In the future, this condition will fail. Register concerns at https://github.com/pypa/setuptools/issues/new?template=distutils-deprecation.yml
  warnings.warn(

2026-08-14 01:20:43,545:WARNING:/home/murtaza-ali/anaconda3/envs/pycaret_env/lib/python3.10/site-packages/_distutils_hack/__init__.py:30: UserWarning: Setuptools is replacing distutils. Support for replacing an already imported distutils is deprecated. In the future, this condition will fail. Register concerns at https://github.com/pypa/setuptools/issues/new?template=distutils-deprecation.yml
  warnings.warn(

2026-08-14 01:20:43,608:WARNING:/home/murtaza-ali/anaconda3/envs/pycaret_env/lib/python3.10/site-packages/_distutils_hack/__init__.py:30: UserWarning: Setuptools is replacing distutils. Support for replacing an already imported distutils is deprecated. In the future, this condition will fail. Register concerns at https://github.com/pypa/setuptools/issues/new?template=distutils-deprecation.yml
  warnings.warn(

2026-08-14 01:20:43,617:WARNING:/home/murtaza-ali/anaconda3/envs/pycaret_env/lib/python3.10/site-packages/_distutils_hack/__init__.py:30: UserWarning: Setuptools is replacing distutils. Support for replacing an already imported distutils is deprecated. In the future, this condition will fail. Register concerns at https://github.com/pypa/setuptools/issues/new?template=distutils-deprecation.yml
  warnings.warn(

2026-08-14 01:20:43,622:WARNING:/home/murtaza-ali/anaconda3/envs/pycaret_env/lib/python3.10/site-packages/_distutils_hack/__init__.py:30: UserWarning: Setuptools is replacing distutils. Support for replacing an already imported distutils is deprecated. In the future, this condition will fail. Register concerns at https://github.com/pypa/setuptools/issues/new?template=distutils-deprecation.yml
  warnings.warn(

2026-08-14 01:20:43,672:WARNING:/home/murtaza-ali/anaconda3/envs/pycaret_env/lib/python3.10/site-packages/_distutils_hack/__init__.py:30: UserWarning: Setuptools is replacing distutils. Support for replacing an already imported distutils is deprecated. In the future, this condition will fail. Register concerns at https://github.com/pypa/setuptools/issues/new?template=distutils-deprecation.yml
  warnings.warn(

2026-08-14 01:20:43,708:WARNING:/home/murtaza-ali/anaconda3/envs/pycaret_env/lib/python3.10/site-packages/_distutils_hack/__init__.py:30: UserWarning: Setuptools is replacing distutils. Support for replacing an already imported distutils is deprecated. In the future, this condition will fail. Register concerns at https://github.com/pypa/setuptools/issues/new?template=distutils-deprecation.yml
  warnings.warn(

2026-08-14 01:20:44,269:INFO:Calculating mean and std
2026-08-14 01:20:44,270:INFO:Creating metrics dataframe
2026-08-14 01:20:44,272:INFO:Uploading results into container
2026-08-14 01:20:44,273:INFO:Uploading model into container now
2026-08-14 01:20:44,273:INFO:_master_model_container: 1
2026-08-14 01:20:44,273:INFO:_display_container: 2
2026-08-14 01:20:44,274:INFO:LogisticRegression(C=1.0, class_weight=None, dual=False, fit_intercept=True,
                   intercept_scaling=1, l1_ratio=None, max_iter=1000,
                   multi_class='auto', n_jobs=None, penalty='l2',
                   random_state=123, solver='lbfgs', tol=0.0001, verbose=0,
                   warm_start=False)
2026-08-14 01:20:44,274:INFO:create_model() successfully completed......................................
2026-08-14 01:20:44,444:INFO:SubProcess create_model() end ==================================
2026-08-14 01:20:44,444:INFO:Creating metrics dataframe
2026-08-14 01:20:44,450:INFO:Initializing K Neighbors Classifier
2026-08-14 01:20:44,450:INFO:Total runtime is 0.06085643768310547 minutes
2026-08-14 01:20:44,453:INFO:SubProcess create_model() called ==================================
2026-08-14 01:20:44,453:INFO:Initializing create_model()
2026-08-14 01:20:44,454:INFO:create_model(self=<pycaret.classification.oop.ClassificationExperiment object at 0x79a044a3f760>, estimator=knn, fold=StratifiedKFold(n_splits=10, random_state=None, shuffle=False), round=4, cross_validation=True, predict=True, fit_kwargs={}, groups=None, refit=False, probability_threshold=None, experiment_custom_tags=None, verbose=False, system=False, add_to_model_list=True, metrics=None, display=<pycaret.internal.display.display.CommonDisplay object at 0x79a0448950c0>, model_only=True, return_train_score=False, error_score=0.0, kwargs={})
2026-08-14 01:20:44,454:INFO:Checking exceptions
2026-08-14 01:20:44,454:INFO:Importing libraries
2026-08-14 01:20:44,454:INFO:Copying training dataset
2026-08-14 01:20:44,460:INFO:Defining folds
2026-08-14 01:20:44,460:INFO:Declaring metric variables
2026-08-14 01:20:44,464:INFO:Importing untrained model
2026-08-14 01:20:44,469:INFO:K Neighbors Classifier Imported successfully
2026-08-14 01:20:44,475:INFO:Starting cross validation
2026-08-14 01:20:44,477:INFO:Cross validating with StratifiedKFold(n_splits=10, random_state=None, shuffle=False), n_jobs=-1
2026-08-14 01:20:45,107:INFO:Calculating mean and std
2026-08-14 01:20:45,108:INFO:Creating metrics dataframe
2026-08-14 01:20:45,110:INFO:Uploading results into container
2026-08-14 01:20:45,110:INFO:Uploading model into container now
2026-08-14 01:20:45,111:INFO:_master_model_container: 2
2026-08-14 01:20:45,111:INFO:_display_container: 2
2026-08-14 01:20:45,111:INFO:KNeighborsClassifier(algorithm='auto', leaf_size=30, metric='minkowski',
                     metric_params=None, n_jobs=-1, n_neighbors=5, p=2,
                     weights='uniform')
2026-08-14 01:20:45,111:INFO:create_model() successfully completed......................................
2026-08-14 01:20:45,261:INFO:SubProcess create_model() end ==================================
2026-08-14 01:20:45,261:INFO:Creating metrics dataframe
2026-08-14 01:20:45,270:INFO:Initializing Naive Bayes
2026-08-14 01:20:45,270:INFO:Total runtime is 0.0745237390200297 minutes
2026-08-14 01:20:45,273:INFO:SubProcess create_model() called ==================================
2026-08-14 01:20:45,273:INFO:Initializing create_model()
2026-08-14 01:20:45,273:INFO:create_model(self=<pycaret.classification.oop.ClassificationExperiment object at 0x79a044a3f760>, estimator=nb, fold=StratifiedKFold(n_splits=10, random_state=None, shuffle=False), round=4, cross_validation=True, predict=True, fit_kwargs={}, groups=None, refit=False, probability_threshold=None, experiment_custom_tags=None, verbose=False, system=False, add_to_model_list=True, metrics=None, display=<pycaret.internal.display.display.CommonDisplay object at 0x79a0448950c0>, model_only=True, return_train_score=False, error_score=0.0, kwargs={})
2026-08-14 01:20:45,273:INFO:Checking exceptions
2026-08-14 01:20:45,273:INFO:Importing libraries
2026-08-14 01:20:45,274:INFO:Copying training dataset
2026-08-14 01:20:45,281:INFO:Defining folds
2026-08-14 01:20:45,281:INFO:Declaring metric variables
2026-08-14 01:20:45,285:INFO:Importing untrained model
2026-08-14 01:20:45,289:INFO:Naive Bayes Imported successfully
2026-08-14 01:20:45,296:INFO:Starting cross validation
2026-08-14 01:20:45,299:INFO:Cross validating with StratifiedKFold(n_splits=10, random_state=None, shuffle=False), n_jobs=-1
2026-08-14 01:20:45,858:INFO:Calculating mean and std
2026-08-14 01:20:45,860:INFO:Creating metrics dataframe
2026-08-14 01:20:45,865:INFO:Uploading results into container
2026-08-14 01:20:45,865:INFO:Uploading model into container now
2026-08-14 01:20:45,866:INFO:_master_model_container: 3
2026-08-14 01:20:45,866:INFO:_display_container: 2
2026-08-14 01:20:45,866:INFO:GaussianNB(priors=None, var_smoothing=1e-09)
2026-08-14 01:20:45,866:INFO:create_model() successfully completed......................................
2026-08-14 01:20:46,067:INFO:SubProcess create_model() end ==================================
2026-08-14 01:20:46,067:INFO:Creating metrics dataframe
2026-08-14 01:20:46,075:INFO:Initializing Decision Tree Classifier
2026-08-14 01:20:46,075:INFO:Total runtime is 0.08793763319651286 minutes
2026-08-14 01:20:46,083:INFO:SubProcess create_model() called ==================================
2026-08-14 01:20:46,084:INFO:Initializing create_model()
2026-08-14 01:20:46,084:INFO:create_model(self=<pycaret.classification.oop.ClassificationExperiment object at 0x79a044a3f760>, estimator=dt, fold=StratifiedKFold(n_splits=10, random_state=None, shuffle=False), round=4, cross_validation=True, predict=True, fit_kwargs={}, groups=None, refit=False, probability_threshold=None, experiment_custom_tags=None, verbose=False, system=False, add_to_model_list=True, metrics=None, display=<pycaret.internal.display.display.CommonDisplay object at 0x79a0448950c0>, model_only=True, return_train_score=False, error_score=0.0, kwargs={})
2026-08-14 01:20:46,084:INFO:Checking exceptions
2026-08-14 01:20:46,084:INFO:Importing libraries
2026-08-14 01:20:46,084:INFO:Copying training dataset
2026-08-14 01:20:46,095:INFO:Defining folds
2026-08-14 01:20:46,095:INFO:Declaring metric variables
2026-08-14 01:20:46,100:INFO:Importing untrained model
2026-08-14 01:20:46,104:INFO:Decision Tree Classifier Imported successfully
2026-08-14 01:20:46,115:INFO:Starting cross validation
2026-08-14 01:20:46,119:INFO:Cross validating with StratifiedKFold(n_splits=10, random_state=None, shuffle=False), n_jobs=-1
2026-08-14 01:20:46,886:INFO:Calculating mean and std
2026-08-14 01:20:46,887:INFO:Creating metrics dataframe
2026-08-14 01:20:46,888:INFO:Uploading results into container
2026-08-14 01:20:46,889:INFO:Uploading model into container now
2026-08-14 01:20:46,889:INFO:_master_model_container: 4
2026-08-14 01:20:46,889:INFO:_display_container: 2
2026-08-14 01:20:46,890:INFO:DecisionTreeClassifier(ccp_alpha=0.0, class_weight=None, criterion='gini',
                       max_depth=None, max_features=None, max_leaf_nodes=None,
                       min_impurity_decrease=0.0, min_samples_leaf=1,
                       min_samples_split=2, min_weight_fraction_leaf=0.0,
                       monotonic_cst=None, random_state=123, splitter='best')
2026-08-14 01:20:46,890:INFO:create_model() successfully completed......................................
2026-08-14 01:20:47,051:INFO:SubProcess create_model() end ==================================
2026-08-14 01:20:47,051:INFO:Creating metrics dataframe
2026-08-14 01:20:47,060:INFO:Initializing SVM - Linear Kernel
2026-08-14 01:20:47,060:INFO:Total runtime is 0.10435631275177003 minutes
2026-08-14 01:20:47,065:INFO:SubProcess create_model() called ==================================
2026-08-14 01:20:47,066:INFO:Initializing create_model()
2026-08-14 01:20:47,066:INFO:create_model(self=<pycaret.classification.oop.ClassificationExperiment object at 0x79a044a3f760>, estimator=svm, fold=StratifiedKFold(n_splits=10, random_state=None, shuffle=False), round=4, cross_validation=True, predict=True, fit_kwargs={}, groups=None, refit=False, probability_threshold=None, experiment_custom_tags=None, verbose=False, system=False, add_to_model_list=True, metrics=None, display=<pycaret.internal.display.display.CommonDisplay object at 0x79a0448950c0>, model_only=True, return_train_score=False, error_score=0.0, kwargs={})
2026-08-14 01:20:47,066:INFO:Checking exceptions
2026-08-14 01:20:47,066:INFO:Importing libraries
2026-08-14 01:20:47,066:INFO:Copying training dataset
2026-08-14 01:20:47,072:INFO:Defining folds
2026-08-14 01:20:47,072:INFO:Declaring metric variables
2026-08-14 01:20:47,076:INFO:Importing untrained model
2026-08-14 01:20:47,081:INFO:SVM - Linear Kernel Imported successfully
2026-08-14 01:20:47,088:INFO:Starting cross validation
2026-08-14 01:20:47,091:INFO:Cross validating with StratifiedKFold(n_splits=10, random_state=None, shuffle=False), n_jobs=-1
2026-08-14 01:20:47,656:INFO:Calculating mean and std
2026-08-14 01:20:47,657:INFO:Creating metrics dataframe
2026-08-14 01:20:47,659:INFO:Uploading results into container
2026-08-14 01:20:47,660:INFO:Uploading model into container now
2026-08-14 01:20:47,660:INFO:_master_model_container: 5
2026-08-14 01:20:47,660:INFO:_display_container: 2
2026-08-14 01:20:47,661:INFO:SGDClassifier(alpha=0.0001, average=False, class_weight=None,
              early_stopping=False, epsilon=0.1, eta0=0.001, fit_intercept=True,
              l1_ratio=0.15, learning_rate='optimal', loss='hinge',
              max_iter=1000, n_iter_no_change=5, n_jobs=-1, penalty='l2',
              power_t=0.5, random_state=123, shuffle=True, tol=0.001,
              validation_fraction=0.1, verbose=0, warm_start=False)
2026-08-14 01:20:47,661:INFO:create_model() successfully completed......................................
2026-08-14 01:20:47,818:INFO:SubProcess create_model() end ==================================
2026-08-14 01:20:47,819:INFO:Creating metrics dataframe
2026-08-14 01:20:47,826:INFO:Initializing Ridge Classifier
2026-08-14 01:20:47,826:INFO:Total runtime is 0.11711720228195191 minutes
2026-08-14 01:20:47,829:INFO:SubProcess create_model() called ==================================
2026-08-14 01:20:47,830:INFO:Initializing create_model()
2026-08-14 01:20:47,830:INFO:create_model(self=<pycaret.classification.oop.ClassificationExperiment object at 0x79a044a3f760>, estimator=ridge, fold=StratifiedKFold(n_splits=10, random_state=None, shuffle=False), round=4, cross_validation=True, predict=True, fit_kwargs={}, groups=None, refit=False, probability_threshold=None, experiment_custom_tags=None, verbose=False, system=False, add_to_model_list=True, metrics=None, display=<pycaret.internal.display.display.CommonDisplay object at 0x79a0448950c0>, model_only=True, return_train_score=False, error_score=0.0, kwargs={})
2026-08-14 01:20:47,830:INFO:Checking exceptions
2026-08-14 01:20:47,830:INFO:Importing libraries
2026-08-14 01:20:47,830:INFO:Copying training dataset
2026-08-14 01:20:47,837:INFO:Defining folds
2026-08-14 01:20:47,837:INFO:Declaring metric variables
2026-08-14 01:20:47,840:INFO:Importing untrained model
2026-08-14 01:20:47,844:INFO:Ridge Classifier Imported successfully
2026-08-14 01:20:47,851:INFO:Starting cross validation
2026-08-14 01:20:47,854:INFO:Cross validating with StratifiedKFold(n_splits=10, random_state=None, shuffle=False), n_jobs=-1
2026-08-14 01:20:48,371:INFO:Calculating mean and std
2026-08-14 01:20:48,372:INFO:Creating metrics dataframe
2026-08-14 01:20:48,374:INFO:Uploading results into container
2026-08-14 01:20:48,374:INFO:Uploading model into container now
2026-08-14 01:20:48,375:INFO:_master_model_container: 6
2026-08-14 01:20:48,375:INFO:_display_container: 2
2026-08-14 01:20:48,375:INFO:RidgeClassifier(alpha=1.0, class_weight=None, copy_X=True, fit_intercept=True,
                max_iter=None, positive=False, random_state=123, solver='auto',
                tol=0.0001)
2026-08-14 01:20:48,375:INFO:create_model() successfully completed......................................
2026-08-14 01:20:48,536:INFO:SubProcess create_model() end ==================================
2026-08-14 01:20:48,537:INFO:Creating metrics dataframe
2026-08-14 01:20:48,547:INFO:Initializing Random Forest Classifier
2026-08-14 01:20:48,547:INFO:Total runtime is 0.12913343111673992 minutes
2026-08-14 01:20:48,550:INFO:SubProcess create_model() called ==================================
2026-08-14 01:20:48,551:INFO:Initializing create_model()
2026-08-14 01:20:48,551:INFO:create_model(self=<pycaret.classification.oop.ClassificationExperiment object at 0x79a044a3f760>, estimator=rf, fold=StratifiedKFold(n_splits=10, random_state=None, shuffle=False), round=4, cross_validation=True, predict=True, fit_kwargs={}, groups=None, refit=False, probability_threshold=None, experiment_custom_tags=None, verbose=False, system=False, add_to_model_list=True, metrics=None, display=<pycaret.internal.display.display.CommonDisplay object at 0x79a0448950c0>, model_only=True, return_train_score=False, error_score=0.0, kwargs={})
2026-08-14 01:20:48,551:INFO:Checking exceptions
2026-08-14 01:20:48,551:INFO:Importing libraries
2026-08-14 01:20:48,551:INFO:Copying training dataset
2026-08-14 01:20:48,557:INFO:Defining folds
2026-08-14 01:20:48,557:INFO:Declaring metric variables
2026-08-14 01:20:48,562:INFO:Importing untrained model
2026-08-14 01:20:48,575:INFO:Random Forest Classifier Imported successfully
2026-08-14 01:20:48,590:INFO:Starting cross validation
2026-08-14 01:20:48,594:INFO:Cross validating with StratifiedKFold(n_splits=10, random_state=None, shuffle=False), n_jobs=-1
2026-08-14 01:20:50,720:WARNING:/home/murtaza-ali/anaconda3/envs/pycaret_env/lib/python3.10/site-packages/sklearn/metrics/_classification.py:1509: UndefinedMetricWarning: Precision is ill-defined and being set to 0.0 due to no predicted samples. Use `zero_division` parameter to control this behavior.
  _warn_prf(average, modifier, f"{metric.capitalize()} is", len(result))

2026-08-14 01:20:51,679:INFO:Calculating mean and std
2026-08-14 01:20:51,680:INFO:Creating metrics dataframe
2026-08-14 01:20:51,683:INFO:Uploading results into container
2026-08-14 01:20:51,683:INFO:Uploading model into container now
2026-08-14 01:20:51,684:INFO:_master_model_container: 7
2026-08-14 01:20:51,684:INFO:_display_container: 2
2026-08-14 01:20:51,685:INFO:RandomForestClassifier(bootstrap=True, ccp_alpha=0.0, class_weight=None,
                       criterion='gini', max_depth=None, max_features='sqrt',
                       max_leaf_nodes=None, max_samples=None,
                       min_impurity_decrease=0.0, min_samples_leaf=1,
                       min_samples_split=2, min_weight_fraction_leaf=0.0,
                       monotonic_cst=None, n_estimators=100, n_jobs=-1,
                       oob_score=False, random_state=123, verbose=0,
                       warm_start=False)
2026-08-14 01:20:51,685:INFO:create_model() successfully completed......................................
2026-08-14 01:20:51,849:INFO:SubProcess create_model() end ==================================
2026-08-14 01:20:51,850:INFO:Creating metrics dataframe
2026-08-14 01:20:51,859:INFO:Initializing Quadratic Discriminant Analysis
2026-08-14 01:20:51,859:INFO:Total runtime is 0.18433078130086264 minutes
2026-08-14 01:20:51,862:INFO:SubProcess create_model() called ==================================
2026-08-14 01:20:51,862:INFO:Initializing create_model()
2026-08-14 01:20:51,862:INFO:create_model(self=<pycaret.classification.oop.ClassificationExperiment object at 0x79a044a3f760>, estimator=qda, fold=StratifiedKFold(n_splits=10, random_state=None, shuffle=False), round=4, cross_validation=True, predict=True, fit_kwargs={}, groups=None, refit=False, probability_threshold=None, experiment_custom_tags=None, verbose=False, system=False, add_to_model_list=True, metrics=None, display=<pycaret.internal.display.display.CommonDisplay object at 0x79a0448950c0>, model_only=True, return_train_score=False, error_score=0.0, kwargs={})
2026-08-14 01:20:51,862:INFO:Checking exceptions
2026-08-14 01:20:51,862:INFO:Importing libraries
2026-08-14 01:20:51,862:INFO:Copying training dataset
2026-08-14 01:20:51,873:INFO:Defining folds
2026-08-14 01:20:51,873:INFO:Declaring metric variables
2026-08-14 01:20:51,878:INFO:Importing untrained model
2026-08-14 01:20:51,883:INFO:Quadratic Discriminant Analysis Imported successfully
2026-08-14 01:20:51,892:INFO:Starting cross validation
2026-08-14 01:20:51,896:INFO:Cross validating with StratifiedKFold(n_splits=10, random_state=None, shuffle=False), n_jobs=-1
2026-08-14 01:20:52,156:WARNING:/home/murtaza-ali/anaconda3/envs/pycaret_env/lib/python3.10/site-packages/sklearn/discriminant_analysis.py:935: UserWarning: Variables are collinear
  warnings.warn("Variables are collinear")

2026-08-14 01:20:52,159:WARNING:/home/murtaza-ali/anaconda3/envs/pycaret_env/lib/python3.10/site-packages/sklearn/discriminant_analysis.py:935: UserWarning: Variables are collinear
  warnings.warn("Variables are collinear")

2026-08-14 01:20:52,160:WARNING:/home/murtaza-ali/anaconda3/envs/pycaret_env/lib/python3.10/site-packages/sklearn/discriminant_analysis.py:935: UserWarning: Variables are collinear
  warnings.warn("Variables are collinear")

2026-08-14 01:20:52,173:WARNING:/home/murtaza-ali/anaconda3/envs/pycaret_env/lib/python3.10/site-packages/sklearn/discriminant_analysis.py:935: UserWarning: Variables are collinear
  warnings.warn("Variables are collinear")

2026-08-14 01:20:52,184:WARNING:/home/murtaza-ali/anaconda3/envs/pycaret_env/lib/python3.10/site-packages/sklearn/discriminant_analysis.py:935: UserWarning: Variables are collinear
  warnings.warn("Variables are collinear")

2026-08-14 01:20:52,184:WARNING:/home/murtaza-ali/anaconda3/envs/pycaret_env/lib/python3.10/site-packages/sklearn/discriminant_analysis.py:935: UserWarning: Variables are collinear
  warnings.warn("Variables are collinear")

2026-08-14 01:20:52,197:WARNING:/home/murtaza-ali/anaconda3/envs/pycaret_env/lib/python3.10/site-packages/sklearn/discriminant_analysis.py:935: UserWarning: Variables are collinear
  warnings.warn("Variables are collinear")

2026-08-14 01:20:52,231:WARNING:/home/murtaza-ali/anaconda3/envs/pycaret_env/lib/python3.10/site-packages/sklearn/discriminant_analysis.py:935: UserWarning: Variables are collinear
  warnings.warn("Variables are collinear")

2026-08-14 01:20:52,427:WARNING:/home/murtaza-ali/anaconda3/envs/pycaret_env/lib/python3.10/site-packages/sklearn/discriminant_analysis.py:935: UserWarning: Variables are collinear
  warnings.warn("Variables are collinear")

2026-08-14 01:20:52,436:WARNING:/home/murtaza-ali/anaconda3/envs/pycaret_env/lib/python3.10/site-packages/sklearn/discriminant_analysis.py:935: UserWarning: Variables are collinear
  warnings.warn("Variables are collinear")

2026-08-14 01:20:52,496:INFO:Calculating mean and std
2026-08-14 01:20:52,497:INFO:Creating metrics dataframe
2026-08-14 01:20:52,499:INFO:Uploading results into container
2026-08-14 01:20:52,499:INFO:Uploading model into container now
2026-08-14 01:20:52,499:INFO:_master_model_container: 8
2026-08-14 01:20:52,499:INFO:_display_container: 2
2026-08-14 01:20:52,500:INFO:QuadraticDiscriminantAnalysis(priors=None, reg_param=0.0,
                              store_covariance=False, tol=0.0001)
2026-08-14 01:20:52,500:INFO:create_model() successfully completed......................................
2026-08-14 01:20:52,667:INFO:SubProcess create_model() end ==================================
2026-08-14 01:20:52,667:INFO:Creating metrics dataframe
2026-08-14 01:20:52,677:INFO:Initializing Ada Boost Classifier
2026-08-14 01:20:52,677:INFO:Total runtime is 0.1979627331097921 minutes
2026-08-14 01:20:52,680:INFO:SubProcess create_model() called ==================================
2026-08-14 01:20:52,680:INFO:Initializing create_model()
2026-08-14 01:20:52,680:INFO:create_model(self=<pycaret.classification.oop.ClassificationExperiment object at 0x79a044a3f760>, estimator=ada, fold=StratifiedKFold(n_splits=10, random_state=None, shuffle=False), round=4, cross_validation=True, predict=True, fit_kwargs={}, groups=None, refit=False, probability_threshold=None, experiment_custom_tags=None, verbose=False, system=False, add_to_model_list=True, metrics=None, display=<pycaret.internal.display.display.CommonDisplay object at 0x79a0448950c0>, model_only=True, return_train_score=False, error_score=0.0, kwargs={})
2026-08-14 01:20:52,680:INFO:Checking exceptions
2026-08-14 01:20:52,680:INFO:Importing libraries
2026-08-14 01:20:52,680:INFO:Copying training dataset
2026-08-14 01:20:52,689:INFO:Defining folds
2026-08-14 01:20:52,689:INFO:Declaring metric variables
2026-08-14 01:20:52,693:INFO:Importing untrained model
2026-08-14 01:20:52,697:INFO:Ada Boost Classifier Imported successfully
2026-08-14 01:20:52,705:INFO:Starting cross validation
2026-08-14 01:20:52,708:INFO:Cross validating with StratifiedKFold(n_splits=10, random_state=None, shuffle=False), n_jobs=-1
2026-08-14 01:20:52,969:WARNING:/home/murtaza-ali/anaconda3/envs/pycaret_env/lib/python3.10/site-packages/sklearn/ensemble/_weight_boosting.py:519: FutureWarning: The SAMME.R algorithm (the default) is deprecated and will be removed in 1.6. Use the SAMME algorithm to circumvent this warning.
  warnings.warn(

2026-08-14 01:20:52,973:WARNING:/home/murtaza-ali/anaconda3/envs/pycaret_env/lib/python3.10/site-packages/sklearn/ensemble/_weight_boosting.py:519: FutureWarning: The SAMME.R algorithm (the default) is deprecated and will be removed in 1.6. Use the SAMME algorithm to circumvent this warning.
  warnings.warn(

2026-08-14 01:20:52,984:WARNING:/home/murtaza-ali/anaconda3/envs/pycaret_env/lib/python3.10/site-packages/sklearn/ensemble/_weight_boosting.py:519: FutureWarning: The SAMME.R algorithm (the default) is deprecated and will be removed in 1.6. Use the SAMME algorithm to circumvent this warning.
  warnings.warn(

2026-08-14 01:20:52,989:WARNING:/home/murtaza-ali/anaconda3/envs/pycaret_env/lib/python3.10/site-packages/sklearn/ensemble/_weight_boosting.py:519: FutureWarning: The SAMME.R algorithm (the default) is deprecated and will be removed in 1.6. Use the SAMME algorithm to circumvent this warning.
  warnings.warn(

2026-08-14 01:20:53,002:WARNING:/home/murtaza-ali/anaconda3/envs/pycaret_env/lib/python3.10/site-packages/sklearn/ensemble/_weight_boosting.py:519: FutureWarning: The SAMME.R algorithm (the default) is deprecated and will be removed in 1.6. Use the SAMME algorithm to circumvent this warning.
  warnings.warn(

2026-08-14 01:20:53,031:WARNING:/home/murtaza-ali/anaconda3/envs/pycaret_env/lib/python3.10/site-packages/sklearn/ensemble/_weight_boosting.py:519: FutureWarning: The SAMME.R algorithm (the default) is deprecated and will be removed in 1.6. Use the SAMME algorithm to circumvent this warning.
  warnings.warn(

2026-08-14 01:20:53,032:WARNING:/home/murtaza-ali/anaconda3/envs/pycaret_env/lib/python3.10/site-packages/sklearn/ensemble/_weight_boosting.py:519: FutureWarning: The SAMME.R algorithm (the default) is deprecated and will be removed in 1.6. Use the SAMME algorithm to circumvent this warning.
  warnings.warn(

2026-08-14 01:20:53,069:WARNING:/home/murtaza-ali/anaconda3/envs/pycaret_env/lib/python3.10/site-packages/sklearn/ensemble/_weight_boosting.py:519: FutureWarning: The SAMME.R algorithm (the default) is deprecated and will be removed in 1.6. Use the SAMME algorithm to circumvent this warning.
  warnings.warn(

2026-08-14 01:20:54,282:WARNING:/home/murtaza-ali/anaconda3/envs/pycaret_env/lib/python3.10/site-packages/sklearn/ensemble/_weight_boosting.py:519: FutureWarning: The SAMME.R algorithm (the default) is deprecated and will be removed in 1.6. Use the SAMME algorithm to circumvent this warning.
  warnings.warn(

2026-08-14 01:20:54,291:WARNING:/home/murtaza-ali/anaconda3/envs/pycaret_env/lib/python3.10/site-packages/sklearn/ensemble/_weight_boosting.py:519: FutureWarning: The SAMME.R algorithm (the default) is deprecated and will be removed in 1.6. Use the SAMME algorithm to circumvent this warning.
  warnings.warn(

2026-08-14 01:20:54,983:INFO:Calculating mean and std
2026-08-14 01:20:54,984:INFO:Creating metrics dataframe
2026-08-14 01:20:54,986:INFO:Uploading results into container
2026-08-14 01:20:54,987:INFO:Uploading model into container now
2026-08-14 01:20:54,987:INFO:_master_model_container: 9
2026-08-14 01:20:54,987:INFO:_display_container: 2
2026-08-14 01:20:54,987:INFO:AdaBoostClassifier(algorithm='SAMME.R', estimator=None, learning_rate=1.0,
                   n_estimators=50, random_state=123)
2026-08-14 01:20:54,987:INFO:create_model() successfully completed......................................
2026-08-14 01:20:55,141:INFO:SubProcess create_model() end ==================================
2026-08-14 01:20:55,141:INFO:Creating metrics dataframe
2026-08-14 01:20:55,151:INFO:Initializing Gradient Boosting Classifier
2026-08-14 01:20:55,151:INFO:Total runtime is 0.2392061471939087 minutes
2026-08-14 01:20:55,154:INFO:SubProcess create_model() called ==================================
2026-08-14 01:20:55,155:INFO:Initializing create_model()
2026-08-14 01:20:55,155:INFO:create_model(self=<pycaret.classification.oop.ClassificationExperiment object at 0x79a044a3f760>, estimator=gbc, fold=StratifiedKFold(n_splits=10, random_state=None, shuffle=False), round=4, cross_validation=True, predict=True, fit_kwargs={}, groups=None, refit=False, probability_threshold=None, experiment_custom_tags=None, verbose=False, system=False, add_to_model_list=True, metrics=None, display=<pycaret.internal.display.display.CommonDisplay object at 0x79a0448950c0>, model_only=True, return_train_score=False, error_score=0.0, kwargs={})
2026-08-14 01:20:55,155:INFO:Checking exceptions
2026-08-14 01:20:55,155:INFO:Importing libraries
2026-08-14 01:20:55,155:INFO:Copying training dataset
2026-08-14 01:20:55,162:INFO:Defining folds
2026-08-14 01:20:55,162:INFO:Declaring metric variables
2026-08-14 01:20:55,166:INFO:Importing untrained model
2026-08-14 01:20:55,170:INFO:Gradient Boosting Classifier Imported successfully
2026-08-14 01:20:55,177:INFO:Starting cross validation
2026-08-14 01:20:55,180:INFO:Cross validating with StratifiedKFold(n_splits=10, random_state=None, shuffle=False), n_jobs=-1
2026-08-14 01:21:03,804:INFO:Calculating mean and std
2026-08-14 01:21:03,805:INFO:Creating metrics dataframe
2026-08-14 01:21:03,806:INFO:Uploading results into container
2026-08-14 01:21:03,807:INFO:Uploading model into container now
2026-08-14 01:21:03,807:INFO:_master_model_container: 10
2026-08-14 01:21:03,807:INFO:_display_container: 2
2026-08-14 01:21:03,808:INFO:GradientBoostingClassifier(ccp_alpha=0.0, criterion='friedman_mse', init=None,
                           learning_rate=0.1, loss='log_loss', max_depth=3,
                           max_features=None, max_leaf_nodes=None,
                           min_impurity_decrease=0.0, min_samples_leaf=1,
                           min_samples_split=2, min_weight_fraction_leaf=0.0,
                           n_estimators=100, n_iter_no_change=None,
                           random_state=123, subsample=1.0, tol=0.0001,
                           validation_fraction=0.1, verbose=0,
                           warm_start=False)
2026-08-14 01:21:03,808:INFO:create_model() successfully completed......................................
2026-08-14 01:21:03,961:INFO:SubProcess create_model() end ==================================
2026-08-14 01:21:03,961:INFO:Creating metrics dataframe
2026-08-14 01:21:03,970:INFO:Initializing Linear Discriminant Analysis
2026-08-14 01:21:03,970:INFO:Total runtime is 0.3861838817596436 minutes
2026-08-14 01:21:03,973:INFO:SubProcess create_model() called ==================================
2026-08-14 01:21:03,974:INFO:Initializing create_model()
2026-08-14 01:21:03,974:INFO:create_model(self=<pycaret.classification.oop.ClassificationExperiment object at 0x79a044a3f760>, estimator=lda, fold=StratifiedKFold(n_splits=10, random_state=None, shuffle=False), round=4, cross_validation=True, predict=True, fit_kwargs={}, groups=None, refit=False, probability_threshold=None, experiment_custom_tags=None, verbose=False, system=False, add_to_model_list=True, metrics=None, display=<pycaret.internal.display.display.CommonDisplay object at 0x79a0448950c0>, model_only=True, return_train_score=False, error_score=0.0, kwargs={})
2026-08-14 01:21:03,974:INFO:Checking exceptions
2026-08-14 01:21:03,974:INFO:Importing libraries
2026-08-14 01:21:03,974:INFO:Copying training dataset
2026-08-14 01:21:03,981:INFO:Defining folds
2026-08-14 01:21:03,981:INFO:Declaring metric variables
2026-08-14 01:21:03,985:INFO:Importing untrained model
2026-08-14 01:21:03,989:INFO:Linear Discriminant Analysis Imported successfully
2026-08-14 01:21:03,996:INFO:Starting cross validation
2026-08-14 01:21:03,998:INFO:Cross validating with StratifiedKFold(n_splits=10, random_state=None, shuffle=False), n_jobs=-1
2026-08-14 01:21:04,588:INFO:Calculating mean and std
2026-08-14 01:21:04,589:INFO:Creating metrics dataframe
2026-08-14 01:21:04,591:INFO:Uploading results into container
2026-08-14 01:21:04,592:INFO:Uploading model into container now
2026-08-14 01:21:04,592:INFO:_master_model_container: 11
2026-08-14 01:21:04,592:INFO:_display_container: 2
2026-08-14 01:21:04,592:INFO:LinearDiscriminantAnalysis(covariance_estimator=None, n_components=None,
                           priors=None, shrinkage=None, solver='svd',
                           store_covariance=False, tol=0.0001)
2026-08-14 01:21:04,592:INFO:create_model() successfully completed......................................
2026-08-14 01:21:04,752:INFO:SubProcess create_model() end ==================================
2026-08-14 01:21:04,752:INFO:Creating metrics dataframe
2026-08-14 01:21:04,761:INFO:Initializing Extra Trees Classifier
2026-08-14 01:21:04,761:INFO:Total runtime is 0.3993741035461426 minutes
2026-08-14 01:21:04,764:INFO:SubProcess create_model() called ==================================
2026-08-14 01:21:04,765:INFO:Initializing create_model()
2026-08-14 01:21:04,765:INFO:create_model(self=<pycaret.classification.oop.ClassificationExperiment object at 0x79a044a3f760>, estimator=et, fold=StratifiedKFold(n_splits=10, random_state=None, shuffle=False), round=4, cross_validation=True, predict=True, fit_kwargs={}, groups=None, refit=False, probability_threshold=None, experiment_custom_tags=None, verbose=False, system=False, add_to_model_list=True, metrics=None, display=<pycaret.internal.display.display.CommonDisplay object at 0x79a0448950c0>, model_only=True, return_train_score=False, error_score=0.0, kwargs={})
2026-08-14 01:21:04,765:INFO:Checking exceptions
2026-08-14 01:21:04,765:INFO:Importing libraries
2026-08-14 01:21:04,765:INFO:Copying training dataset
2026-08-14 01:21:04,775:INFO:Defining folds
2026-08-14 01:21:04,775:INFO:Declaring metric variables
2026-08-14 01:21:04,778:INFO:Importing untrained model
2026-08-14 01:21:04,782:INFO:Extra Trees Classifier Imported successfully
2026-08-14 01:21:04,791:INFO:Starting cross validation
2026-08-14 01:21:04,795:INFO:Cross validating with StratifiedKFold(n_splits=10, random_state=None, shuffle=False), n_jobs=-1
2026-08-14 01:21:06,758:INFO:Calculating mean and std
2026-08-14 01:21:06,759:INFO:Creating metrics dataframe
2026-08-14 01:21:06,762:INFO:Uploading results into container
2026-08-14 01:21:06,762:INFO:Uploading model into container now
2026-08-14 01:21:06,762:INFO:_master_model_container: 12
2026-08-14 01:21:06,763:INFO:_display_container: 2
2026-08-14 01:21:06,763:INFO:ExtraTreesClassifier(bootstrap=False, ccp_alpha=0.0, class_weight=None,
                     criterion='gini', max_depth=None, max_features='sqrt',
                     max_leaf_nodes=None, max_samples=None,
                     min_impurity_decrease=0.0, min_samples_leaf=1,
                     min_samples_split=2, min_weight_fraction_leaf=0.0,
                     monotonic_cst=None, n_estimators=100, n_jobs=-1,
                     oob_score=False, random_state=123, verbose=0,
                     warm_start=False)
2026-08-14 01:21:06,764:INFO:create_model() successfully completed......................................
2026-08-14 01:21:06,927:INFO:SubProcess create_model() end ==================================
2026-08-14 01:21:06,927:INFO:Creating metrics dataframe
2026-08-14 01:21:06,935:INFO:Initializing Light Gradient Boosting Machine
2026-08-14 01:21:06,936:INFO:Total runtime is 0.435610576470693 minutes
2026-08-14 01:21:06,939:INFO:SubProcess create_model() called ==================================
2026-08-14 01:21:06,939:INFO:Initializing create_model()
2026-08-14 01:21:06,939:INFO:create_model(self=<pycaret.classification.oop.ClassificationExperiment object at 0x79a044a3f760>, estimator=lightgbm, fold=StratifiedKFold(n_splits=10, random_state=None, shuffle=False), round=4, cross_validation=True, predict=True, fit_kwargs={}, groups=None, refit=False, probability_threshold=None, experiment_custom_tags=None, verbose=False, system=False, add_to_model_list=True, metrics=None, display=<pycaret.internal.display.display.CommonDisplay object at 0x79a0448950c0>, model_only=True, return_train_score=False, error_score=0.0, kwargs={})
2026-08-14 01:21:06,939:INFO:Checking exceptions
2026-08-14 01:21:06,939:INFO:Importing libraries
2026-08-14 01:21:06,939:INFO:Copying training dataset
2026-08-14 01:21:06,946:INFO:Defining folds
2026-08-14 01:21:06,946:INFO:Declaring metric variables
2026-08-14 01:21:06,949:INFO:Importing untrained model
2026-08-14 01:21:06,954:INFO:Light Gradient Boosting Machine Imported successfully
2026-08-14 01:21:06,961:INFO:Starting cross validation
2026-08-14 01:21:06,963:INFO:Cross validating with StratifiedKFold(n_splits=10, random_state=None, shuffle=False), n_jobs=-1
2026-08-14 01:32:45,092:INFO:Initializing compare_models()
2026-08-14 01:32:45,092:INFO:compare_models(self=<pycaret.classification.oop.ClassificationExperiment object at 0x79a044a3f760>, include=['rf', 'dt', 'et', 'gbc'], fold=None, round=4, cross_validation=True, sort=Accuracy, n_select=1, budget_time=None, turbo=True, errors=ignore, fit_kwargs=None, groups=None, experiment_custom_tags=None, probability_threshold=None, verbose=True, parallel=None, caller_params={'self': <pycaret.classification.oop.ClassificationExperiment object at 0x79a044a3f760>, 'include': ['rf', 'dt', 'et', 'gbc'], 'exclude': None, 'fold': None, 'round': 4, 'cross_validation': True, 'sort': 'Accuracy', 'n_select': 1, 'budget_time': None, 'turbo': True, 'errors': 'ignore', 'fit_kwargs': None, 'groups': None, 'experiment_custom_tags': None, 'probability_threshold': None, 'engine': None, 'verbose': True, 'parallel': None, '__class__': <class 'pycaret.classification.oop.ClassificationExperiment'>}, exclude=None)
2026-08-14 01:32:45,092:INFO:Checking exceptions
2026-08-14 01:32:45,096:INFO:Preparing display monitor
2026-08-14 01:32:45,117:INFO:Initializing Random Forest Classifier
2026-08-14 01:32:45,117:INFO:Total runtime is 5.265076955159505e-06 minutes
2026-08-14 01:32:45,123:INFO:SubProcess create_model() called ==================================
2026-08-14 01:32:45,123:INFO:Initializing create_model()
2026-08-14 01:32:45,124:INFO:create_model(self=<pycaret.classification.oop.ClassificationExperiment object at 0x79a044a3f760>, estimator=rf, fold=StratifiedKFold(n_splits=10, random_state=None, shuffle=False), round=4, cross_validation=True, predict=True, fit_kwargs={}, groups=None, refit=False, probability_threshold=None, experiment_custom_tags=None, verbose=False, system=False, add_to_model_list=True, metrics=None, display=<pycaret.internal.display.display.CommonDisplay object at 0x79a044259060>, model_only=True, return_train_score=False, error_score=0.0, kwargs={})
2026-08-14 01:32:45,124:INFO:Checking exceptions
2026-08-14 01:32:45,124:INFO:Importing libraries
2026-08-14 01:32:45,125:INFO:Copying training dataset
2026-08-14 01:32:45,132:INFO:Defining folds
2026-08-14 01:32:45,132:INFO:Declaring metric variables
2026-08-14 01:32:45,136:INFO:Importing untrained model
2026-08-14 01:32:45,142:INFO:Random Forest Classifier Imported successfully
2026-08-14 01:32:45,156:INFO:Starting cross validation
2026-08-14 01:32:45,162:INFO:Cross validating with StratifiedKFold(n_splits=10, random_state=None, shuffle=False), n_jobs=-1
2026-08-14 01:32:48,337:WARNING:/home/murtaza-ali/anaconda3/envs/pycaret_env/lib/python3.10/site-packages/_distutils_hack/__init__.py:30: UserWarning: Setuptools is replacing distutils. Support for replacing an already imported distutils is deprecated. In the future, this condition will fail. Register concerns at https://github.com/pypa/setuptools/issues/new?template=distutils-deprecation.yml
  warnings.warn(

2026-08-14 01:32:48,343:WARNING:/home/murtaza-ali/anaconda3/envs/pycaret_env/lib/python3.10/site-packages/_distutils_hack/__init__.py:30: UserWarning: Setuptools is replacing distutils. Support for replacing an already imported distutils is deprecated. In the future, this condition will fail. Register concerns at https://github.com/pypa/setuptools/issues/new?template=distutils-deprecation.yml
  warnings.warn(

2026-08-14 01:32:48,357:WARNING:/home/murtaza-ali/anaconda3/envs/pycaret_env/lib/python3.10/site-packages/_distutils_hack/__init__.py:30: UserWarning: Setuptools is replacing distutils. Support for replacing an already imported distutils is deprecated. In the future, this condition will fail. Register concerns at https://github.com/pypa/setuptools/issues/new?template=distutils-deprecation.yml
  warnings.warn(

2026-08-14 01:32:48,381:WARNING:/home/murtaza-ali/anaconda3/envs/pycaret_env/lib/python3.10/site-packages/_distutils_hack/__init__.py:30: UserWarning: Setuptools is replacing distutils. Support for replacing an already imported distutils is deprecated. In the future, this condition will fail. Register concerns at https://github.com/pypa/setuptools/issues/new?template=distutils-deprecation.yml
  warnings.warn(

2026-08-14 01:32:48,412:WARNING:/home/murtaza-ali/anaconda3/envs/pycaret_env/lib/python3.10/site-packages/_distutils_hack/__init__.py:30: UserWarning: Setuptools is replacing distutils. Support for replacing an already imported distutils is deprecated. In the future, this condition will fail. Register concerns at https://github.com/pypa/setuptools/issues/new?template=distutils-deprecation.yml
  warnings.warn(

2026-08-14 01:32:48,420:WARNING:/home/murtaza-ali/anaconda3/envs/pycaret_env/lib/python3.10/site-packages/_distutils_hack/__init__.py:30: UserWarning: Setuptools is replacing distutils. Support for replacing an already imported distutils is deprecated. In the future, this condition will fail. Register concerns at https://github.com/pypa/setuptools/issues/new?template=distutils-deprecation.yml
  warnings.warn(

2026-08-14 01:32:48,421:WARNING:/home/murtaza-ali/anaconda3/envs/pycaret_env/lib/python3.10/site-packages/_distutils_hack/__init__.py:30: UserWarning: Setuptools is replacing distutils. Support for replacing an already imported distutils is deprecated. In the future, this condition will fail. Register concerns at https://github.com/pypa/setuptools/issues/new?template=distutils-deprecation.yml
  warnings.warn(

2026-08-14 01:32:48,441:WARNING:/home/murtaza-ali/anaconda3/envs/pycaret_env/lib/python3.10/site-packages/_distutils_hack/__init__.py:30: UserWarning: Setuptools is replacing distutils. Support for replacing an already imported distutils is deprecated. In the future, this condition will fail. Register concerns at https://github.com/pypa/setuptools/issues/new?template=distutils-deprecation.yml
  warnings.warn(

2026-08-14 01:32:50,883:WARNING:/home/murtaza-ali/anaconda3/envs/pycaret_env/lib/python3.10/site-packages/sklearn/metrics/_classification.py:1509: UndefinedMetricWarning: Precision is ill-defined and being set to 0.0 due to no predicted samples. Use `zero_division` parameter to control this behavior.
  _warn_prf(average, modifier, f"{metric.capitalize()} is", len(result))

2026-08-14 01:32:51,914:INFO:Calculating mean and std
2026-08-14 01:32:51,915:INFO:Creating metrics dataframe
2026-08-14 01:32:51,917:INFO:Uploading results into container
2026-08-14 01:32:51,918:INFO:Uploading model into container now
2026-08-14 01:32:51,918:INFO:_master_model_container: 13
2026-08-14 01:32:51,918:INFO:_display_container: 2
2026-08-14 01:32:51,919:INFO:RandomForestClassifier(bootstrap=True, ccp_alpha=0.0, class_weight=None,
                       criterion='gini', max_depth=None, max_features='sqrt',
                       max_leaf_nodes=None, max_samples=None,
                       min_impurity_decrease=0.0, min_samples_leaf=1,
                       min_samples_split=2, min_weight_fraction_leaf=0.0,
                       monotonic_cst=None, n_estimators=100, n_jobs=-1,
                       oob_score=False, random_state=123, verbose=0,
                       warm_start=False)
2026-08-14 01:32:51,919:INFO:create_model() successfully completed......................................
2026-08-14 01:32:52,113:INFO:SubProcess create_model() end ==================================
2026-08-14 01:32:52,113:INFO:Creating metrics dataframe
2026-08-14 01:32:52,120:INFO:Initializing Decision Tree Classifier
2026-08-14 01:32:52,120:INFO:Total runtime is 0.11671506961186727 minutes
2026-08-14 01:32:52,124:INFO:SubProcess create_model() called ==================================
2026-08-14 01:32:52,124:INFO:Initializing create_model()
2026-08-14 01:32:52,124:INFO:create_model(self=<pycaret.classification.oop.ClassificationExperiment object at 0x79a044a3f760>, estimator=dt, fold=StratifiedKFold(n_splits=10, random_state=None, shuffle=False), round=4, cross_validation=True, predict=True, fit_kwargs={}, groups=None, refit=False, probability_threshold=None, experiment_custom_tags=None, verbose=False, system=False, add_to_model_list=True, metrics=None, display=<pycaret.internal.display.display.CommonDisplay object at 0x79a044259060>, model_only=True, return_train_score=False, error_score=0.0, kwargs={})
2026-08-14 01:32:52,124:INFO:Checking exceptions
2026-08-14 01:32:52,125:INFO:Importing libraries
2026-08-14 01:32:52,125:INFO:Copying training dataset
2026-08-14 01:32:52,132:INFO:Defining folds
2026-08-14 01:32:52,132:INFO:Declaring metric variables
2026-08-14 01:32:52,136:INFO:Importing untrained model
2026-08-14 01:32:52,140:INFO:Decision Tree Classifier Imported successfully
2026-08-14 01:32:52,147:INFO:Starting cross validation
2026-08-14 01:32:52,149:INFO:Cross validating with StratifiedKFold(n_splits=10, random_state=None, shuffle=False), n_jobs=-1
2026-08-14 01:32:53,026:INFO:Calculating mean and std
2026-08-14 01:32:53,027:INFO:Creating metrics dataframe
2026-08-14 01:32:53,029:INFO:Uploading results into container
2026-08-14 01:32:53,029:INFO:Uploading model into container now
2026-08-14 01:32:53,030:INFO:_master_model_container: 14
2026-08-14 01:32:53,030:INFO:_display_container: 2
2026-08-14 01:32:53,030:INFO:DecisionTreeClassifier(ccp_alpha=0.0, class_weight=None, criterion='gini',
                       max_depth=None, max_features=None, max_leaf_nodes=None,
                       min_impurity_decrease=0.0, min_samples_leaf=1,
                       min_samples_split=2, min_weight_fraction_leaf=0.0,
                       monotonic_cst=None, random_state=123, splitter='best')
2026-08-14 01:32:53,030:INFO:create_model() successfully completed......................................
2026-08-14 01:32:53,204:INFO:SubProcess create_model() end ==================================
2026-08-14 01:32:53,205:INFO:Creating metrics dataframe
2026-08-14 01:32:53,213:INFO:Initializing Extra Trees Classifier
2026-08-14 01:32:53,213:INFO:Total runtime is 0.13493431806564332 minutes
2026-08-14 01:32:53,217:INFO:SubProcess create_model() called ==================================
2026-08-14 01:32:53,217:INFO:Initializing create_model()
2026-08-14 01:32:53,217:INFO:create_model(self=<pycaret.classification.oop.ClassificationExperiment object at 0x79a044a3f760>, estimator=et, fold=StratifiedKFold(n_splits=10, random_state=None, shuffle=False), round=4, cross_validation=True, predict=True, fit_kwargs={}, groups=None, refit=False, probability_threshold=None, experiment_custom_tags=None, verbose=False, system=False, add_to_model_list=True, metrics=None, display=<pycaret.internal.display.display.CommonDisplay object at 0x79a044259060>, model_only=True, return_train_score=False, error_score=0.0, kwargs={})
2026-08-14 01:32:53,217:INFO:Checking exceptions
2026-08-14 01:32:53,217:INFO:Importing libraries
2026-08-14 01:32:53,217:INFO:Copying training dataset
2026-08-14 01:32:53,224:INFO:Defining folds
2026-08-14 01:32:53,224:INFO:Declaring metric variables
2026-08-14 01:32:53,227:INFO:Importing untrained model
2026-08-14 01:32:53,232:INFO:Extra Trees Classifier Imported successfully
2026-08-14 01:32:53,239:INFO:Starting cross validation
2026-08-14 01:32:53,242:INFO:Cross validating with StratifiedKFold(n_splits=10, random_state=None, shuffle=False), n_jobs=-1
2026-08-14 01:32:55,126:INFO:Calculating mean and std
2026-08-14 01:32:55,127:INFO:Creating metrics dataframe
2026-08-14 01:32:55,129:INFO:Uploading results into container
2026-08-14 01:32:55,130:INFO:Uploading model into container now
2026-08-14 01:32:55,131:INFO:_master_model_container: 15
2026-08-14 01:32:55,131:INFO:_display_container: 2
2026-08-14 01:32:55,132:INFO:ExtraTreesClassifier(bootstrap=False, ccp_alpha=0.0, class_weight=None,
                     criterion='gini', max_depth=None, max_features='sqrt',
                     max_leaf_nodes=None, max_samples=None,
                     min_impurity_decrease=0.0, min_samples_leaf=1,
                     min_samples_split=2, min_weight_fraction_leaf=0.0,
                     monotonic_cst=None, n_estimators=100, n_jobs=-1,
                     oob_score=False, random_state=123, verbose=0,
                     warm_start=False)
2026-08-14 01:32:55,132:INFO:create_model() successfully completed......................................
2026-08-14 01:32:55,310:INFO:SubProcess create_model() end ==================================
2026-08-14 01:32:55,310:INFO:Creating metrics dataframe
2026-08-14 01:32:55,317:INFO:Initializing Gradient Boosting Classifier
2026-08-14 01:32:55,317:INFO:Total runtime is 0.16999744574228923 minutes
2026-08-14 01:32:55,321:INFO:SubProcess create_model() called ==================================
2026-08-14 01:32:55,321:INFO:Initializing create_model()
2026-08-14 01:32:55,321:INFO:create_model(self=<pycaret.classification.oop.ClassificationExperiment object at 0x79a044a3f760>, estimator=gbc, fold=StratifiedKFold(n_splits=10, random_state=None, shuffle=False), round=4, cross_validation=True, predict=True, fit_kwargs={}, groups=None, refit=False, probability_threshold=None, experiment_custom_tags=None, verbose=False, system=False, add_to_model_list=True, metrics=None, display=<pycaret.internal.display.display.CommonDisplay object at 0x79a044259060>, model_only=True, return_train_score=False, error_score=0.0, kwargs={})
2026-08-14 01:32:55,321:INFO:Checking exceptions
2026-08-14 01:32:55,321:INFO:Importing libraries
2026-08-14 01:32:55,321:INFO:Copying training dataset
2026-08-14 01:32:55,329:INFO:Defining folds
2026-08-14 01:32:55,329:INFO:Declaring metric variables
2026-08-14 01:32:55,334:INFO:Importing untrained model
2026-08-14 01:32:55,339:INFO:Gradient Boosting Classifier Imported successfully
2026-08-14 01:32:55,351:INFO:Starting cross validation
2026-08-14 01:32:55,355:INFO:Cross validating with StratifiedKFold(n_splits=10, random_state=None, shuffle=False), n_jobs=-1
2026-08-14 01:33:03,951:INFO:Calculating mean and std
2026-08-14 01:33:03,952:INFO:Creating metrics dataframe
2026-08-14 01:33:03,954:INFO:Uploading results into container
2026-08-14 01:33:03,954:INFO:Uploading model into container now
2026-08-14 01:33:03,955:INFO:_master_model_container: 16
2026-08-14 01:33:03,955:INFO:_display_container: 2
2026-08-14 01:33:03,955:INFO:GradientBoostingClassifier(ccp_alpha=0.0, criterion='friedman_mse', init=None,
                           learning_rate=0.1, loss='log_loss', max_depth=3,
                           max_features=None, max_leaf_nodes=None,
                           min_impurity_decrease=0.0, min_samples_leaf=1,
                           min_samples_split=2, min_weight_fraction_leaf=0.0,
                           n_estimators=100, n_iter_no_change=None,
                           random_state=123, subsample=1.0, tol=0.0001,
                           validation_fraction=0.1, verbose=0,
                           warm_start=False)
2026-08-14 01:33:03,955:INFO:create_model() successfully completed......................................
2026-08-14 01:33:04,132:INFO:SubProcess create_model() end ==================================
2026-08-14 01:33:04,132:INFO:Creating metrics dataframe
2026-08-14 01:33:04,151:INFO:Initializing create_model()
2026-08-14 01:33:04,151:INFO:create_model(self=<pycaret.classification.oop.ClassificationExperiment object at 0x79a044a3f760>, estimator=RandomForestClassifier(bootstrap=True, ccp_alpha=0.0, class_weight=None,
                       criterion='gini', max_depth=None, max_features='sqrt',
                       max_leaf_nodes=None, max_samples=None,
                       min_impurity_decrease=0.0, min_samples_leaf=1,
                       min_samples_split=2, min_weight_fraction_leaf=0.0,
                       monotonic_cst=None, n_estimators=100, n_jobs=-1,
                       oob_score=False, random_state=123, verbose=0,
                       warm_start=False), fold=StratifiedKFold(n_splits=10, random_state=None, shuffle=False), round=4, cross_validation=False, predict=False, fit_kwargs={}, groups=None, refit=True, probability_threshold=None, experiment_custom_tags=None, verbose=False, system=False, add_to_model_list=True, metrics=None, display=None, model_only=True, return_train_score=False, error_score=0.0, kwargs={})
2026-08-14 01:33:04,152:INFO:Checking exceptions
2026-08-14 01:33:04,153:INFO:Importing libraries
2026-08-14 01:33:04,154:INFO:Copying training dataset
2026-08-14 01:33:04,161:INFO:Defining folds
2026-08-14 01:33:04,161:INFO:Declaring metric variables
2026-08-14 01:33:04,161:INFO:Importing untrained model
2026-08-14 01:33:04,161:INFO:Declaring custom model
2026-08-14 01:33:04,162:INFO:Random Forest Classifier Imported successfully
2026-08-14 01:33:04,165:INFO:Cross validation set to False
2026-08-14 01:33:04,165:INFO:Fitting Model
2026-08-14 01:33:04,777:INFO:RandomForestClassifier(bootstrap=True, ccp_alpha=0.0, class_weight=None,
                       criterion='gini', max_depth=None, max_features='sqrt',
                       max_leaf_nodes=None, max_samples=None,
                       min_impurity_decrease=0.0, min_samples_leaf=1,
                       min_samples_split=2, min_weight_fraction_leaf=0.0,
                       monotonic_cst=None, n_estimators=100, n_jobs=-1,
                       oob_score=False, random_state=123, verbose=0,
                       warm_start=False)
2026-08-14 01:33:04,777:INFO:create_model() successfully completed......................................
2026-08-14 01:33:04,965:INFO:_master_model_container: 16
2026-08-14 01:33:04,966:INFO:_display_container: 2
2026-08-14 01:33:04,966:INFO:RandomForestClassifier(bootstrap=True, ccp_alpha=0.0, class_weight=None,
                       criterion='gini', max_depth=None, max_features='sqrt',
                       max_leaf_nodes=None, max_samples=None,
                       min_impurity_decrease=0.0, min_samples_leaf=1,
                       min_samples_split=2, min_weight_fraction_leaf=0.0,
                       monotonic_cst=None, n_estimators=100, n_jobs=-1,
                       oob_score=False, random_state=123, verbose=0,
                       warm_start=False)
2026-08-14 01:33:04,966:INFO:compare_models() successfully completed......................................
2026-08-14 01:33:28,515:INFO:Initializing compare_models()
2026-08-14 01:33:28,515:INFO:compare_models(self=<pycaret.classification.oop.ClassificationExperiment object at 0x79a044a3f760>, include=['rf', 'dt', 'et', 'gbc', 'ada'], fold=None, round=4, cross_validation=True, sort=Accuracy, n_select=1, budget_time=None, turbo=True, errors=ignore, fit_kwargs=None, groups=None, experiment_custom_tags=None, probability_threshold=None, verbose=True, parallel=None, caller_params={'self': <pycaret.classification.oop.ClassificationExperiment object at 0x79a044a3f760>, 'include': ['rf', 'dt', 'et', 'gbc', 'ada'], 'exclude': None, 'fold': None, 'round': 4, 'cross_validation': True, 'sort': 'Accuracy', 'n_select': 1, 'budget_time': None, 'turbo': True, 'errors': 'ignore', 'fit_kwargs': None, 'groups': None, 'experiment_custom_tags': None, 'probability_threshold': None, 'engine': None, 'verbose': True, 'parallel': None, '__class__': <class 'pycaret.classification.oop.ClassificationExperiment'>}, exclude=None)
2026-08-14 01:33:28,515:INFO:Checking exceptions
2026-08-14 01:33:28,518:INFO:Preparing display monitor
2026-08-14 01:33:28,540:INFO:Initializing Random Forest Classifier
2026-08-14 01:33:28,541:INFO:Total runtime is 4.525979359944662e-06 minutes
2026-08-14 01:33:28,546:INFO:SubProcess create_model() called ==================================
2026-08-14 01:33:28,547:INFO:Initializing create_model()
2026-08-14 01:33:28,547:INFO:create_model(self=<pycaret.classification.oop.ClassificationExperiment object at 0x79a044a3f760>, estimator=rf, fold=StratifiedKFold(n_splits=10, random_state=None, shuffle=False), round=4, cross_validation=True, predict=True, fit_kwargs={}, groups=None, refit=False, probability_threshold=None, experiment_custom_tags=None, verbose=False, system=False, add_to_model_list=True, metrics=None, display=<pycaret.internal.display.display.CommonDisplay object at 0x79a04489bac0>, model_only=True, return_train_score=False, error_score=0.0, kwargs={})
2026-08-14 01:33:28,547:INFO:Checking exceptions
2026-08-14 01:33:28,547:INFO:Importing libraries
2026-08-14 01:33:28,547:INFO:Copying training dataset
2026-08-14 01:33:28,559:INFO:Defining folds
2026-08-14 01:33:28,559:INFO:Declaring metric variables
2026-08-14 01:33:28,563:INFO:Importing untrained model
2026-08-14 01:33:28,567:INFO:Random Forest Classifier Imported successfully
2026-08-14 01:33:28,576:INFO:Starting cross validation
2026-08-14 01:33:28,578:INFO:Cross validating with StratifiedKFold(n_splits=10, random_state=None, shuffle=False), n_jobs=-1
2026-08-14 01:33:31,111:WARNING:/home/murtaza-ali/anaconda3/envs/pycaret_env/lib/python3.10/site-packages/sklearn/metrics/_classification.py:1509: UndefinedMetricWarning: Precision is ill-defined and being set to 0.0 due to no predicted samples. Use `zero_division` parameter to control this behavior.
  _warn_prf(average, modifier, f"{metric.capitalize()} is", len(result))

2026-08-14 01:33:31,884:INFO:Calculating mean and std
2026-08-14 01:33:31,885:INFO:Creating metrics dataframe
2026-08-14 01:33:31,887:INFO:Uploading results into container
2026-08-14 01:33:31,888:INFO:Uploading model into container now
2026-08-14 01:33:31,888:INFO:_master_model_container: 17
2026-08-14 01:33:31,888:INFO:_display_container: 3
2026-08-14 01:33:31,889:INFO:RandomForestClassifier(bootstrap=True, ccp_alpha=0.0, class_weight=None,
                       criterion='gini', max_depth=None, max_features='sqrt',
                       max_leaf_nodes=None, max_samples=None,
                       min_impurity_decrease=0.0, min_samples_leaf=1,
                       min_samples_split=2, min_weight_fraction_leaf=0.0,
                       monotonic_cst=None, n_estimators=100, n_jobs=-1,
                       oob_score=False, random_state=123, verbose=0,
                       warm_start=False)
2026-08-14 01:33:31,889:INFO:create_model() successfully completed......................................
2026-08-14 01:33:32,061:INFO:SubProcess create_model() end ==================================
2026-08-14 01:33:32,061:INFO:Creating metrics dataframe
2026-08-14 01:33:32,066:INFO:Initializing Decision Tree Classifier
2026-08-14 01:33:32,066:INFO:Total runtime is 0.05876743793487549 minutes
2026-08-14 01:33:32,069:INFO:SubProcess create_model() called ==================================
2026-08-14 01:33:32,069:INFO:Initializing create_model()
2026-08-14 01:33:32,069:INFO:create_model(self=<pycaret.classification.oop.ClassificationExperiment object at 0x79a044a3f760>, estimator=dt, fold=StratifiedKFold(n_splits=10, random_state=None, shuffle=False), round=4, cross_validation=True, predict=True, fit_kwargs={}, groups=None, refit=False, probability_threshold=None, experiment_custom_tags=None, verbose=False, system=False, add_to_model_list=True, metrics=None, display=<pycaret.internal.display.display.CommonDisplay object at 0x79a04489bac0>, model_only=True, return_train_score=False, error_score=0.0, kwargs={})
2026-08-14 01:33:32,069:INFO:Checking exceptions
2026-08-14 01:33:32,070:INFO:Importing libraries
2026-08-14 01:33:32,070:INFO:Copying training dataset
2026-08-14 01:33:32,076:INFO:Defining folds
2026-08-14 01:33:32,077:INFO:Declaring metric variables
2026-08-14 01:33:32,081:INFO:Importing untrained model
2026-08-14 01:33:32,085:INFO:Decision Tree Classifier Imported successfully
2026-08-14 01:33:32,093:INFO:Starting cross validation
2026-08-14 01:33:32,096:INFO:Cross validating with StratifiedKFold(n_splits=10, random_state=None, shuffle=False), n_jobs=-1
2026-08-14 01:33:32,994:INFO:Calculating mean and std
2026-08-14 01:33:32,995:INFO:Creating metrics dataframe
2026-08-14 01:33:32,997:INFO:Uploading results into container
2026-08-14 01:33:32,997:INFO:Uploading model into container now
2026-08-14 01:33:32,998:INFO:_master_model_container: 18
2026-08-14 01:33:32,998:INFO:_display_container: 3
2026-08-14 01:33:32,998:INFO:DecisionTreeClassifier(ccp_alpha=0.0, class_weight=None, criterion='gini',
                       max_depth=None, max_features=None, max_leaf_nodes=None,
                       min_impurity_decrease=0.0, min_samples_leaf=1,
                       min_samples_split=2, min_weight_fraction_leaf=0.0,
                       monotonic_cst=None, random_state=123, splitter='best')
2026-08-14 01:33:32,998:INFO:create_model() successfully completed......................................
2026-08-14 01:33:33,174:INFO:SubProcess create_model() end ==================================
2026-08-14 01:33:33,175:INFO:Creating metrics dataframe
2026-08-14 01:33:33,182:INFO:Initializing Extra Trees Classifier
2026-08-14 01:33:33,182:INFO:Total runtime is 0.07736452420552571 minutes
2026-08-14 01:33:33,185:INFO:SubProcess create_model() called ==================================
2026-08-14 01:33:33,186:INFO:Initializing create_model()
2026-08-14 01:33:33,186:INFO:create_model(self=<pycaret.classification.oop.ClassificationExperiment object at 0x79a044a3f760>, estimator=et, fold=StratifiedKFold(n_splits=10, random_state=None, shuffle=False), round=4, cross_validation=True, predict=True, fit_kwargs={}, groups=None, refit=False, probability_threshold=None, experiment_custom_tags=None, verbose=False, system=False, add_to_model_list=True, metrics=None, display=<pycaret.internal.display.display.CommonDisplay object at 0x79a04489bac0>, model_only=True, return_train_score=False, error_score=0.0, kwargs={})
2026-08-14 01:33:33,186:INFO:Checking exceptions
2026-08-14 01:33:33,186:INFO:Importing libraries
2026-08-14 01:33:33,186:INFO:Copying training dataset
2026-08-14 01:33:33,193:INFO:Defining folds
2026-08-14 01:33:33,194:INFO:Declaring metric variables
2026-08-14 01:33:33,198:INFO:Importing untrained model
2026-08-14 01:33:33,202:INFO:Extra Trees Classifier Imported successfully
2026-08-14 01:33:33,211:INFO:Starting cross validation
2026-08-14 01:33:33,214:INFO:Cross validating with StratifiedKFold(n_splits=10, random_state=None, shuffle=False), n_jobs=-1
2026-08-14 01:33:35,081:INFO:Calculating mean and std
2026-08-14 01:33:35,082:INFO:Creating metrics dataframe
2026-08-14 01:33:35,084:INFO:Uploading results into container
2026-08-14 01:33:35,084:INFO:Uploading model into container now
2026-08-14 01:33:35,085:INFO:_master_model_container: 19
2026-08-14 01:33:35,085:INFO:_display_container: 3
2026-08-14 01:33:35,085:INFO:ExtraTreesClassifier(bootstrap=False, ccp_alpha=0.0, class_weight=None,
                     criterion='gini', max_depth=None, max_features='sqrt',
                     max_leaf_nodes=None, max_samples=None,
                     min_impurity_decrease=0.0, min_samples_leaf=1,
                     min_samples_split=2, min_weight_fraction_leaf=0.0,
                     monotonic_cst=None, n_estimators=100, n_jobs=-1,
                     oob_score=False, random_state=123, verbose=0,
                     warm_start=False)
2026-08-14 01:33:35,085:INFO:create_model() successfully completed......................................
2026-08-14 01:33:35,252:INFO:SubProcess create_model() end ==================================
2026-08-14 01:33:35,252:INFO:Creating metrics dataframe
2026-08-14 01:33:35,261:INFO:Initializing Gradient Boosting Classifier
2026-08-14 01:33:35,261:INFO:Total runtime is 0.11201117833455404 minutes
2026-08-14 01:33:35,264:INFO:SubProcess create_model() called ==================================
2026-08-14 01:33:35,264:INFO:Initializing create_model()
2026-08-14 01:33:35,265:INFO:create_model(self=<pycaret.classification.oop.ClassificationExperiment object at 0x79a044a3f760>, estimator=gbc, fold=StratifiedKFold(n_splits=10, random_state=None, shuffle=False), round=4, cross_validation=True, predict=True, fit_kwargs={}, groups=None, refit=False, probability_threshold=None, experiment_custom_tags=None, verbose=False, system=False, add_to_model_list=True, metrics=None, display=<pycaret.internal.display.display.CommonDisplay object at 0x79a04489bac0>, model_only=True, return_train_score=False, error_score=0.0, kwargs={})
2026-08-14 01:33:35,265:INFO:Checking exceptions
2026-08-14 01:33:35,265:INFO:Importing libraries
2026-08-14 01:33:35,265:INFO:Copying training dataset
2026-08-14 01:33:35,272:INFO:Defining folds
2026-08-14 01:33:35,272:INFO:Declaring metric variables
2026-08-14 01:33:35,276:INFO:Importing untrained model
2026-08-14 01:33:35,281:INFO:Gradient Boosting Classifier Imported successfully
2026-08-14 01:33:35,291:INFO:Starting cross validation
2026-08-14 01:33:35,295:INFO:Cross validating with StratifiedKFold(n_splits=10, random_state=None, shuffle=False), n_jobs=-1
2026-08-14 01:33:43,763:INFO:Calculating mean and std
2026-08-14 01:33:43,764:INFO:Creating metrics dataframe
2026-08-14 01:33:43,766:INFO:Uploading results into container
2026-08-14 01:33:43,766:INFO:Uploading model into container now
2026-08-14 01:33:43,767:INFO:_master_model_container: 20
2026-08-14 01:33:43,767:INFO:_display_container: 3
2026-08-14 01:33:43,767:INFO:GradientBoostingClassifier(ccp_alpha=0.0, criterion='friedman_mse', init=None,
                           learning_rate=0.1, loss='log_loss', max_depth=3,
                           max_features=None, max_leaf_nodes=None,
                           min_impurity_decrease=0.0, min_samples_leaf=1,
                           min_samples_split=2, min_weight_fraction_leaf=0.0,
                           n_estimators=100, n_iter_no_change=None,
                           random_state=123, subsample=1.0, tol=0.0001,
                           validation_fraction=0.1, verbose=0,
                           warm_start=False)
2026-08-14 01:33:43,768:INFO:create_model() successfully completed......................................
2026-08-14 01:33:43,947:INFO:SubProcess create_model() end ==================================
2026-08-14 01:33:43,947:INFO:Creating metrics dataframe
2026-08-14 01:33:43,955:INFO:Initializing Ada Boost Classifier
2026-08-14 01:33:43,956:INFO:Total runtime is 0.25692169268925985 minutes
2026-08-14 01:33:43,960:INFO:SubProcess create_model() called ==================================
2026-08-14 01:33:43,960:INFO:Initializing create_model()
2026-08-14 01:33:43,960:INFO:create_model(self=<pycaret.classification.oop.ClassificationExperiment object at 0x79a044a3f760>, estimator=ada, fold=StratifiedKFold(n_splits=10, random_state=None, shuffle=False), round=4, cross_validation=True, predict=True, fit_kwargs={}, groups=None, refit=False, probability_threshold=None, experiment_custom_tags=None, verbose=False, system=False, add_to_model_list=True, metrics=None, display=<pycaret.internal.display.display.CommonDisplay object at 0x79a04489bac0>, model_only=True, return_train_score=False, error_score=0.0, kwargs={})
2026-08-14 01:33:43,960:INFO:Checking exceptions
2026-08-14 01:33:43,960:INFO:Importing libraries
2026-08-14 01:33:43,960:INFO:Copying training dataset
2026-08-14 01:33:43,968:INFO:Defining folds
2026-08-14 01:33:43,969:INFO:Declaring metric variables
2026-08-14 01:33:43,974:INFO:Importing untrained model
2026-08-14 01:33:43,978:INFO:Ada Boost Classifier Imported successfully
2026-08-14 01:33:43,986:INFO:Starting cross validation
2026-08-14 01:33:43,988:INFO:Cross validating with StratifiedKFold(n_splits=10, random_state=None, shuffle=False), n_jobs=-1
2026-08-14 01:33:44,264:WARNING:/home/murtaza-ali/anaconda3/envs/pycaret_env/lib/python3.10/site-packages/sklearn/ensemble/_weight_boosting.py:519: FutureWarning: The SAMME.R algorithm (the default) is deprecated and will be removed in 1.6. Use the SAMME algorithm to circumvent this warning.
  warnings.warn(

2026-08-14 01:33:44,266:WARNING:/home/murtaza-ali/anaconda3/envs/pycaret_env/lib/python3.10/site-packages/sklearn/ensemble/_weight_boosting.py:519: FutureWarning: The SAMME.R algorithm (the default) is deprecated and will be removed in 1.6. Use the SAMME algorithm to circumvent this warning.
  warnings.warn(

2026-08-14 01:33:44,271:WARNING:/home/murtaza-ali/anaconda3/envs/pycaret_env/lib/python3.10/site-packages/sklearn/ensemble/_weight_boosting.py:519: FutureWarning: The SAMME.R algorithm (the default) is deprecated and will be removed in 1.6. Use the SAMME algorithm to circumvent this warning.
  warnings.warn(

2026-08-14 01:33:44,278:WARNING:/home/murtaza-ali/anaconda3/envs/pycaret_env/lib/python3.10/site-packages/sklearn/ensemble/_weight_boosting.py:519: FutureWarning: The SAMME.R algorithm (the default) is deprecated and will be removed in 1.6. Use the SAMME algorithm to circumvent this warning.
  warnings.warn(

2026-08-14 01:33:44,278:WARNING:/home/murtaza-ali/anaconda3/envs/pycaret_env/lib/python3.10/site-packages/sklearn/ensemble/_weight_boosting.py:519: FutureWarning: The SAMME.R algorithm (the default) is deprecated and will be removed in 1.6. Use the SAMME algorithm to circumvent this warning.
  warnings.warn(

2026-08-14 01:33:44,284:WARNING:/home/murtaza-ali/anaconda3/envs/pycaret_env/lib/python3.10/site-packages/sklearn/ensemble/_weight_boosting.py:519: FutureWarning: The SAMME.R algorithm (the default) is deprecated and will be removed in 1.6. Use the SAMME algorithm to circumvent this warning.
  warnings.warn(

2026-08-14 01:33:44,287:WARNING:/home/murtaza-ali/anaconda3/envs/pycaret_env/lib/python3.10/site-packages/sklearn/ensemble/_weight_boosting.py:519: FutureWarning: The SAMME.R algorithm (the default) is deprecated and will be removed in 1.6. Use the SAMME algorithm to circumvent this warning.
  warnings.warn(

2026-08-14 01:33:44,296:WARNING:/home/murtaza-ali/anaconda3/envs/pycaret_env/lib/python3.10/site-packages/sklearn/ensemble/_weight_boosting.py:519: FutureWarning: The SAMME.R algorithm (the default) is deprecated and will be removed in 1.6. Use the SAMME algorithm to circumvent this warning.
  warnings.warn(

2026-08-14 01:33:45,783:WARNING:/home/murtaza-ali/anaconda3/envs/pycaret_env/lib/python3.10/site-packages/sklearn/ensemble/_weight_boosting.py:519: FutureWarning: The SAMME.R algorithm (the default) is deprecated and will be removed in 1.6. Use the SAMME algorithm to circumvent this warning.
  warnings.warn(

2026-08-14 01:33:45,786:WARNING:/home/murtaza-ali/anaconda3/envs/pycaret_env/lib/python3.10/site-packages/sklearn/ensemble/_weight_boosting.py:519: FutureWarning: The SAMME.R algorithm (the default) is deprecated and will be removed in 1.6. Use the SAMME algorithm to circumvent this warning.
  warnings.warn(

2026-08-14 01:33:46,611:INFO:Calculating mean and std
2026-08-14 01:33:46,612:INFO:Creating metrics dataframe
2026-08-14 01:33:46,614:INFO:Uploading results into container
2026-08-14 01:33:46,614:INFO:Uploading model into container now
2026-08-14 01:33:46,615:INFO:_master_model_container: 21
2026-08-14 01:33:46,615:INFO:_display_container: 3
2026-08-14 01:33:46,615:INFO:AdaBoostClassifier(algorithm='SAMME.R', estimator=None, learning_rate=1.0,
                   n_estimators=50, random_state=123)
2026-08-14 01:33:46,615:INFO:create_model() successfully completed......................................
2026-08-14 01:33:46,785:INFO:SubProcess create_model() end ==================================
2026-08-14 01:33:46,785:INFO:Creating metrics dataframe
2026-08-14 01:33:46,806:INFO:Initializing create_model()
2026-08-14 01:33:46,807:INFO:create_model(self=<pycaret.classification.oop.ClassificationExperiment object at 0x79a044a3f760>, estimator=RandomForestClassifier(bootstrap=True, ccp_alpha=0.0, class_weight=None,
                       criterion='gini', max_depth=None, max_features='sqrt',
                       max_leaf_nodes=None, max_samples=None,
                       min_impurity_decrease=0.0, min_samples_leaf=1,
                       min_samples_split=2, min_weight_fraction_leaf=0.0,
                       monotonic_cst=None, n_estimators=100, n_jobs=-1,
                       oob_score=False, random_state=123, verbose=0,
                       warm_start=False), fold=StratifiedKFold(n_splits=10, random_state=None, shuffle=False), round=4, cross_validation=False, predict=False, fit_kwargs={}, groups=None, refit=True, probability_threshold=None, experiment_custom_tags=None, verbose=False, system=False, add_to_model_list=True, metrics=None, display=None, model_only=True, return_train_score=False, error_score=0.0, kwargs={})
2026-08-14 01:33:46,807:INFO:Checking exceptions
2026-08-14 01:33:46,809:INFO:Importing libraries
2026-08-14 01:33:46,809:INFO:Copying training dataset
2026-08-14 01:33:46,821:INFO:Defining folds
2026-08-14 01:33:46,822:INFO:Declaring metric variables
2026-08-14 01:33:46,822:INFO:Importing untrained model
2026-08-14 01:33:46,822:INFO:Declaring custom model
2026-08-14 01:33:46,823:INFO:Random Forest Classifier Imported successfully
2026-08-14 01:33:46,827:INFO:Cross validation set to False
2026-08-14 01:33:46,828:INFO:Fitting Model
2026-08-14 01:33:47,347:INFO:RandomForestClassifier(bootstrap=True, ccp_alpha=0.0, class_weight=None,
                       criterion='gini', max_depth=None, max_features='sqrt',
                       max_leaf_nodes=None, max_samples=None,
                       min_impurity_decrease=0.0, min_samples_leaf=1,
                       min_samples_split=2, min_weight_fraction_leaf=0.0,
                       monotonic_cst=None, n_estimators=100, n_jobs=-1,
                       oob_score=False, random_state=123, verbose=0,
                       warm_start=False)
2026-08-14 01:33:47,347:INFO:create_model() successfully completed......................................
2026-08-14 01:33:47,553:INFO:_master_model_container: 21
2026-08-14 01:33:47,554:INFO:_display_container: 3
2026-08-14 01:33:47,554:INFO:RandomForestClassifier(bootstrap=True, ccp_alpha=0.0, class_weight=None,
                       criterion='gini', max_depth=None, max_features='sqrt',
                       max_leaf_nodes=None, max_samples=None,
                       min_impurity_decrease=0.0, min_samples_leaf=1,
                       min_samples_split=2, min_weight_fraction_leaf=0.0,
                       monotonic_cst=None, n_estimators=100, n_jobs=-1,
                       oob_score=False, random_state=123, verbose=0,
                       warm_start=False)
2026-08-14 01:33:47,554:INFO:compare_models() successfully completed......................................
2026-08-14 01:36:51,060:INFO:PyCaret ClassificationExperiment
2026-08-14 01:36:51,061:INFO:Logging name: clf-default-name
2026-08-14 01:36:51,061:INFO:ML Usecase: MLUsecase.CLASSIFICATION
2026-08-14 01:36:51,061:INFO:version 3.3.2
2026-08-14 01:36:51,061:INFO:Initializing setup()
2026-08-14 01:36:51,061:INFO:self.USI: edc2
2026-08-14 01:36:51,061:INFO:self._variable_keys: {'idx', 'html_param', 'seed', 'logging_param', 'is_multiclass', 'gpu_n_jobs_param', 'exp_name_log', 'X_test', 'gpu_param', 'y', 'log_plots_param', 'memory', 'USI', 'X', 'data', 'fold_shuffle_param', 'fold_groups_param', 'pipeline', 'target_param', '_available_plots', 'fix_imbalance', 'n_jobs_param', 'y_test', 'exp_id', 'y_train', '_ml_usecase', 'fold_generator', 'X_train'}
2026-08-14 01:36:51,061:INFO:Checking environment
2026-08-14 01:36:51,061:INFO:python_version: 3.10.20
2026-08-14 01:36:51,061:INFO:python_build: ('main', 'Jun 11 2026 15:17:37')
2026-08-14 01:36:51,061:INFO:machine: x86_64
2026-08-14 01:36:51,061:INFO:platform: Linux-7.0.0-29-generic-x86_64-with-glibc2.43
2026-08-14 01:36:51,061:INFO:Memory: svmem(total=15885574144, available=8055832576, percent=49.3, used=7829741568, free=767242240, active=8816476160, inactive=3961614336, buffers=161157120, cached=9184747520, shared=1574408192, slab=971853824)
2026-08-14 01:36:51,061:INFO:Physical Core: 4
2026-08-14 01:36:51,061:INFO:Logical Core: 8
2026-08-14 01:36:51,061:INFO:Checking libraries
2026-08-14 01:36:51,062:INFO:System:
2026-08-14 01:36:51,062:INFO:    python: 3.10.20 (main, Jun 11 2026, 15:17:37) [GCC 14.3.0]
2026-08-14 01:36:51,062:INFO:executable: /home/murtaza-ali/anaconda3/envs/pycaret_env/bin/python
2026-08-14 01:36:51,062:INFO:   machine: Linux-7.0.0-29-generic-x86_64-with-glibc2.43
2026-08-14 01:36:51,062:INFO:PyCaret required dependencies:
2026-08-14 01:36:51,062:INFO:                 pip: 26.1.2
2026-08-14 01:36:51,062:INFO:          setuptools: 83.0.0
2026-08-14 01:36:51,062:INFO:             pycaret: 3.3.2
2026-08-14 01:36:51,062:INFO:             IPython: 8.37.0
2026-08-14 01:36:51,062:INFO:          ipywidgets: 8.1.8
2026-08-14 01:36:51,062:INFO:                tqdm: 4.70.0
2026-08-14 01:36:51,062:INFO:               numpy: 1.26.4
2026-08-14 01:36:51,062:INFO:              pandas: 2.1.4
2026-08-14 01:36:51,062:INFO:              jinja2: 3.1.6
2026-08-14 01:36:51,062:INFO:               scipy: 1.11.4
2026-08-14 01:36:51,062:INFO:              joblib: 1.3.2
2026-08-14 01:36:51,062:INFO:             sklearn: 1.4.2
2026-08-14 01:36:51,062:INFO:                pyod: 3.4.0
2026-08-14 01:36:51,062:INFO:            imblearn: 0.14.2
2026-08-14 01:36:51,062:INFO:   category_encoders: 2.7.0
2026-08-14 01:36:51,062:INFO:            lightgbm: 4.7.0
2026-08-14 01:36:51,062:INFO:               numba: 0.66.0
2026-08-14 01:36:51,062:INFO:            requests: 2.34.2
2026-08-14 01:36:51,062:INFO:          matplotlib: 3.7.5
2026-08-14 01:36:51,062:INFO:          scikitplot: 0.3.7
2026-08-14 01:36:51,062:INFO:         yellowbrick: 1.5
2026-08-14 01:36:51,062:INFO:              plotly: 6.9.0
2026-08-14 01:36:51,062:INFO:    plotly-resampler: Not installed
2026-08-14 01:36:51,062:INFO:             kaleido: 1.3.0
2026-08-14 01:36:51,062:INFO:           schemdraw: 0.15
2026-08-14 01:36:51,062:INFO:         statsmodels: 0.14.6
2026-08-14 01:36:51,062:INFO:              sktime: 0.26.0
2026-08-14 01:36:51,062:INFO:               tbats: 1.1.3
2026-08-14 01:36:51,062:INFO:            pmdarima: 2.0.4
2026-08-14 01:36:51,062:INFO:              psutil: 7.2.2
2026-08-14 01:36:51,062:INFO:          markupsafe: 3.0.3
2026-08-14 01:36:51,062:INFO:             pickle5: Not installed
2026-08-14 01:36:51,062:INFO:         cloudpickle: 3.1.2
2026-08-14 01:36:51,063:INFO:         deprecation: 2.1.0
2026-08-14 01:36:51,063:INFO:              xxhash: 3.8.1
2026-08-14 01:36:51,063:INFO:           wurlitzer: 3.1.1
2026-08-14 01:36:51,063:INFO:PyCaret optional dependencies:
2026-08-14 01:36:51,063:INFO:                shap: Not installed
2026-08-14 01:36:51,063:INFO:           interpret: Not installed
2026-08-14 01:36:51,063:INFO:                umap: Not installed
2026-08-14 01:36:51,063:INFO:     ydata_profiling: Not installed
2026-08-14 01:36:51,063:INFO:  explainerdashboard: Not installed
2026-08-14 01:36:51,063:INFO:             autoviz: Not installed
2026-08-14 01:36:51,063:INFO:           fairlearn: Not installed
2026-08-14 01:36:51,063:INFO:          deepchecks: Not installed
2026-08-14 01:36:51,063:INFO:             xgboost: Not installed
2026-08-14 01:36:51,063:INFO:            catboost: Not installed
2026-08-14 01:36:51,063:INFO:              kmodes: Not installed
2026-08-14 01:36:51,063:INFO:             mlxtend: Not installed
2026-08-14 01:36:51,063:INFO:       statsforecast: Not installed
2026-08-14 01:36:51,063:INFO:        tune_sklearn: Not installed
2026-08-14 01:36:51,063:INFO:                 ray: Not installed
2026-08-14 01:36:51,063:INFO:            hyperopt: Not installed
2026-08-14 01:36:51,063:INFO:              optuna: Not installed
2026-08-14 01:36:51,063:INFO:               skopt: Not installed
2026-08-14 01:36:51,063:INFO:              mlflow: Not installed
2026-08-14 01:36:51,063:INFO:              gradio: Not installed
2026-08-14 01:36:51,063:INFO:             fastapi: Not installed
2026-08-14 01:36:51,063:INFO:             uvicorn: Not installed
2026-08-14 01:36:51,063:INFO:              m2cgen: Not installed
2026-08-14 01:36:51,063:INFO:           evidently: Not installed
2026-08-14 01:36:51,063:INFO:               fugue: Not installed
2026-08-14 01:36:51,063:INFO:           streamlit: Not installed
2026-08-14 01:36:51,063:INFO:             prophet: Not installed
2026-08-14 01:36:51,063:INFO:None
2026-08-14 01:36:51,063:INFO:Set up data.
2026-08-14 01:36:51,076:INFO:Set up folding strategy.
2026-08-14 01:36:51,076:INFO:Set up train/test split.
2026-08-14 01:36:51,085:INFO:Set up index.
2026-08-14 01:36:51,085:INFO:Assigning column types.
2026-08-14 01:36:51,090:INFO:Engine successfully changes for model 'lr' to 'sklearn'.
2026-08-14 01:36:51,137:INFO:Engine for model 'knn' has not been set explicitly, hence returning None.
2026-08-14 01:36:51,138:INFO:Engine for model 'rbfsvm' has not been set explicitly, hence returning None.
2026-08-14 01:36:51,167:WARNING:
'xgboost' is a soft dependency and not included in the pycaret installation. Please run: `pip install xgboost` to install.
Alternately, you can install this by running `pip install pycaret[models]`
2026-08-14 01:36:51,167:WARNING:
'catboost' is a soft dependency and not included in the pycaret installation. Please run: `pip install catboost` to install.
Alternately, you can install this by running `pip install pycaret[models]`
2026-08-14 01:36:51,212:INFO:Engine for model 'knn' has not been set explicitly, hence returning None.
2026-08-14 01:36:51,214:INFO:Engine for model 'rbfsvm' has not been set explicitly, hence returning None.
2026-08-14 01:36:51,241:WARNING:
'xgboost' is a soft dependency and not included in the pycaret installation. Please run: `pip install xgboost` to install.
Alternately, you can install this by running `pip install pycaret[models]`
2026-08-14 01:36:51,241:WARNING:
'catboost' is a soft dependency and not included in the pycaret installation. Please run: `pip install catboost` to install.
Alternately, you can install this by running `pip install pycaret[models]`
2026-08-14 01:36:51,241:INFO:Engine successfully changes for model 'knn' to 'sklearn'.
2026-08-14 01:36:51,286:INFO:Engine for model 'rbfsvm' has not been set explicitly, hence returning None.
2026-08-14 01:36:51,316:WARNING:
'xgboost' is a soft dependency and not included in the pycaret installation. Please run: `pip install xgboost` to install.
Alternately, you can install this by running `pip install pycaret[models]`
2026-08-14 01:36:51,317:WARNING:
'catboost' is a soft dependency and not included in the pycaret installation. Please run: `pip install catboost` to install.
Alternately, you can install this by running `pip install pycaret[models]`
2026-08-14 01:36:51,363:INFO:Engine for model 'rbfsvm' has not been set explicitly, hence returning None.
2026-08-14 01:36:51,390:WARNING:
'xgboost' is a soft dependency and not included in the pycaret installation. Please run: `pip install xgboost` to install.
Alternately, you can install this by running `pip install pycaret[models]`
2026-08-14 01:36:51,390:WARNING:
'catboost' is a soft dependency and not included in the pycaret installation. Please run: `pip install catboost` to install.
Alternately, you can install this by running `pip install pycaret[models]`
2026-08-14 01:36:51,390:INFO:Engine successfully changes for model 'rbfsvm' to 'sklearn'.
2026-08-14 01:36:51,463:WARNING:
'xgboost' is a soft dependency and not included in the pycaret installation. Please run: `pip install xgboost` to install.
Alternately, you can install this by running `pip install pycaret[models]`
2026-08-14 01:36:51,464:WARNING:
'catboost' is a soft dependency and not included in the pycaret installation. Please run: `pip install catboost` to install.
Alternately, you can install this by running `pip install pycaret[models]`
2026-08-14 01:36:51,536:WARNING:
'xgboost' is a soft dependency and not included in the pycaret installation. Please run: `pip install xgboost` to install.
Alternately, you can install this by running `pip install pycaret[models]`
2026-08-14 01:36:51,537:WARNING:
'catboost' is a soft dependency and not included in the pycaret installation. Please run: `pip install catboost` to install.
Alternately, you can install this by running `pip install pycaret[models]`
2026-08-14 01:36:51,538:INFO:Preparing preprocessing pipeline...
2026-08-14 01:36:51,539:INFO:Set up simple imputation.
2026-08-14 01:36:51,541:INFO:Set up encoding of categorical features.
2026-08-14 01:36:51,542:INFO:Set up imbalanced handling.
2026-08-14 01:36:51,627:INFO:Finished creating preprocessing pipeline.
2026-08-14 01:36:51,634:INFO:Pipeline: Pipeline(memory=FastMemory(location=/tmp/joblib),
         steps=[('numerical_imputer',
                 TransformerWrapper(exclude=None,
                                    include=['age', 'avg_order_value',
                                             'total_orders', 'last_purchase',
                                             'email_open_rate', 'loyalty_score',
                                             'churn_risk'],
                                    transformer=SimpleImputer(add_indicator=False,
                                                              copy=True,
                                                              fill_value=None,
                                                              keep_empty_features=False,
                                                              missing_values=nan,
                                                              strategy='me...
                                    transformer=OneHotEncoder(cols=['gender',
                                                                    'country',
                                                                    'preferred_category'],
                                                              drop_invariant=False,
                                                              handle_missing='return_nan',
                                                              handle_unknown='value',
                                                              return_df=True,
                                                              use_cat_names=True,
                                                              verbose=0))),
                ('balance',
                 TransformerWrapper(exclude=None, include=None,
                                    transformer=FixImbalancer(estimator=SMOTE(k_neighbors=5,
                                                                              random_state=123,
                                                                              sampling_strategy='auto'))))],
         verbose=False)
2026-08-14 01:36:51,634:INFO:Creating final display dataframe.
2026-08-14 01:36:51,896:INFO:Setup _display_container:                     Description             Value
0                    Session id               123
1                        Target     is_fraudulent
2                   Target type            Binary
3           Original data shape        (5000, 13)
4        Transformed data shape        (8320, 26)
5   Transformed train set shape        (6820, 26)
6    Transformed test set shape        (1500, 26)
7               Ignore features                 2
8              Numeric features                 7
9          Categorical features                 3
10     Rows with missing values              9.8%
11                   Preprocess              True
12              Imputation type            simple
13           Numeric imputation              mean
14       Categorical imputation              mode
15     Maximum one-hot encoding                25
16              Encoding method              None
17                Fix imbalance              True
18         Fix imbalance method             SMOTE
19               Fold Generator   StratifiedKFold
20                  Fold Number                10
21                     CPU Jobs                -1
22                      Use GPU             False
23               Log Experiment             False
24              Experiment Name  clf-default-name
25                          USI              edc2
2026-08-14 01:36:51,981:WARNING:
'xgboost' is a soft dependency and not included in the pycaret installation. Please run: `pip install xgboost` to install.
Alternately, you can install this by running `pip install pycaret[models]`
2026-08-14 01:36:51,981:WARNING:
'catboost' is a soft dependency and not included in the pycaret installation. Please run: `pip install catboost` to install.
Alternately, you can install this by running `pip install pycaret[models]`
2026-08-14 01:36:52,057:WARNING:
'xgboost' is a soft dependency and not included in the pycaret installation. Please run: `pip install xgboost` to install.
Alternately, you can install this by running `pip install pycaret[models]`
2026-08-14 01:36:52,057:WARNING:
'catboost' is a soft dependency and not included in the pycaret installation. Please run: `pip install catboost` to install.
Alternately, you can install this by running `pip install pycaret[models]`
2026-08-14 01:36:52,058:INFO:setup() successfully completed in 1.0s...............
2026-08-14 01:37:08,193:INFO:Initializing compare_models()
2026-08-14 01:37:08,194:INFO:compare_models(self=<pycaret.classification.oop.ClassificationExperiment object at 0x79a07c97eb60>, include=['rf', 'dt', 'et', 'gbc', 'ada'], fold=None, round=4, cross_validation=True, sort=Accuracy, n_select=1, budget_time=None, turbo=True, errors=ignore, fit_kwargs=None, groups=None, experiment_custom_tags=None, probability_threshold=None, verbose=True, parallel=None, caller_params={'self': <pycaret.classification.oop.ClassificationExperiment object at 0x79a07c97eb60>, 'include': ['rf', 'dt', 'et', 'gbc', 'ada'], 'exclude': None, 'fold': None, 'round': 4, 'cross_validation': True, 'sort': 'Accuracy', 'n_select': 1, 'budget_time': None, 'turbo': True, 'errors': 'ignore', 'fit_kwargs': None, 'groups': None, 'experiment_custom_tags': None, 'probability_threshold': None, 'engine': None, 'verbose': True, 'parallel': None, '__class__': <class 'pycaret.classification.oop.ClassificationExperiment'>}, exclude=None)
2026-08-14 01:37:08,194:INFO:Checking exceptions
2026-08-14 01:37:08,198:INFO:Preparing display monitor
2026-08-14 01:37:08,220:INFO:Initializing Random Forest Classifier
2026-08-14 01:37:08,220:INFO:Total runtime is 4.1604042053222655e-06 minutes
2026-08-14 01:37:08,225:INFO:SubProcess create_model() called ==================================
2026-08-14 01:37:08,225:INFO:Initializing create_model()
2026-08-14 01:37:08,226:INFO:create_model(self=<pycaret.classification.oop.ClassificationExperiment object at 0x79a07c97eb60>, estimator=rf, fold=StratifiedKFold(n_splits=10, random_state=None, shuffle=False), round=4, cross_validation=True, predict=True, fit_kwargs={}, groups=None, refit=False, probability_threshold=None, experiment_custom_tags=None, verbose=False, system=False, add_to_model_list=True, metrics=None, display=<pycaret.internal.display.display.CommonDisplay object at 0x79a0448f00a0>, model_only=True, return_train_score=False, error_score=0.0, kwargs={})
2026-08-14 01:37:08,226:INFO:Checking exceptions
2026-08-14 01:37:08,226:INFO:Importing libraries
2026-08-14 01:37:08,226:INFO:Copying training dataset
2026-08-14 01:37:08,235:INFO:Defining folds
2026-08-14 01:37:08,235:INFO:Declaring metric variables
2026-08-14 01:37:08,238:INFO:Importing untrained model
2026-08-14 01:37:08,242:INFO:Random Forest Classifier Imported successfully
2026-08-14 01:37:08,251:INFO:Starting cross validation
2026-08-14 01:37:08,253:INFO:Cross validating with StratifiedKFold(n_splits=10, random_state=None, shuffle=False), n_jobs=-1
2026-08-14 01:37:10,269:WARNING:/home/murtaza-ali/anaconda3/envs/pycaret_env/lib/python3.10/site-packages/sklearn/metrics/_classification.py:1509: UndefinedMetricWarning: Precision is ill-defined and being set to 0.0 due to no predicted samples. Use `zero_division` parameter to control this behavior.
  _warn_prf(average, modifier, f"{metric.capitalize()} is", len(result))

2026-08-14 01:37:10,284:WARNING:/home/murtaza-ali/anaconda3/envs/pycaret_env/lib/python3.10/site-packages/sklearn/metrics/_classification.py:1509: UndefinedMetricWarning: Precision is ill-defined and being set to 0.0 due to no predicted samples. Use `zero_division` parameter to control this behavior.
  _warn_prf(average, modifier, f"{metric.capitalize()} is", len(result))

2026-08-14 01:37:10,289:WARNING:/home/murtaza-ali/anaconda3/envs/pycaret_env/lib/python3.10/site-packages/sklearn/metrics/_classification.py:1509: UndefinedMetricWarning: Precision is ill-defined and being set to 0.0 due to no predicted samples. Use `zero_division` parameter to control this behavior.
  _warn_prf(average, modifier, f"{metric.capitalize()} is", len(result))

2026-08-14 01:37:10,303:WARNING:/home/murtaza-ali/anaconda3/envs/pycaret_env/lib/python3.10/site-packages/sklearn/metrics/_classification.py:1509: UndefinedMetricWarning: Precision is ill-defined and being set to 0.0 due to no predicted samples. Use `zero_division` parameter to control this behavior.
  _warn_prf(average, modifier, f"{metric.capitalize()} is", len(result))

2026-08-14 01:37:10,327:WARNING:/home/murtaza-ali/anaconda3/envs/pycaret_env/lib/python3.10/site-packages/sklearn/metrics/_classification.py:1509: UndefinedMetricWarning: Precision is ill-defined and being set to 0.0 due to no predicted samples. Use `zero_division` parameter to control this behavior.
  _warn_prf(average, modifier, f"{metric.capitalize()} is", len(result))

2026-08-14 01:37:10,333:WARNING:/home/murtaza-ali/anaconda3/envs/pycaret_env/lib/python3.10/site-packages/sklearn/metrics/_classification.py:1509: UndefinedMetricWarning: Precision is ill-defined and being set to 0.0 due to no predicted samples. Use `zero_division` parameter to control this behavior.
  _warn_prf(average, modifier, f"{metric.capitalize()} is", len(result))

2026-08-14 01:37:10,361:WARNING:/home/murtaza-ali/anaconda3/envs/pycaret_env/lib/python3.10/site-packages/sklearn/metrics/_classification.py:1509: UndefinedMetricWarning: Precision is ill-defined and being set to 0.0 due to no predicted samples. Use `zero_division` parameter to control this behavior.
  _warn_prf(average, modifier, f"{metric.capitalize()} is", len(result))

2026-08-14 01:37:10,907:WARNING:/home/murtaza-ali/anaconda3/envs/pycaret_env/lib/python3.10/site-packages/sklearn/metrics/_classification.py:1509: UndefinedMetricWarning: Precision is ill-defined and being set to 0.0 due to no predicted samples. Use `zero_division` parameter to control this behavior.
  _warn_prf(average, modifier, f"{metric.capitalize()} is", len(result))

2026-08-14 01:37:10,920:WARNING:/home/murtaza-ali/anaconda3/envs/pycaret_env/lib/python3.10/site-packages/sklearn/metrics/_classification.py:1509: UndefinedMetricWarning: Precision is ill-defined and being set to 0.0 due to no predicted samples. Use `zero_division` parameter to control this behavior.
  _warn_prf(average, modifier, f"{metric.capitalize()} is", len(result))

2026-08-14 01:37:10,936:INFO:Calculating mean and std
2026-08-14 01:37:10,936:INFO:Creating metrics dataframe
2026-08-14 01:37:10,938:INFO:Uploading results into container
2026-08-14 01:37:10,939:INFO:Uploading model into container now
2026-08-14 01:37:10,939:INFO:_master_model_container: 1
2026-08-14 01:37:10,939:INFO:_display_container: 2
2026-08-14 01:37:10,940:INFO:RandomForestClassifier(bootstrap=True, ccp_alpha=0.0, class_weight=None,
                       criterion='gini', max_depth=None, max_features='sqrt',
                       max_leaf_nodes=None, max_samples=None,
                       min_impurity_decrease=0.0, min_samples_leaf=1,
                       min_samples_split=2, min_weight_fraction_leaf=0.0,
                       monotonic_cst=None, n_estimators=100, n_jobs=-1,
                       oob_score=False, random_state=123, verbose=0,
                       warm_start=False)
2026-08-14 01:37:10,940:INFO:create_model() successfully completed......................................
2026-08-14 01:37:11,108:INFO:SubProcess create_model() end ==================================
2026-08-14 01:37:11,108:INFO:Creating metrics dataframe
2026-08-14 01:37:11,113:INFO:Initializing Decision Tree Classifier
2026-08-14 01:37:11,113:INFO:Total runtime is 0.04821724891662598 minutes
2026-08-14 01:37:11,116:INFO:SubProcess create_model() called ==================================
2026-08-14 01:37:11,116:INFO:Initializing create_model()
2026-08-14 01:37:11,116:INFO:create_model(self=<pycaret.classification.oop.ClassificationExperiment object at 0x79a07c97eb60>, estimator=dt, fold=StratifiedKFold(n_splits=10, random_state=None, shuffle=False), round=4, cross_validation=True, predict=True, fit_kwargs={}, groups=None, refit=False, probability_threshold=None, experiment_custom_tags=None, verbose=False, system=False, add_to_model_list=True, metrics=None, display=<pycaret.internal.display.display.CommonDisplay object at 0x79a0448f00a0>, model_only=True, return_train_score=False, error_score=0.0, kwargs={})
2026-08-14 01:37:11,116:INFO:Checking exceptions
2026-08-14 01:37:11,116:INFO:Importing libraries
2026-08-14 01:37:11,116:INFO:Copying training dataset
2026-08-14 01:37:11,123:INFO:Defining folds
2026-08-14 01:37:11,123:INFO:Declaring metric variables
2026-08-14 01:37:11,127:INFO:Importing untrained model
2026-08-14 01:37:11,131:INFO:Decision Tree Classifier Imported successfully
2026-08-14 01:37:11,139:INFO:Starting cross validation
2026-08-14 01:37:11,143:INFO:Cross validating with StratifiedKFold(n_splits=10, random_state=None, shuffle=False), n_jobs=-1
2026-08-14 01:37:11,659:INFO:Calculating mean and std
2026-08-14 01:37:11,660:INFO:Creating metrics dataframe
2026-08-14 01:37:11,662:INFO:Uploading results into container
2026-08-14 01:37:11,662:INFO:Uploading model into container now
2026-08-14 01:37:11,662:INFO:_master_model_container: 2
2026-08-14 01:37:11,662:INFO:_display_container: 2
2026-08-14 01:37:11,663:INFO:DecisionTreeClassifier(ccp_alpha=0.0, class_weight=None, criterion='gini',
                       max_depth=None, max_features=None, max_leaf_nodes=None,
                       min_impurity_decrease=0.0, min_samples_leaf=1,
                       min_samples_split=2, min_weight_fraction_leaf=0.0,
                       monotonic_cst=None, random_state=123, splitter='best')
2026-08-14 01:37:11,663:INFO:create_model() successfully completed......................................
2026-08-14 01:37:11,828:INFO:SubProcess create_model() end ==================================
2026-08-14 01:37:11,829:INFO:Creating metrics dataframe
2026-08-14 01:37:11,837:INFO:Initializing Extra Trees Classifier
2026-08-14 01:37:11,837:INFO:Total runtime is 0.060284825166066494 minutes
2026-08-14 01:37:11,840:INFO:SubProcess create_model() called ==================================
2026-08-14 01:37:11,840:INFO:Initializing create_model()
2026-08-14 01:37:11,840:INFO:create_model(self=<pycaret.classification.oop.ClassificationExperiment object at 0x79a07c97eb60>, estimator=et, fold=StratifiedKFold(n_splits=10, random_state=None, shuffle=False), round=4, cross_validation=True, predict=True, fit_kwargs={}, groups=None, refit=False, probability_threshold=None, experiment_custom_tags=None, verbose=False, system=False, add_to_model_list=True, metrics=None, display=<pycaret.internal.display.display.CommonDisplay object at 0x79a0448f00a0>, model_only=True, return_train_score=False, error_score=0.0, kwargs={})
2026-08-14 01:37:11,840:INFO:Checking exceptions
2026-08-14 01:37:11,840:INFO:Importing libraries
2026-08-14 01:37:11,840:INFO:Copying training dataset
2026-08-14 01:37:11,846:INFO:Defining folds
2026-08-14 01:37:11,846:INFO:Declaring metric variables
2026-08-14 01:37:11,851:INFO:Importing untrained model
2026-08-14 01:37:11,855:INFO:Extra Trees Classifier Imported successfully
2026-08-14 01:37:11,861:INFO:Starting cross validation
2026-08-14 01:37:11,864:INFO:Cross validating with StratifiedKFold(n_splits=10, random_state=None, shuffle=False), n_jobs=-1
2026-08-14 01:37:13,243:WARNING:/home/murtaza-ali/anaconda3/envs/pycaret_env/lib/python3.10/site-packages/sklearn/metrics/_classification.py:1509: UndefinedMetricWarning: Precision is ill-defined and being set to 0.0 due to no predicted samples. Use `zero_division` parameter to control this behavior.
  _warn_prf(average, modifier, f"{metric.capitalize()} is", len(result))

2026-08-14 01:37:13,253:WARNING:/home/murtaza-ali/anaconda3/envs/pycaret_env/lib/python3.10/site-packages/sklearn/metrics/_classification.py:1509: UndefinedMetricWarning: Precision is ill-defined and being set to 0.0 due to no predicted samples. Use `zero_division` parameter to control this behavior.
  _warn_prf(average, modifier, f"{metric.capitalize()} is", len(result))

2026-08-14 01:37:13,267:WARNING:/home/murtaza-ali/anaconda3/envs/pycaret_env/lib/python3.10/site-packages/sklearn/metrics/_classification.py:1509: UndefinedMetricWarning: Precision is ill-defined and being set to 0.0 due to no predicted samples. Use `zero_division` parameter to control this behavior.
  _warn_prf(average, modifier, f"{metric.capitalize()} is", len(result))

2026-08-14 01:37:13,269:WARNING:/home/murtaza-ali/anaconda3/envs/pycaret_env/lib/python3.10/site-packages/sklearn/metrics/_classification.py:1509: UndefinedMetricWarning: Precision is ill-defined and being set to 0.0 due to no predicted samples. Use `zero_division` parameter to control this behavior.
  _warn_prf(average, modifier, f"{metric.capitalize()} is", len(result))

2026-08-14 01:37:13,291:WARNING:/home/murtaza-ali/anaconda3/envs/pycaret_env/lib/python3.10/site-packages/sklearn/metrics/_classification.py:1509: UndefinedMetricWarning: Precision is ill-defined and being set to 0.0 due to no predicted samples. Use `zero_division` parameter to control this behavior.
  _warn_prf(average, modifier, f"{metric.capitalize()} is", len(result))

2026-08-14 01:37:13,723:WARNING:/home/murtaza-ali/anaconda3/envs/pycaret_env/lib/python3.10/site-packages/sklearn/metrics/_classification.py:1509: UndefinedMetricWarning: Precision is ill-defined and being set to 0.0 due to no predicted samples. Use `zero_division` parameter to control this behavior.
  _warn_prf(average, modifier, f"{metric.capitalize()} is", len(result))

2026-08-14 01:37:13,749:WARNING:/home/murtaza-ali/anaconda3/envs/pycaret_env/lib/python3.10/site-packages/sklearn/metrics/_classification.py:1509: UndefinedMetricWarning: Precision is ill-defined and being set to 0.0 due to no predicted samples. Use `zero_division` parameter to control this behavior.
  _warn_prf(average, modifier, f"{metric.capitalize()} is", len(result))

2026-08-14 01:37:13,756:INFO:Calculating mean and std
2026-08-14 01:37:13,757:INFO:Creating metrics dataframe
2026-08-14 01:37:13,759:INFO:Uploading results into container
2026-08-14 01:37:13,760:INFO:Uploading model into container now
2026-08-14 01:37:13,760:INFO:_master_model_container: 3
2026-08-14 01:37:13,760:INFO:_display_container: 2
2026-08-14 01:37:13,760:INFO:ExtraTreesClassifier(bootstrap=False, ccp_alpha=0.0, class_weight=None,
                     criterion='gini', max_depth=None, max_features='sqrt',
                     max_leaf_nodes=None, max_samples=None,
                     min_impurity_decrease=0.0, min_samples_leaf=1,
                     min_samples_split=2, min_weight_fraction_leaf=0.0,
                     monotonic_cst=None, n_estimators=100, n_jobs=-1,
                     oob_score=False, random_state=123, verbose=0,
                     warm_start=False)
2026-08-14 01:37:13,760:INFO:create_model() successfully completed......................................
2026-08-14 01:37:13,930:INFO:SubProcess create_model() end ==================================
2026-08-14 01:37:13,930:INFO:Creating metrics dataframe
2026-08-14 01:37:13,938:INFO:Initializing Gradient Boosting Classifier
2026-08-14 01:37:13,938:INFO:Total runtime is 0.09529388745625814 minutes
2026-08-14 01:37:13,941:INFO:SubProcess create_model() called ==================================
2026-08-14 01:37:13,941:INFO:Initializing create_model()
2026-08-14 01:37:13,941:INFO:create_model(self=<pycaret.classification.oop.ClassificationExperiment object at 0x79a07c97eb60>, estimator=gbc, fold=StratifiedKFold(n_splits=10, random_state=None, shuffle=False), round=4, cross_validation=True, predict=True, fit_kwargs={}, groups=None, refit=False, probability_threshold=None, experiment_custom_tags=None, verbose=False, system=False, add_to_model_list=True, metrics=None, display=<pycaret.internal.display.display.CommonDisplay object at 0x79a0448f00a0>, model_only=True, return_train_score=False, error_score=0.0, kwargs={})
2026-08-14 01:37:13,942:INFO:Checking exceptions
2026-08-14 01:37:13,942:INFO:Importing libraries
2026-08-14 01:37:13,942:INFO:Copying training dataset
2026-08-14 01:37:13,948:INFO:Defining folds
2026-08-14 01:37:13,948:INFO:Declaring metric variables
2026-08-14 01:37:13,952:INFO:Importing untrained model
2026-08-14 01:37:13,957:INFO:Gradient Boosting Classifier Imported successfully
2026-08-14 01:37:13,965:INFO:Starting cross validation
2026-08-14 01:37:13,967:INFO:Cross validating with StratifiedKFold(n_splits=10, random_state=None, shuffle=False), n_jobs=-1
2026-08-14 01:37:18,558:WARNING:/home/murtaza-ali/anaconda3/envs/pycaret_env/lib/python3.10/site-packages/sklearn/metrics/_classification.py:1509: UndefinedMetricWarning: Precision is ill-defined and being set to 0.0 due to no predicted samples. Use `zero_division` parameter to control this behavior.
  _warn_prf(average, modifier, f"{metric.capitalize()} is", len(result))

2026-08-14 01:37:18,593:WARNING:/home/murtaza-ali/anaconda3/envs/pycaret_env/lib/python3.10/site-packages/sklearn/metrics/_classification.py:1509: UndefinedMetricWarning: Precision is ill-defined and being set to 0.0 due to no predicted samples. Use `zero_division` parameter to control this behavior.
  _warn_prf(average, modifier, f"{metric.capitalize()} is", len(result))

2026-08-14 01:37:18,596:WARNING:/home/murtaza-ali/anaconda3/envs/pycaret_env/lib/python3.10/site-packages/sklearn/metrics/_classification.py:1509: UndefinedMetricWarning: Precision is ill-defined and being set to 0.0 due to no predicted samples. Use `zero_division` parameter to control this behavior.
  _warn_prf(average, modifier, f"{metric.capitalize()} is", len(result))

2026-08-14 01:37:18,603:WARNING:/home/murtaza-ali/anaconda3/envs/pycaret_env/lib/python3.10/site-packages/sklearn/metrics/_classification.py:1509: UndefinedMetricWarning: Precision is ill-defined and being set to 0.0 due to no predicted samples. Use `zero_division` parameter to control this behavior.
  _warn_prf(average, modifier, f"{metric.capitalize()} is", len(result))

2026-08-14 01:37:18,620:WARNING:/home/murtaza-ali/anaconda3/envs/pycaret_env/lib/python3.10/site-packages/sklearn/metrics/_classification.py:1509: UndefinedMetricWarning: Precision is ill-defined and being set to 0.0 due to no predicted samples. Use `zero_division` parameter to control this behavior.
  _warn_prf(average, modifier, f"{metric.capitalize()} is", len(result))

2026-08-14 01:37:18,629:WARNING:/home/murtaza-ali/anaconda3/envs/pycaret_env/lib/python3.10/site-packages/sklearn/metrics/_classification.py:1509: UndefinedMetricWarning: Precision is ill-defined and being set to 0.0 due to no predicted samples. Use `zero_division` parameter to control this behavior.
  _warn_prf(average, modifier, f"{metric.capitalize()} is", len(result))

2026-08-14 01:37:21,411:WARNING:/home/murtaza-ali/anaconda3/envs/pycaret_env/lib/python3.10/site-packages/sklearn/metrics/_classification.py:1509: UndefinedMetricWarning: Precision is ill-defined and being set to 0.0 due to no predicted samples. Use `zero_division` parameter to control this behavior.
  _warn_prf(average, modifier, f"{metric.capitalize()} is", len(result))

2026-08-14 01:37:21,430:WARNING:/home/murtaza-ali/anaconda3/envs/pycaret_env/lib/python3.10/site-packages/sklearn/metrics/_classification.py:1509: UndefinedMetricWarning: Precision is ill-defined and being set to 0.0 due to no predicted samples. Use `zero_division` parameter to control this behavior.
  _warn_prf(average, modifier, f"{metric.capitalize()} is", len(result))

2026-08-14 01:37:21,446:INFO:Calculating mean and std
2026-08-14 01:37:21,447:INFO:Creating metrics dataframe
2026-08-14 01:37:21,449:INFO:Uploading results into container
2026-08-14 01:37:21,450:INFO:Uploading model into container now
2026-08-14 01:37:21,450:INFO:_master_model_container: 4
2026-08-14 01:37:21,450:INFO:_display_container: 2
2026-08-14 01:37:21,450:INFO:GradientBoostingClassifier(ccp_alpha=0.0, criterion='friedman_mse', init=None,
                           learning_rate=0.1, loss='log_loss', max_depth=3,
                           max_features=None, max_leaf_nodes=None,
                           min_impurity_decrease=0.0, min_samples_leaf=1,
                           min_samples_split=2, min_weight_fraction_leaf=0.0,
                           n_estimators=100, n_iter_no_change=None,
                           random_state=123, subsample=1.0, tol=0.0001,
                           validation_fraction=0.1, verbose=0,
                           warm_start=False)
2026-08-14 01:37:21,450:INFO:create_model() successfully completed......................................
2026-08-14 01:37:21,629:INFO:SubProcess create_model() end ==================================
2026-08-14 01:37:21,630:INFO:Creating metrics dataframe
2026-08-14 01:37:21,636:INFO:Initializing Ada Boost Classifier
2026-08-14 01:37:21,636:INFO:Total runtime is 0.22359733581542968 minutes
2026-08-14 01:37:21,639:INFO:SubProcess create_model() called ==================================
2026-08-14 01:37:21,639:INFO:Initializing create_model()
2026-08-14 01:37:21,639:INFO:create_model(self=<pycaret.classification.oop.ClassificationExperiment object at 0x79a07c97eb60>, estimator=ada, fold=StratifiedKFold(n_splits=10, random_state=None, shuffle=False), round=4, cross_validation=True, predict=True, fit_kwargs={}, groups=None, refit=False, probability_threshold=None, experiment_custom_tags=None, verbose=False, system=False, add_to_model_list=True, metrics=None, display=<pycaret.internal.display.display.CommonDisplay object at 0x79a0448f00a0>, model_only=True, return_train_score=False, error_score=0.0, kwargs={})
2026-08-14 01:37:21,639:INFO:Checking exceptions
2026-08-14 01:37:21,639:INFO:Importing libraries
2026-08-14 01:37:21,640:INFO:Copying training dataset
2026-08-14 01:37:21,646:INFO:Defining folds
2026-08-14 01:37:21,646:INFO:Declaring metric variables
2026-08-14 01:37:21,651:INFO:Importing untrained model
2026-08-14 01:37:21,655:INFO:Ada Boost Classifier Imported successfully
2026-08-14 01:37:21,662:INFO:Starting cross validation
2026-08-14 01:37:21,665:INFO:Cross validating with StratifiedKFold(n_splits=10, random_state=None, shuffle=False), n_jobs=-1
2026-08-14 01:37:21,848:WARNING:/home/murtaza-ali/anaconda3/envs/pycaret_env/lib/python3.10/site-packages/sklearn/ensemble/_weight_boosting.py:519: FutureWarning: The SAMME.R algorithm (the default) is deprecated and will be removed in 1.6. Use the SAMME algorithm to circumvent this warning.
  warnings.warn(

2026-08-14 01:37:21,850:WARNING:/home/murtaza-ali/anaconda3/envs/pycaret_env/lib/python3.10/site-packages/sklearn/ensemble/_weight_boosting.py:519: FutureWarning: The SAMME.R algorithm (the default) is deprecated and will be removed in 1.6. Use the SAMME algorithm to circumvent this warning.
  warnings.warn(

2026-08-14 01:37:21,851:WARNING:/home/murtaza-ali/anaconda3/envs/pycaret_env/lib/python3.10/site-packages/sklearn/ensemble/_weight_boosting.py:519: FutureWarning: The SAMME.R algorithm (the default) is deprecated and will be removed in 1.6. Use the SAMME algorithm to circumvent this warning.
  warnings.warn(

2026-08-14 01:37:21,864:WARNING:/home/murtaza-ali/anaconda3/envs/pycaret_env/lib/python3.10/site-packages/sklearn/ensemble/_weight_boosting.py:519: FutureWarning: The SAMME.R algorithm (the default) is deprecated and will be removed in 1.6. Use the SAMME algorithm to circumvent this warning.
  warnings.warn(

2026-08-14 01:37:21,865:WARNING:/home/murtaza-ali/anaconda3/envs/pycaret_env/lib/python3.10/site-packages/sklearn/ensemble/_weight_boosting.py:519: FutureWarning: The SAMME.R algorithm (the default) is deprecated and will be removed in 1.6. Use the SAMME algorithm to circumvent this warning.
  warnings.warn(

2026-08-14 01:37:21,866:WARNING:/home/murtaza-ali/anaconda3/envs/pycaret_env/lib/python3.10/site-packages/sklearn/ensemble/_weight_boosting.py:519: FutureWarning: The SAMME.R algorithm (the default) is deprecated and will be removed in 1.6. Use the SAMME algorithm to circumvent this warning.
  warnings.warn(

2026-08-14 01:37:21,875:WARNING:/home/murtaza-ali/anaconda3/envs/pycaret_env/lib/python3.10/site-packages/sklearn/ensemble/_weight_boosting.py:519: FutureWarning: The SAMME.R algorithm (the default) is deprecated and will be removed in 1.6. Use the SAMME algorithm to circumvent this warning.
  warnings.warn(

2026-08-14 01:37:21,886:WARNING:/home/murtaza-ali/anaconda3/envs/pycaret_env/lib/python3.10/site-packages/sklearn/ensemble/_weight_boosting.py:519: FutureWarning: The SAMME.R algorithm (the default) is deprecated and will be removed in 1.6. Use the SAMME algorithm to circumvent this warning.
  warnings.warn(

2026-08-14 01:37:23,012:WARNING:/home/murtaza-ali/anaconda3/envs/pycaret_env/lib/python3.10/site-packages/sklearn/metrics/_classification.py:1509: UndefinedMetricWarning: Precision is ill-defined and being set to 0.0 due to no predicted samples. Use `zero_division` parameter to control this behavior.
  _warn_prf(average, modifier, f"{metric.capitalize()} is", len(result))

2026-08-14 01:37:23,017:WARNING:/home/murtaza-ali/anaconda3/envs/pycaret_env/lib/python3.10/site-packages/sklearn/metrics/_classification.py:1509: UndefinedMetricWarning: Precision is ill-defined and being set to 0.0 due to no predicted samples. Use `zero_division` parameter to control this behavior.
  _warn_prf(average, modifier, f"{metric.capitalize()} is", len(result))

2026-08-14 01:37:23,024:WARNING:/home/murtaza-ali/anaconda3/envs/pycaret_env/lib/python3.10/site-packages/sklearn/metrics/_classification.py:1509: UndefinedMetricWarning: Precision is ill-defined and being set to 0.0 due to no predicted samples. Use `zero_division` parameter to control this behavior.
  _warn_prf(average, modifier, f"{metric.capitalize()} is", len(result))

2026-08-14 01:37:23,031:WARNING:/home/murtaza-ali/anaconda3/envs/pycaret_env/lib/python3.10/site-packages/sklearn/metrics/_classification.py:1509: UndefinedMetricWarning: Precision is ill-defined and being set to 0.0 due to no predicted samples. Use `zero_division` parameter to control this behavior.
  _warn_prf(average, modifier, f"{metric.capitalize()} is", len(result))

2026-08-14 01:37:23,039:WARNING:/home/murtaza-ali/anaconda3/envs/pycaret_env/lib/python3.10/site-packages/sklearn/metrics/_classification.py:1509: UndefinedMetricWarning: Precision is ill-defined and being set to 0.0 due to no predicted samples. Use `zero_division` parameter to control this behavior.
  _warn_prf(average, modifier, f"{metric.capitalize()} is", len(result))

2026-08-14 01:37:23,040:WARNING:/home/murtaza-ali/anaconda3/envs/pycaret_env/lib/python3.10/site-packages/sklearn/metrics/_classification.py:1509: UndefinedMetricWarning: Precision is ill-defined and being set to 0.0 due to no predicted samples. Use `zero_division` parameter to control this behavior.
  _warn_prf(average, modifier, f"{metric.capitalize()} is", len(result))

2026-08-14 01:37:23,048:WARNING:/home/murtaza-ali/anaconda3/envs/pycaret_env/lib/python3.10/site-packages/sklearn/metrics/_classification.py:1509: UndefinedMetricWarning: Precision is ill-defined and being set to 0.0 due to no predicted samples. Use `zero_division` parameter to control this behavior.
  _warn_prf(average, modifier, f"{metric.capitalize()} is", len(result))

2026-08-14 01:37:23,070:WARNING:/home/murtaza-ali/anaconda3/envs/pycaret_env/lib/python3.10/site-packages/sklearn/metrics/_classification.py:1509: UndefinedMetricWarning: Precision is ill-defined and being set to 0.0 due to no predicted samples. Use `zero_division` parameter to control this behavior.
  _warn_prf(average, modifier, f"{metric.capitalize()} is", len(result))

2026-08-14 01:37:23,133:WARNING:/home/murtaza-ali/anaconda3/envs/pycaret_env/lib/python3.10/site-packages/sklearn/ensemble/_weight_boosting.py:519: FutureWarning: The SAMME.R algorithm (the default) is deprecated and will be removed in 1.6. Use the SAMME algorithm to circumvent this warning.
  warnings.warn(

2026-08-14 01:37:23,142:WARNING:/home/murtaza-ali/anaconda3/envs/pycaret_env/lib/python3.10/site-packages/sklearn/ensemble/_weight_boosting.py:519: FutureWarning: The SAMME.R algorithm (the default) is deprecated and will be removed in 1.6. Use the SAMME algorithm to circumvent this warning.
  warnings.warn(

2026-08-14 01:37:23,820:WARNING:/home/murtaza-ali/anaconda3/envs/pycaret_env/lib/python3.10/site-packages/sklearn/metrics/_classification.py:1509: UndefinedMetricWarning: Precision is ill-defined and being set to 0.0 due to no predicted samples. Use `zero_division` parameter to control this behavior.
  _warn_prf(average, modifier, f"{metric.capitalize()} is", len(result))

2026-08-14 01:37:23,835:WARNING:/home/murtaza-ali/anaconda3/envs/pycaret_env/lib/python3.10/site-packages/sklearn/metrics/_classification.py:1509: UndefinedMetricWarning: Precision is ill-defined and being set to 0.0 due to no predicted samples. Use `zero_division` parameter to control this behavior.
  _warn_prf(average, modifier, f"{metric.capitalize()} is", len(result))

2026-08-14 01:37:23,843:INFO:Calculating mean and std
2026-08-14 01:37:23,844:INFO:Creating metrics dataframe
2026-08-14 01:37:23,846:INFO:Uploading results into container
2026-08-14 01:37:23,846:INFO:Uploading model into container now
2026-08-14 01:37:23,847:INFO:_master_model_container: 5
2026-08-14 01:37:23,847:INFO:_display_container: 2
2026-08-14 01:37:23,847:INFO:AdaBoostClassifier(algorithm='SAMME.R', estimator=None, learning_rate=1.0,
                   n_estimators=50, random_state=123)
2026-08-14 01:37:23,847:INFO:create_model() successfully completed......................................
2026-08-14 01:37:24,015:INFO:SubProcess create_model() end ==================================
2026-08-14 01:37:24,015:INFO:Creating metrics dataframe
2026-08-14 01:37:24,036:INFO:Initializing create_model()
2026-08-14 01:37:24,036:INFO:create_model(self=<pycaret.classification.oop.ClassificationExperiment object at 0x79a07c97eb60>, estimator=AdaBoostClassifier(algorithm='SAMME.R', estimator=None, learning_rate=1.0,
                   n_estimators=50, random_state=123), fold=StratifiedKFold(n_splits=10, random_state=None, shuffle=False), round=4, cross_validation=False, predict=False, fit_kwargs={}, groups=None, refit=True, probability_threshold=None, experiment_custom_tags=None, verbose=False, system=False, add_to_model_list=True, metrics=None, display=None, model_only=True, return_train_score=False, error_score=0.0, kwargs={})
2026-08-14 01:37:24,036:INFO:Checking exceptions
2026-08-14 01:37:24,039:INFO:Importing libraries
2026-08-14 01:37:24,039:INFO:Copying training dataset
2026-08-14 01:37:24,048:INFO:Defining folds
2026-08-14 01:37:24,049:INFO:Declaring metric variables
2026-08-14 01:37:24,049:INFO:Importing untrained model
2026-08-14 01:37:24,049:INFO:Declaring custom model
2026-08-14 01:37:24,050:INFO:Ada Boost Classifier Imported successfully
2026-08-14 01:37:24,052:INFO:Cross validation set to False
2026-08-14 01:37:24,052:INFO:Fitting Model
2026-08-14 01:37:24,143:WARNING:/home/murtaza-ali/anaconda3/envs/pycaret_env/lib/python3.10/site-packages/sklearn/ensemble/_weight_boosting.py:519: FutureWarning: The SAMME.R algorithm (the default) is deprecated and will be removed in 1.6. Use the SAMME algorithm to circumvent this warning.
2026-08-14 01:37:24,143:WARNING:  warnings.warn(
2026-08-14 01:37:24,834:INFO:AdaBoostClassifier(algorithm='SAMME.R', estimator=None, learning_rate=1.0,
                   n_estimators=50, random_state=123)
2026-08-14 01:37:24,834:INFO:create_model() successfully completed......................................
2026-08-14 01:37:25,028:INFO:_master_model_container: 5
2026-08-14 01:37:25,029:INFO:_display_container: 2
2026-08-14 01:37:25,029:INFO:AdaBoostClassifier(algorithm='SAMME.R', estimator=None, learning_rate=1.0,
                   n_estimators=50, random_state=123)
2026-08-14 01:37:25,029:INFO:compare_models() successfully completed......................................
2026-08-14 01:38:46,369:INFO:Initializing tune_model()
2026-08-14 01:38:46,370:INFO:tune_model(estimator=AdaBoostClassifier(algorithm='SAMME.R', estimator=None, learning_rate=1.0,
                   n_estimators=50, random_state=123), fold=None, round=4, n_iter=10, custom_grid=None, optimize=Accuracy, custom_scorer=None, search_library=scikit-learn, search_algorithm=None, early_stopping=False, early_stopping_max_iters=10, choose_better=True, fit_kwargs=None, groups=None, return_tuner=False, verbose=True, tuner_verbose=True, return_train_score=False, kwargs={}, self=<pycaret.classification.oop.ClassificationExperiment object at 0x79a07c97eb60>)
2026-08-14 01:38:46,370:INFO:Checking exceptions
2026-08-14 01:38:46,384:INFO:Copying training dataset
2026-08-14 01:38:46,388:INFO:Checking base model
2026-08-14 01:38:46,389:INFO:Base model : Ada Boost Classifier
2026-08-14 01:38:46,392:INFO:Declaring metric variables
2026-08-14 01:38:46,395:INFO:Defining Hyperparameters
2026-08-14 01:38:46,591:INFO:Tuning with n_jobs=-1
2026-08-14 01:38:46,591:INFO:Initializing RandomizedSearchCV
2026-08-14 01:39:44,738:INFO:best_params: {'actual_estimator__n_estimators': 230, 'actual_estimator__learning_rate': 0.4, 'actual_estimator__algorithm': 'SAMME'}
2026-08-14 01:39:44,739:INFO:Hyperparameter search completed
2026-08-14 01:39:44,739:INFO:SubProcess create_model() called ==================================
2026-08-14 01:39:44,739:INFO:Initializing create_model()
2026-08-14 01:39:44,740:INFO:create_model(self=<pycaret.classification.oop.ClassificationExperiment object at 0x79a07c97eb60>, estimator=AdaBoostClassifier(algorithm='SAMME.R', estimator=None, learning_rate=1.0,
                   n_estimators=50, random_state=123), fold=StratifiedKFold(n_splits=10, random_state=None, shuffle=False), round=4, cross_validation=True, predict=True, fit_kwargs={}, groups=None, refit=True, probability_threshold=None, experiment_custom_tags=None, verbose=True, system=False, add_to_model_list=True, metrics=None, display=<pycaret.internal.display.display.CommonDisplay object at 0x79a04421bc70>, model_only=True, return_train_score=False, error_score=0.0, kwargs={'n_estimators': 230, 'learning_rate': 0.4, 'algorithm': 'SAMME'})
2026-08-14 01:39:44,740:INFO:Checking exceptions
2026-08-14 01:39:44,740:INFO:Importing libraries
2026-08-14 01:39:44,740:INFO:Copying training dataset
2026-08-14 01:39:44,750:INFO:Defining folds
2026-08-14 01:39:44,750:INFO:Declaring metric variables
2026-08-14 01:39:44,754:INFO:Importing untrained model
2026-08-14 01:39:44,754:INFO:Declaring custom model
2026-08-14 01:39:44,760:INFO:Ada Boost Classifier Imported successfully
2026-08-14 01:39:44,768:INFO:Starting cross validation
2026-08-14 01:39:44,771:INFO:Cross validating with StratifiedKFold(n_splits=10, random_state=None, shuffle=False), n_jobs=-1
2026-08-14 01:39:51,616:WARNING:/home/murtaza-ali/anaconda3/envs/pycaret_env/lib/python3.10/site-packages/sklearn/metrics/_classification.py:1509: UndefinedMetricWarning: Precision is ill-defined and being set to 0.0 due to no predicted samples. Use `zero_division` parameter to control this behavior.
  _warn_prf(average, modifier, f"{metric.capitalize()} is", len(result))

2026-08-14 01:39:52,189:WARNING:/home/murtaza-ali/anaconda3/envs/pycaret_env/lib/python3.10/site-packages/sklearn/metrics/_classification.py:1509: UndefinedMetricWarning: Precision is ill-defined and being set to 0.0 due to no predicted samples. Use `zero_division` parameter to control this behavior.
  _warn_prf(average, modifier, f"{metric.capitalize()} is", len(result))

2026-08-14 01:39:52,373:WARNING:/home/murtaza-ali/anaconda3/envs/pycaret_env/lib/python3.10/site-packages/sklearn/metrics/_classification.py:1509: UndefinedMetricWarning: Precision is ill-defined and being set to 0.0 due to no predicted samples. Use `zero_division` parameter to control this behavior.
  _warn_prf(average, modifier, f"{metric.capitalize()} is", len(result))

2026-08-14 01:39:52,504:WARNING:/home/murtaza-ali/anaconda3/envs/pycaret_env/lib/python3.10/site-packages/sklearn/metrics/_classification.py:1509: UndefinedMetricWarning: Precision is ill-defined and being set to 0.0 due to no predicted samples. Use `zero_division` parameter to control this behavior.
  _warn_prf(average, modifier, f"{metric.capitalize()} is", len(result))

2026-08-14 01:39:52,787:WARNING:/home/murtaza-ali/anaconda3/envs/pycaret_env/lib/python3.10/site-packages/sklearn/metrics/_classification.py:1509: UndefinedMetricWarning: Precision is ill-defined and being set to 0.0 due to no predicted samples. Use `zero_division` parameter to control this behavior.
  _warn_prf(average, modifier, f"{metric.capitalize()} is", len(result))

2026-08-14 01:39:56,273:WARNING:/home/murtaza-ali/anaconda3/envs/pycaret_env/lib/python3.10/site-packages/sklearn/metrics/_classification.py:1509: UndefinedMetricWarning: Precision is ill-defined and being set to 0.0 due to no predicted samples. Use `zero_division` parameter to control this behavior.
  _warn_prf(average, modifier, f"{metric.capitalize()} is", len(result))

2026-08-14 01:39:56,405:INFO:Calculating mean and std
2026-08-14 01:39:56,406:INFO:Creating metrics dataframe
2026-08-14 01:39:56,414:INFO:Finalizing model
2026-08-14 01:40:00,169:INFO:Uploading results into container
2026-08-14 01:40:00,171:INFO:Uploading model into container now
2026-08-14 01:40:00,171:INFO:_master_model_container: 6
2026-08-14 01:40:00,172:INFO:_display_container: 3
2026-08-14 01:40:00,172:INFO:AdaBoostClassifier(algorithm='SAMME', estimator=None, learning_rate=0.4,
                   n_estimators=230, random_state=123)
2026-08-14 01:40:00,172:INFO:create_model() successfully completed......................................
2026-08-14 01:40:00,407:INFO:SubProcess create_model() end ==================================
2026-08-14 01:40:00,408:INFO:choose_better activated
2026-08-14 01:40:00,411:INFO:SubProcess create_model() called ==================================
2026-08-14 01:40:00,412:INFO:Initializing create_model()
2026-08-14 01:40:00,412:INFO:create_model(self=<pycaret.classification.oop.ClassificationExperiment object at 0x79a07c97eb60>, estimator=AdaBoostClassifier(algorithm='SAMME.R', estimator=None, learning_rate=1.0,
                   n_estimators=50, random_state=123), fold=StratifiedKFold(n_splits=10, random_state=None, shuffle=False), round=4, cross_validation=True, predict=True, fit_kwargs={}, groups=None, refit=True, probability_threshold=None, experiment_custom_tags=None, verbose=False, system=False, add_to_model_list=True, metrics=None, display=None, model_only=True, return_train_score=False, error_score=0.0, kwargs={})
2026-08-14 01:40:00,412:INFO:Checking exceptions
2026-08-14 01:40:00,414:INFO:Importing libraries
2026-08-14 01:40:00,414:INFO:Copying training dataset
2026-08-14 01:40:00,424:INFO:Defining folds
2026-08-14 01:40:00,424:INFO:Declaring metric variables
2026-08-14 01:40:00,425:INFO:Importing untrained model
2026-08-14 01:40:00,425:INFO:Declaring custom model
2026-08-14 01:40:00,426:INFO:Ada Boost Classifier Imported successfully
2026-08-14 01:40:00,426:INFO:Starting cross validation
2026-08-14 01:40:00,429:INFO:Cross validating with StratifiedKFold(n_splits=10, random_state=None, shuffle=False), n_jobs=-1
2026-08-14 01:40:00,668:WARNING:/home/murtaza-ali/anaconda3/envs/pycaret_env/lib/python3.10/site-packages/sklearn/ensemble/_weight_boosting.py:519: FutureWarning: The SAMME.R algorithm (the default) is deprecated and will be removed in 1.6. Use the SAMME algorithm to circumvent this warning.
  warnings.warn(

2026-08-14 01:40:00,677:WARNING:/home/murtaza-ali/anaconda3/envs/pycaret_env/lib/python3.10/site-packages/sklearn/ensemble/_weight_boosting.py:519: FutureWarning: The SAMME.R algorithm (the default) is deprecated and will be removed in 1.6. Use the SAMME algorithm to circumvent this warning.
  warnings.warn(

2026-08-14 01:40:00,678:WARNING:/home/murtaza-ali/anaconda3/envs/pycaret_env/lib/python3.10/site-packages/sklearn/ensemble/_weight_boosting.py:519: FutureWarning: The SAMME.R algorithm (the default) is deprecated and will be removed in 1.6. Use the SAMME algorithm to circumvent this warning.
  warnings.warn(

2026-08-14 01:40:00,684:WARNING:/home/murtaza-ali/anaconda3/envs/pycaret_env/lib/python3.10/site-packages/sklearn/ensemble/_weight_boosting.py:519: FutureWarning: The SAMME.R algorithm (the default) is deprecated and will be removed in 1.6. Use the SAMME algorithm to circumvent this warning.
  warnings.warn(

2026-08-14 01:40:00,701:WARNING:/home/murtaza-ali/anaconda3/envs/pycaret_env/lib/python3.10/site-packages/sklearn/ensemble/_weight_boosting.py:519: FutureWarning: The SAMME.R algorithm (the default) is deprecated and will be removed in 1.6. Use the SAMME algorithm to circumvent this warning.
  warnings.warn(

2026-08-14 01:40:00,736:WARNING:/home/murtaza-ali/anaconda3/envs/pycaret_env/lib/python3.10/site-packages/sklearn/ensemble/_weight_boosting.py:519: FutureWarning: The SAMME.R algorithm (the default) is deprecated and will be removed in 1.6. Use the SAMME algorithm to circumvent this warning.
  warnings.warn(

2026-08-14 01:40:00,794:WARNING:/home/murtaza-ali/anaconda3/envs/pycaret_env/lib/python3.10/site-packages/sklearn/ensemble/_weight_boosting.py:519: FutureWarning: The SAMME.R algorithm (the default) is deprecated and will be removed in 1.6. Use the SAMME algorithm to circumvent this warning.
  warnings.warn(

2026-08-14 01:40:01,011:WARNING:/home/murtaza-ali/anaconda3/envs/pycaret_env/lib/python3.10/site-packages/sklearn/ensemble/_weight_boosting.py:519: FutureWarning: The SAMME.R algorithm (the default) is deprecated and will be removed in 1.6. Use the SAMME algorithm to circumvent this warning.
  warnings.warn(

2026-08-14 01:40:02,405:WARNING:/home/murtaza-ali/anaconda3/envs/pycaret_env/lib/python3.10/site-packages/sklearn/metrics/_classification.py:1509: UndefinedMetricWarning: Precision is ill-defined and being set to 0.0 due to no predicted samples. Use `zero_division` parameter to control this behavior.
  _warn_prf(average, modifier, f"{metric.capitalize()} is", len(result))

2026-08-14 01:40:02,425:WARNING:/home/murtaza-ali/anaconda3/envs/pycaret_env/lib/python3.10/site-packages/sklearn/metrics/_classification.py:1509: UndefinedMetricWarning: Precision is ill-defined and being set to 0.0 due to no predicted samples. Use `zero_division` parameter to control this behavior.
  _warn_prf(average, modifier, f"{metric.capitalize()} is", len(result))

2026-08-14 01:40:02,449:WARNING:/home/murtaza-ali/anaconda3/envs/pycaret_env/lib/python3.10/site-packages/sklearn/metrics/_classification.py:1509: UndefinedMetricWarning: Precision is ill-defined and being set to 0.0 due to no predicted samples. Use `zero_division` parameter to control this behavior.
  _warn_prf(average, modifier, f"{metric.capitalize()} is", len(result))

2026-08-14 01:40:02,519:WARNING:/home/murtaza-ali/anaconda3/envs/pycaret_env/lib/python3.10/site-packages/sklearn/metrics/_classification.py:1509: UndefinedMetricWarning: Precision is ill-defined and being set to 0.0 due to no predicted samples. Use `zero_division` parameter to control this behavior.
  _warn_prf(average, modifier, f"{metric.capitalize()} is", len(result))

2026-08-14 01:40:02,533:WARNING:/home/murtaza-ali/anaconda3/envs/pycaret_env/lib/python3.10/site-packages/sklearn/metrics/_classification.py:1509: UndefinedMetricWarning: Precision is ill-defined and being set to 0.0 due to no predicted samples. Use `zero_division` parameter to control this behavior.
  _warn_prf(average, modifier, f"{metric.capitalize()} is", len(result))

2026-08-14 01:40:02,617:WARNING:/home/murtaza-ali/anaconda3/envs/pycaret_env/lib/python3.10/site-packages/sklearn/metrics/_classification.py:1509: UndefinedMetricWarning: Precision is ill-defined and being set to 0.0 due to no predicted samples. Use `zero_division` parameter to control this behavior.
  _warn_prf(average, modifier, f"{metric.capitalize()} is", len(result))

2026-08-14 01:40:02,653:WARNING:/home/murtaza-ali/anaconda3/envs/pycaret_env/lib/python3.10/site-packages/sklearn/metrics/_classification.py:1509: UndefinedMetricWarning: Precision is ill-defined and being set to 0.0 due to no predicted samples. Use `zero_division` parameter to control this behavior.
  _warn_prf(average, modifier, f"{metric.capitalize()} is", len(result))

2026-08-14 01:40:02,676:WARNING:/home/murtaza-ali/anaconda3/envs/pycaret_env/lib/python3.10/site-packages/sklearn/ensemble/_weight_boosting.py:519: FutureWarning: The SAMME.R algorithm (the default) is deprecated and will be removed in 1.6. Use the SAMME algorithm to circumvent this warning.
  warnings.warn(

2026-08-14 01:40:02,700:WARNING:/home/murtaza-ali/anaconda3/envs/pycaret_env/lib/python3.10/site-packages/sklearn/ensemble/_weight_boosting.py:519: FutureWarning: The SAMME.R algorithm (the default) is deprecated and will be removed in 1.6. Use the SAMME algorithm to circumvent this warning.
  warnings.warn(

2026-08-14 01:40:02,841:WARNING:/home/murtaza-ali/anaconda3/envs/pycaret_env/lib/python3.10/site-packages/sklearn/metrics/_classification.py:1509: UndefinedMetricWarning: Precision is ill-defined and being set to 0.0 due to no predicted samples. Use `zero_division` parameter to control this behavior.
  _warn_prf(average, modifier, f"{metric.capitalize()} is", len(result))

2026-08-14 01:40:03,696:WARNING:/home/murtaza-ali/anaconda3/envs/pycaret_env/lib/python3.10/site-packages/sklearn/metrics/_classification.py:1509: UndefinedMetricWarning: Precision is ill-defined and being set to 0.0 due to no predicted samples. Use `zero_division` parameter to control this behavior.
  _warn_prf(average, modifier, f"{metric.capitalize()} is", len(result))

2026-08-14 01:40:03,731:WARNING:/home/murtaza-ali/anaconda3/envs/pycaret_env/lib/python3.10/site-packages/sklearn/metrics/_classification.py:1509: UndefinedMetricWarning: Precision is ill-defined and being set to 0.0 due to no predicted samples. Use `zero_division` parameter to control this behavior.
  _warn_prf(average, modifier, f"{metric.capitalize()} is", len(result))

2026-08-14 01:40:03,749:INFO:Calculating mean and std
2026-08-14 01:40:03,750:INFO:Creating metrics dataframe
2026-08-14 01:40:03,752:INFO:Finalizing model
2026-08-14 01:40:03,873:WARNING:/home/murtaza-ali/anaconda3/envs/pycaret_env/lib/python3.10/site-packages/sklearn/ensemble/_weight_boosting.py:519: FutureWarning: The SAMME.R algorithm (the default) is deprecated and will be removed in 1.6. Use the SAMME algorithm to circumvent this warning.
2026-08-14 01:40:03,874:WARNING:  warnings.warn(
2026-08-14 01:40:04,832:INFO:Uploading results into container
2026-08-14 01:40:04,832:INFO:Uploading model into container now
2026-08-14 01:40:04,833:INFO:_master_model_container: 7
2026-08-14 01:40:04,833:INFO:_display_container: 4
2026-08-14 01:40:04,834:INFO:AdaBoostClassifier(algorithm='SAMME.R', estimator=None, learning_rate=1.0,
                   n_estimators=50, random_state=123)
2026-08-14 01:40:04,834:INFO:create_model() successfully completed......................................
2026-08-14 01:40:05,047:INFO:SubProcess create_model() end ==================================
2026-08-14 01:40:05,047:INFO:AdaBoostClassifier(algorithm='SAMME.R', estimator=None, learning_rate=1.0,
                   n_estimators=50, random_state=123) result for Accuracy is 0.9743
2026-08-14 01:40:05,048:INFO:AdaBoostClassifier(algorithm='SAMME', estimator=None, learning_rate=0.4,
                   n_estimators=230, random_state=123) result for Accuracy is 0.9663
2026-08-14 01:40:05,048:INFO:AdaBoostClassifier(algorithm='SAMME.R', estimator=None, learning_rate=1.0,
                   n_estimators=50, random_state=123) is best model
2026-08-14 01:40:05,048:INFO:choose_better completed
2026-08-14 01:40:05,048:INFO:Original model was better than the tuned model, hence it will be returned. NOTE: The display metrics are for the tuned model (not the original one).
2026-08-14 01:40:05,062:INFO:_master_model_container: 7
2026-08-14 01:40:05,062:INFO:_display_container: 3
2026-08-14 01:40:05,062:INFO:AdaBoostClassifier(algorithm='SAMME.R', estimator=None, learning_rate=1.0,
                   n_estimators=50, random_state=123)
2026-08-14 01:40:05,062:INFO:tune_model() successfully completed......................................
2026-08-14 01:44:54,075:INFO:Initializing plot_model()
2026-08-14 01:44:54,075:INFO:plot_model(plot=classification_report, fold=None, verbose=True, display=None, display_format=None, estimator=AdaBoostClassifier(algorithm='SAMME.R', estimator=None, learning_rate=1.0,
                   n_estimators=50, random_state=123), feature_name=None, fit_kwargs=None, groups=None, label=False, plot_kwargs=None, save=False, scale=1, self=<pycaret.classification.oop.ClassificationExperiment object at 0x79a07c97eb60>, system=True)
2026-08-14 01:44:54,075:INFO:Checking exceptions
2026-08-14 01:46:39,577:INFO:PyCaret ClassificationExperiment
2026-08-14 01:46:39,577:INFO:Logging name: clf-default-name
2026-08-14 01:46:39,577:INFO:ML Usecase: MLUsecase.CLASSIFICATION
2026-08-14 01:46:39,577:INFO:version 3.3.2
2026-08-14 01:46:39,577:INFO:Initializing setup()
2026-08-14 01:46:39,577:INFO:self.USI: 34a3
2026-08-14 01:46:39,578:INFO:self._variable_keys: {'idx', 'html_param', 'seed', 'logging_param', 'is_multiclass', 'gpu_n_jobs_param', 'exp_name_log', 'X_test', 'gpu_param', 'y', 'log_plots_param', 'memory', 'USI', 'X', 'data', 'fold_shuffle_param', 'fold_groups_param', 'pipeline', 'target_param', '_available_plots', 'fix_imbalance', 'n_jobs_param', 'y_test', 'exp_id', 'y_train', '_ml_usecase', 'fold_generator', 'X_train'}
2026-08-14 01:46:39,578:INFO:Checking environment
2026-08-14 01:46:39,578:INFO:python_version: 3.10.20
2026-08-14 01:46:39,578:INFO:python_build: ('main', 'Jun 11 2026 15:17:37')
2026-08-14 01:46:39,578:INFO:machine: x86_64
2026-08-14 01:46:39,578:INFO:platform: Linux-7.0.0-29-generic-x86_64-with-glibc2.43
2026-08-14 01:46:39,578:INFO:Memory: svmem(total=15885574144, available=9189052416, percent=42.2, used=6696521728, free=1886982144, active=7723638784, inactive=3974656000, buffers=164474880, cached=9257156608, shared=1636622336, slab=972546048)
2026-08-14 01:46:39,578:INFO:Physical Core: 4
2026-08-14 01:46:39,579:INFO:Logical Core: 8
2026-08-14 01:46:39,579:INFO:Checking libraries
2026-08-14 01:46:39,579:INFO:System:
2026-08-14 01:46:39,579:INFO:    python: 3.10.20 (main, Jun 11 2026, 15:17:37) [GCC 14.3.0]
2026-08-14 01:46:39,579:INFO:executable: /home/murtaza-ali/anaconda3/envs/pycaret_env/bin/python
2026-08-14 01:46:39,579:INFO:   machine: Linux-7.0.0-29-generic-x86_64-with-glibc2.43
2026-08-14 01:46:39,579:INFO:PyCaret required dependencies:
2026-08-14 01:46:39,579:INFO:                 pip: 26.1.2
2026-08-14 01:46:39,579:INFO:          setuptools: 83.0.0
2026-08-14 01:46:39,579:INFO:             pycaret: 3.3.2
2026-08-14 01:46:39,579:INFO:             IPython: 8.37.0
2026-08-14 01:46:39,579:INFO:          ipywidgets: 8.1.8
2026-08-14 01:46:39,579:INFO:                tqdm: 4.70.0
2026-08-14 01:46:39,579:INFO:               numpy: 1.26.4
2026-08-14 01:46:39,579:INFO:              pandas: 2.1.4
2026-08-14 01:46:39,579:INFO:              jinja2: 3.1.6
2026-08-14 01:46:39,579:INFO:               scipy: 1.11.4
2026-08-14 01:46:39,579:INFO:              joblib: 1.3.2
2026-08-14 01:46:39,579:INFO:             sklearn: 1.4.2
2026-08-14 01:46:39,579:INFO:                pyod: 3.4.0
2026-08-14 01:46:39,579:INFO:            imblearn: 0.14.2
2026-08-14 01:46:39,579:INFO:   category_encoders: 2.7.0
2026-08-14 01:46:39,580:INFO:            lightgbm: 4.7.0
2026-08-14 01:46:39,580:INFO:               numba: 0.66.0
2026-08-14 01:46:39,580:INFO:            requests: 2.34.2
2026-08-14 01:46:39,580:INFO:          matplotlib: 3.7.5
2026-08-14 01:46:39,580:INFO:          scikitplot: 0.3.7
2026-08-14 01:46:39,580:INFO:         yellowbrick: 1.5
2026-08-14 01:46:39,580:INFO:              plotly: 6.9.0
2026-08-14 01:46:39,580:INFO:    plotly-resampler: Not installed
2026-08-14 01:46:39,580:INFO:             kaleido: 1.3.0
2026-08-14 01:46:39,580:INFO:           schemdraw: 0.15
2026-08-14 01:46:39,580:INFO:         statsmodels: 0.14.6
2026-08-14 01:46:39,580:INFO:              sktime: 0.26.0
2026-08-14 01:46:39,580:INFO:               tbats: 1.1.3
2026-08-14 01:46:39,580:INFO:            pmdarima: 2.0.4
2026-08-14 01:46:39,580:INFO:              psutil: 7.2.2
2026-08-14 01:46:39,580:INFO:          markupsafe: 3.0.3
2026-08-14 01:46:39,580:INFO:             pickle5: Not installed
2026-08-14 01:46:39,580:INFO:         cloudpickle: 3.1.2
2026-08-14 01:46:39,580:INFO:         deprecation: 2.1.0
2026-08-14 01:46:39,580:INFO:              xxhash: 3.8.1
2026-08-14 01:46:39,580:INFO:           wurlitzer: 3.1.1
2026-08-14 01:46:39,580:INFO:PyCaret optional dependencies:
2026-08-14 01:46:39,580:INFO:                shap: Not installed
2026-08-14 01:46:39,580:INFO:           interpret: Not installed
2026-08-14 01:46:39,580:INFO:                umap: Not installed
2026-08-14 01:46:39,581:INFO:     ydata_profiling: Not installed
2026-08-14 01:46:39,581:INFO:  explainerdashboard: Not installed
2026-08-14 01:46:39,581:INFO:             autoviz: Not installed
2026-08-14 01:46:39,581:INFO:           fairlearn: Not installed
2026-08-14 01:46:39,581:INFO:          deepchecks: Not installed
2026-08-14 01:46:39,581:INFO:             xgboost: Not installed
2026-08-14 01:46:39,581:INFO:            catboost: Not installed
2026-08-14 01:46:39,581:INFO:              kmodes: Not installed
2026-08-14 01:46:39,581:INFO:             mlxtend: Not installed
2026-08-14 01:46:39,581:INFO:       statsforecast: Not installed
2026-08-14 01:46:39,581:INFO:        tune_sklearn: Not installed
2026-08-14 01:46:39,581:INFO:                 ray: Not installed
2026-08-14 01:46:39,581:INFO:            hyperopt: Not installed
2026-08-14 01:46:39,581:INFO:              optuna: Not installed
2026-08-14 01:46:39,581:INFO:               skopt: Not installed
2026-08-14 01:46:39,581:INFO:              mlflow: Not installed
2026-08-14 01:46:39,581:INFO:              gradio: Not installed
2026-08-14 01:46:39,581:INFO:             fastapi: Not installed
2026-08-14 01:46:39,581:INFO:             uvicorn: Not installed
2026-08-14 01:46:39,581:INFO:              m2cgen: Not installed
2026-08-14 01:46:39,581:INFO:           evidently: Not installed
2026-08-14 01:46:39,581:INFO:               fugue: Not installed
2026-08-14 01:46:39,581:INFO:           streamlit: Not installed
2026-08-14 01:46:39,581:INFO:             prophet: Not installed
2026-08-14 01:46:39,581:INFO:None
2026-08-14 01:46:39,581:INFO:Set up data.
2026-08-14 01:46:39,599:INFO:Set up folding strategy.
2026-08-14 01:46:39,599:INFO:Set up train/test split.
2026-08-14 01:46:39,613:INFO:Set up index.
2026-08-14 01:46:39,613:INFO:Assigning column types.
2026-08-14 01:46:39,620:INFO:Engine successfully changes for model 'lr' to 'sklearn'.
2026-08-14 01:46:39,674:INFO:Engine for model 'knn' has not been set explicitly, hence returning None.
2026-08-14 01:46:39,675:INFO:Engine for model 'rbfsvm' has not been set explicitly, hence returning None.
2026-08-14 01:46:39,705:WARNING:
'xgboost' is a soft dependency and not included in the pycaret installation. Please run: `pip install xgboost` to install.
Alternately, you can install this by running `pip install pycaret[models]`
2026-08-14 01:46:39,705:WARNING:
'catboost' is a soft dependency and not included in the pycaret installation. Please run: `pip install catboost` to install.
Alternately, you can install this by running `pip install pycaret[models]`
2026-08-14 01:46:39,752:INFO:Engine for model 'knn' has not been set explicitly, hence returning None.
2026-08-14 01:46:39,753:INFO:Engine for model 'rbfsvm' has not been set explicitly, hence returning None.
2026-08-14 01:46:39,781:WARNING:
'xgboost' is a soft dependency and not included in the pycaret installation. Please run: `pip install xgboost` to install.
Alternately, you can install this by running `pip install pycaret[models]`
2026-08-14 01:46:39,781:WARNING:
'catboost' is a soft dependency and not included in the pycaret installation. Please run: `pip install catboost` to install.
Alternately, you can install this by running `pip install pycaret[models]`
2026-08-14 01:46:39,782:INFO:Engine successfully changes for model 'knn' to 'sklearn'.
2026-08-14 01:46:39,828:INFO:Engine for model 'rbfsvm' has not been set explicitly, hence returning None.
2026-08-14 01:46:39,858:WARNING:
'xgboost' is a soft dependency and not included in the pycaret installation. Please run: `pip install xgboost` to install.
Alternately, you can install this by running `pip install pycaret[models]`
2026-08-14 01:46:39,858:WARNING:
'catboost' is a soft dependency and not included in the pycaret installation. Please run: `pip install catboost` to install.
Alternately, you can install this by running `pip install pycaret[models]`
2026-08-14 01:46:39,905:INFO:Engine for model 'rbfsvm' has not been set explicitly, hence returning None.
2026-08-14 01:46:39,934:WARNING:
'xgboost' is a soft dependency and not included in the pycaret installation. Please run: `pip install xgboost` to install.
Alternately, you can install this by running `pip install pycaret[models]`
2026-08-14 01:46:39,934:WARNING:
'catboost' is a soft dependency and not included in the pycaret installation. Please run: `pip install catboost` to install.
Alternately, you can install this by running `pip install pycaret[models]`
2026-08-14 01:46:39,934:INFO:Engine successfully changes for model 'rbfsvm' to 'sklearn'.
2026-08-14 01:46:40,009:WARNING:
'xgboost' is a soft dependency and not included in the pycaret installation. Please run: `pip install xgboost` to install.
Alternately, you can install this by running `pip install pycaret[models]`
2026-08-14 01:46:40,009:WARNING:
'catboost' is a soft dependency and not included in the pycaret installation. Please run: `pip install catboost` to install.
Alternately, you can install this by running `pip install pycaret[models]`
2026-08-14 01:46:40,085:WARNING:
'xgboost' is a soft dependency and not included in the pycaret installation. Please run: `pip install xgboost` to install.
Alternately, you can install this by running `pip install pycaret[models]`
2026-08-14 01:46:40,085:WARNING:
'catboost' is a soft dependency and not included in the pycaret installation. Please run: `pip install catboost` to install.
Alternately, you can install this by running `pip install pycaret[models]`
2026-08-14 01:46:40,086:INFO:Preparing preprocessing pipeline...
2026-08-14 01:46:40,087:INFO:Set up simple imputation.
2026-08-14 01:46:40,090:INFO:Set up encoding of categorical features.
2026-08-14 01:46:40,090:INFO:Set up imbalanced handling.
2026-08-14 01:46:40,178:INFO:Finished creating preprocessing pipeline.
2026-08-14 01:46:40,185:INFO:Pipeline: Pipeline(memory=FastMemory(location=/tmp/joblib),
         steps=[('numerical_imputer',
                 TransformerWrapper(exclude=None,
                                    include=['age', 'avg_order_value',
                                             'total_orders', 'last_purchase',
                                             'email_open_rate', 'loyalty_score',
                                             'churn_risk'],
                                    transformer=SimpleImputer(add_indicator=False,
                                                              copy=True,
                                                              fill_value=None,
                                                              keep_empty_features=False,
                                                              missing_values=nan,
                                                              strategy='me...
                                    transformer=OneHotEncoder(cols=['gender',
                                                                    'country',
                                                                    'preferred_category'],
                                                              drop_invariant=False,
                                                              handle_missing='return_nan',
                                                              handle_unknown='value',
                                                              return_df=True,
                                                              use_cat_names=True,
                                                              verbose=0))),
                ('balance',
                 TransformerWrapper(exclude=None, include=None,
                                    transformer=FixImbalancer(estimator=SMOTE(k_neighbors=5,
                                                                              random_state=123,
                                                                              sampling_strategy='auto'))))],
         verbose=False)
2026-08-14 01:46:40,185:INFO:Creating final display dataframe.
2026-08-14 01:46:40,449:INFO:Setup _display_container:                     Description             Value
0                    Session id               123
1                        Target     is_fraudulent
2                   Target type            Binary
3           Original data shape        (5000, 13)
4        Transformed data shape        (8320, 26)
5   Transformed train set shape        (6820, 26)
6    Transformed test set shape        (1500, 26)
7               Ignore features                 2
8              Numeric features                 7
9          Categorical features                 3
10     Rows with missing values              9.8%
11                   Preprocess              True
12              Imputation type            simple
13           Numeric imputation              mean
14       Categorical imputation              mode
15     Maximum one-hot encoding                25
16              Encoding method              None
17                Fix imbalance              True
18         Fix imbalance method             SMOTE
19               Fold Generator   StratifiedKFold
20                  Fold Number                10
21                     CPU Jobs                -1
22                      Use GPU             False
23               Log Experiment             False
24              Experiment Name  clf-default-name
25                          USI              34a3
2026-08-14 01:46:40,574:WARNING:
'xgboost' is a soft dependency and not included in the pycaret installation. Please run: `pip install xgboost` to install.
Alternately, you can install this by running `pip install pycaret[models]`
2026-08-14 01:46:40,574:WARNING:
'catboost' is a soft dependency and not included in the pycaret installation. Please run: `pip install catboost` to install.
Alternately, you can install this by running `pip install pycaret[models]`
2026-08-14 01:46:40,667:WARNING:
'xgboost' is a soft dependency and not included in the pycaret installation. Please run: `pip install xgboost` to install.
Alternately, you can install this by running `pip install pycaret[models]`
2026-08-14 01:46:40,667:WARNING:
'catboost' is a soft dependency and not included in the pycaret installation. Please run: `pip install catboost` to install.
Alternately, you can install this by running `pip install pycaret[models]`
2026-08-14 01:46:40,669:INFO:setup() successfully completed in 1.09s...............
2026-08-14 01:46:49,147:INFO:Initializing compare_models()
2026-08-14 01:46:49,147:INFO:compare_models(self=<pycaret.classification.oop.ClassificationExperiment object at 0x79a03d037550>, include=['rf', 'dt', 'et', 'gbc', 'ada'], fold=None, round=4, cross_validation=True, sort=F1, n_select=1, budget_time=None, turbo=True, errors=ignore, fit_kwargs=None, groups=None, experiment_custom_tags=None, probability_threshold=None, verbose=True, parallel=None, caller_params={'self': <pycaret.classification.oop.ClassificationExperiment object at 0x79a03d037550>, 'include': ['rf', 'dt', 'et', 'gbc', 'ada'], 'exclude': None, 'fold': None, 'round': 4, 'cross_validation': True, 'sort': 'F1', 'n_select': 1, 'budget_time': None, 'turbo': True, 'errors': 'ignore', 'fit_kwargs': None, 'groups': None, 'experiment_custom_tags': None, 'probability_threshold': None, 'engine': None, 'verbose': True, 'parallel': None, '__class__': <class 'pycaret.classification.oop.ClassificationExperiment'>}, exclude=None)
2026-08-14 01:46:49,147:INFO:Checking exceptions
2026-08-14 01:46:49,151:INFO:Preparing display monitor
2026-08-14 01:46:49,171:INFO:Initializing Random Forest Classifier
2026-08-14 01:46:49,171:INFO:Total runtime is 3.258387247721354e-06 minutes
2026-08-14 01:46:49,177:INFO:SubProcess create_model() called ==================================
2026-08-14 01:46:49,178:INFO:Initializing create_model()
2026-08-14 01:46:49,178:INFO:create_model(self=<pycaret.classification.oop.ClassificationExperiment object at 0x79a03d037550>, estimator=rf, fold=StratifiedKFold(n_splits=10, random_state=None, shuffle=False), round=4, cross_validation=True, predict=True, fit_kwargs={}, groups=None, refit=False, probability_threshold=None, experiment_custom_tags=None, verbose=False, system=False, add_to_model_list=True, metrics=None, display=<pycaret.internal.display.display.CommonDisplay object at 0x79a07c72f880>, model_only=True, return_train_score=False, error_score=0.0, kwargs={})
2026-08-14 01:46:49,178:INFO:Checking exceptions
2026-08-14 01:46:49,178:INFO:Importing libraries
2026-08-14 01:46:49,178:INFO:Copying training dataset
2026-08-14 01:46:49,187:INFO:Defining folds
2026-08-14 01:46:49,187:INFO:Declaring metric variables
2026-08-14 01:46:49,190:INFO:Importing untrained model
2026-08-14 01:46:49,194:INFO:Random Forest Classifier Imported successfully
2026-08-14 01:46:49,202:INFO:Starting cross validation
2026-08-14 01:46:49,204:INFO:Cross validating with StratifiedKFold(n_splits=10, random_state=None, shuffle=False), n_jobs=-1
2026-08-14 01:46:52,008:WARNING:/home/murtaza-ali/anaconda3/envs/pycaret_env/lib/python3.10/site-packages/_distutils_hack/__init__.py:30: UserWarning: Setuptools is replacing distutils. Support for replacing an already imported distutils is deprecated. In the future, this condition will fail. Register concerns at https://github.com/pypa/setuptools/issues/new?template=distutils-deprecation.yml
  warnings.warn(

2026-08-14 01:46:52,058:WARNING:/home/murtaza-ali/anaconda3/envs/pycaret_env/lib/python3.10/site-packages/_distutils_hack/__init__.py:30: UserWarning: Setuptools is replacing distutils. Support for replacing an already imported distutils is deprecated. In the future, this condition will fail. Register concerns at https://github.com/pypa/setuptools/issues/new?template=distutils-deprecation.yml
  warnings.warn(

2026-08-14 01:46:52,109:WARNING:/home/murtaza-ali/anaconda3/envs/pycaret_env/lib/python3.10/site-packages/_distutils_hack/__init__.py:30: UserWarning: Setuptools is replacing distutils. Support for replacing an already imported distutils is deprecated. In the future, this condition will fail. Register concerns at https://github.com/pypa/setuptools/issues/new?template=distutils-deprecation.yml
  warnings.warn(

2026-08-14 01:46:52,109:WARNING:/home/murtaza-ali/anaconda3/envs/pycaret_env/lib/python3.10/site-packages/_distutils_hack/__init__.py:30: UserWarning: Setuptools is replacing distutils. Support for replacing an already imported distutils is deprecated. In the future, this condition will fail. Register concerns at https://github.com/pypa/setuptools/issues/new?template=distutils-deprecation.yml
  warnings.warn(

2026-08-14 01:46:52,157:WARNING:/home/murtaza-ali/anaconda3/envs/pycaret_env/lib/python3.10/site-packages/_distutils_hack/__init__.py:30: UserWarning: Setuptools is replacing distutils. Support for replacing an already imported distutils is deprecated. In the future, this condition will fail. Register concerns at https://github.com/pypa/setuptools/issues/new?template=distutils-deprecation.yml
  warnings.warn(

2026-08-14 01:46:52,204:WARNING:/home/murtaza-ali/anaconda3/envs/pycaret_env/lib/python3.10/site-packages/_distutils_hack/__init__.py:30: UserWarning: Setuptools is replacing distutils. Support for replacing an already imported distutils is deprecated. In the future, this condition will fail. Register concerns at https://github.com/pypa/setuptools/issues/new?template=distutils-deprecation.yml
  warnings.warn(

2026-08-14 01:46:52,221:WARNING:/home/murtaza-ali/anaconda3/envs/pycaret_env/lib/python3.10/site-packages/_distutils_hack/__init__.py:30: UserWarning: Setuptools is replacing distutils. Support for replacing an already imported distutils is deprecated. In the future, this condition will fail. Register concerns at https://github.com/pypa/setuptools/issues/new?template=distutils-deprecation.yml
  warnings.warn(

2026-08-14 01:46:52,272:WARNING:/home/murtaza-ali/anaconda3/envs/pycaret_env/lib/python3.10/site-packages/_distutils_hack/__init__.py:30: UserWarning: Setuptools is replacing distutils. Support for replacing an already imported distutils is deprecated. In the future, this condition will fail. Register concerns at https://github.com/pypa/setuptools/issues/new?template=distutils-deprecation.yml
  warnings.warn(

2026-08-14 01:46:54,104:WARNING:/home/murtaza-ali/anaconda3/envs/pycaret_env/lib/python3.10/site-packages/sklearn/metrics/_classification.py:1509: UndefinedMetricWarning: Precision is ill-defined and being set to 0.0 due to no predicted samples. Use `zero_division` parameter to control this behavior.
  _warn_prf(average, modifier, f"{metric.capitalize()} is", len(result))

2026-08-14 01:46:54,233:WARNING:/home/murtaza-ali/anaconda3/envs/pycaret_env/lib/python3.10/site-packages/sklearn/metrics/_classification.py:1509: UndefinedMetricWarning: Precision is ill-defined and being set to 0.0 due to no predicted samples. Use `zero_division` parameter to control this behavior.
  _warn_prf(average, modifier, f"{metric.capitalize()} is", len(result))

2026-08-14 01:46:54,271:WARNING:/home/murtaza-ali/anaconda3/envs/pycaret_env/lib/python3.10/site-packages/sklearn/metrics/_classification.py:1509: UndefinedMetricWarning: Precision is ill-defined and being set to 0.0 due to no predicted samples. Use `zero_division` parameter to control this behavior.
  _warn_prf(average, modifier, f"{metric.capitalize()} is", len(result))

2026-08-14 01:46:54,290:WARNING:/home/murtaza-ali/anaconda3/envs/pycaret_env/lib/python3.10/site-packages/sklearn/metrics/_classification.py:1509: UndefinedMetricWarning: Precision is ill-defined and being set to 0.0 due to no predicted samples. Use `zero_division` parameter to control this behavior.
  _warn_prf(average, modifier, f"{metric.capitalize()} is", len(result))

2026-08-14 01:46:54,297:WARNING:/home/murtaza-ali/anaconda3/envs/pycaret_env/lib/python3.10/site-packages/sklearn/metrics/_classification.py:1509: UndefinedMetricWarning: Precision is ill-defined and being set to 0.0 due to no predicted samples. Use `zero_division` parameter to control this behavior.
  _warn_prf(average, modifier, f"{metric.capitalize()} is", len(result))

2026-08-14 01:46:54,544:WARNING:/home/murtaza-ali/anaconda3/envs/pycaret_env/lib/python3.10/site-packages/sklearn/metrics/_classification.py:1509: UndefinedMetricWarning: Precision is ill-defined and being set to 0.0 due to no predicted samples. Use `zero_division` parameter to control this behavior.
  _warn_prf(average, modifier, f"{metric.capitalize()} is", len(result))

2026-08-14 01:46:54,566:WARNING:/home/murtaza-ali/anaconda3/envs/pycaret_env/lib/python3.10/site-packages/sklearn/metrics/_classification.py:1509: UndefinedMetricWarning: Precision is ill-defined and being set to 0.0 due to no predicted samples. Use `zero_division` parameter to control this behavior.
  _warn_prf(average, modifier, f"{metric.capitalize()} is", len(result))

2026-08-14 01:46:55,046:WARNING:/home/murtaza-ali/anaconda3/envs/pycaret_env/lib/python3.10/site-packages/sklearn/metrics/_classification.py:1509: UndefinedMetricWarning: Precision is ill-defined and being set to 0.0 due to no predicted samples. Use `zero_division` parameter to control this behavior.
  _warn_prf(average, modifier, f"{metric.capitalize()} is", len(result))

2026-08-14 01:46:55,074:WARNING:/home/murtaza-ali/anaconda3/envs/pycaret_env/lib/python3.10/site-packages/sklearn/metrics/_classification.py:1509: UndefinedMetricWarning: Precision is ill-defined and being set to 0.0 due to no predicted samples. Use `zero_division` parameter to control this behavior.
  _warn_prf(average, modifier, f"{metric.capitalize()} is", len(result))

2026-08-14 01:46:55,083:INFO:Calculating mean and std
2026-08-14 01:46:55,084:INFO:Creating metrics dataframe
2026-08-14 01:46:55,087:INFO:Uploading results into container
2026-08-14 01:46:55,088:INFO:Uploading model into container now
2026-08-14 01:46:55,089:INFO:_master_model_container: 1
2026-08-14 01:46:55,089:INFO:_display_container: 2
2026-08-14 01:46:55,089:INFO:RandomForestClassifier(bootstrap=True, ccp_alpha=0.0, class_weight=None,
                       criterion='gini', max_depth=None, max_features='sqrt',
                       max_leaf_nodes=None, max_samples=None,
                       min_impurity_decrease=0.0, min_samples_leaf=1,
                       min_samples_split=2, min_weight_fraction_leaf=0.0,
                       monotonic_cst=None, n_estimators=100, n_jobs=-1,
                       oob_score=False, random_state=123, verbose=0,
                       warm_start=False)
2026-08-14 01:46:55,089:INFO:create_model() successfully completed......................................
2026-08-14 01:46:55,293:INFO:SubProcess create_model() end ==================================
2026-08-14 01:46:55,293:INFO:Creating metrics dataframe
2026-08-14 01:46:55,300:INFO:Initializing Decision Tree Classifier
2026-08-14 01:46:55,300:INFO:Total runtime is 0.10215429464975993 minutes
2026-08-14 01:46:55,303:INFO:SubProcess create_model() called ==================================
2026-08-14 01:46:55,303:INFO:Initializing create_model()
2026-08-14 01:46:55,303:INFO:create_model(self=<pycaret.classification.oop.ClassificationExperiment object at 0x79a03d037550>, estimator=dt, fold=StratifiedKFold(n_splits=10, random_state=None, shuffle=False), round=4, cross_validation=True, predict=True, fit_kwargs={}, groups=None, refit=False, probability_threshold=None, experiment_custom_tags=None, verbose=False, system=False, add_to_model_list=True, metrics=None, display=<pycaret.internal.display.display.CommonDisplay object at 0x79a07c72f880>, model_only=True, return_train_score=False, error_score=0.0, kwargs={})
2026-08-14 01:46:55,304:INFO:Checking exceptions
2026-08-14 01:46:55,304:INFO:Importing libraries
2026-08-14 01:46:55,304:INFO:Copying training dataset
2026-08-14 01:46:55,311:INFO:Defining folds
2026-08-14 01:46:55,311:INFO:Declaring metric variables
2026-08-14 01:46:55,315:INFO:Importing untrained model
2026-08-14 01:46:55,320:INFO:Decision Tree Classifier Imported successfully
2026-08-14 01:46:55,328:INFO:Starting cross validation
2026-08-14 01:46:55,330:INFO:Cross validating with StratifiedKFold(n_splits=10, random_state=None, shuffle=False), n_jobs=-1
2026-08-14 01:46:55,862:INFO:Calculating mean and std
2026-08-14 01:46:55,863:INFO:Creating metrics dataframe
2026-08-14 01:46:55,865:INFO:Uploading results into container
2026-08-14 01:46:55,865:INFO:Uploading model into container now
2026-08-14 01:46:55,865:INFO:_master_model_container: 2
2026-08-14 01:46:55,865:INFO:_display_container: 2
2026-08-14 01:46:55,866:INFO:DecisionTreeClassifier(ccp_alpha=0.0, class_weight=None, criterion='gini',
                       max_depth=None, max_features=None, max_leaf_nodes=None,
                       min_impurity_decrease=0.0, min_samples_leaf=1,
                       min_samples_split=2, min_weight_fraction_leaf=0.0,
                       monotonic_cst=None, random_state=123, splitter='best')
2026-08-14 01:46:55,866:INFO:create_model() successfully completed......................................
2026-08-14 01:46:56,036:INFO:SubProcess create_model() end ==================================
2026-08-14 01:46:56,036:INFO:Creating metrics dataframe
2026-08-14 01:46:56,042:INFO:Initializing Extra Trees Classifier
2026-08-14 01:46:56,042:INFO:Total runtime is 0.11453009446461995 minutes
2026-08-14 01:46:56,046:INFO:SubProcess create_model() called ==================================
2026-08-14 01:46:56,046:INFO:Initializing create_model()
2026-08-14 01:46:56,046:INFO:create_model(self=<pycaret.classification.oop.ClassificationExperiment object at 0x79a03d037550>, estimator=et, fold=StratifiedKFold(n_splits=10, random_state=None, shuffle=False), round=4, cross_validation=True, predict=True, fit_kwargs={}, groups=None, refit=False, probability_threshold=None, experiment_custom_tags=None, verbose=False, system=False, add_to_model_list=True, metrics=None, display=<pycaret.internal.display.display.CommonDisplay object at 0x79a07c72f880>, model_only=True, return_train_score=False, error_score=0.0, kwargs={})
2026-08-14 01:46:56,046:INFO:Checking exceptions
2026-08-14 01:46:56,047:INFO:Importing libraries
2026-08-14 01:46:56,047:INFO:Copying training dataset
2026-08-14 01:46:56,054:INFO:Defining folds
2026-08-14 01:46:56,054:INFO:Declaring metric variables
2026-08-14 01:46:56,057:INFO:Importing untrained model
2026-08-14 01:46:56,061:INFO:Extra Trees Classifier Imported successfully
2026-08-14 01:46:56,069:INFO:Starting cross validation
2026-08-14 01:46:56,071:INFO:Cross validating with StratifiedKFold(n_splits=10, random_state=None, shuffle=False), n_jobs=-1
2026-08-14 01:46:57,491:WARNING:/home/murtaza-ali/anaconda3/envs/pycaret_env/lib/python3.10/site-packages/sklearn/metrics/_classification.py:1509: UndefinedMetricWarning: Precision is ill-defined and being set to 0.0 due to no predicted samples. Use `zero_division` parameter to control this behavior.
  _warn_prf(average, modifier, f"{metric.capitalize()} is", len(result))

2026-08-14 01:46:57,497:WARNING:/home/murtaza-ali/anaconda3/envs/pycaret_env/lib/python3.10/site-packages/sklearn/metrics/_classification.py:1509: UndefinedMetricWarning: Precision is ill-defined and being set to 0.0 due to no predicted samples. Use `zero_division` parameter to control this behavior.
  _warn_prf(average, modifier, f"{metric.capitalize()} is", len(result))

2026-08-14 01:46:57,516:WARNING:/home/murtaza-ali/anaconda3/envs/pycaret_env/lib/python3.10/site-packages/sklearn/metrics/_classification.py:1509: UndefinedMetricWarning: Precision is ill-defined and being set to 0.0 due to no predicted samples. Use `zero_division` parameter to control this behavior.
  _warn_prf(average, modifier, f"{metric.capitalize()} is", len(result))

2026-08-14 01:46:57,523:WARNING:/home/murtaza-ali/anaconda3/envs/pycaret_env/lib/python3.10/site-packages/sklearn/metrics/_classification.py:1509: UndefinedMetricWarning: Precision is ill-defined and being set to 0.0 due to no predicted samples. Use `zero_division` parameter to control this behavior.
  _warn_prf(average, modifier, f"{metric.capitalize()} is", len(result))

2026-08-14 01:46:57,536:WARNING:/home/murtaza-ali/anaconda3/envs/pycaret_env/lib/python3.10/site-packages/sklearn/metrics/_classification.py:1509: UndefinedMetricWarning: Precision is ill-defined and being set to 0.0 due to no predicted samples. Use `zero_division` parameter to control this behavior.
  _warn_prf(average, modifier, f"{metric.capitalize()} is", len(result))

2026-08-14 01:46:57,962:WARNING:/home/murtaza-ali/anaconda3/envs/pycaret_env/lib/python3.10/site-packages/sklearn/metrics/_classification.py:1509: UndefinedMetricWarning: Precision is ill-defined and being set to 0.0 due to no predicted samples. Use `zero_division` parameter to control this behavior.
  _warn_prf(average, modifier, f"{metric.capitalize()} is", len(result))

2026-08-14 01:46:57,991:WARNING:/home/murtaza-ali/anaconda3/envs/pycaret_env/lib/python3.10/site-packages/sklearn/metrics/_classification.py:1509: UndefinedMetricWarning: Precision is ill-defined and being set to 0.0 due to no predicted samples. Use `zero_division` parameter to control this behavior.
  _warn_prf(average, modifier, f"{metric.capitalize()} is", len(result))

2026-08-14 01:46:58,006:INFO:Calculating mean and std
2026-08-14 01:46:58,007:INFO:Creating metrics dataframe
2026-08-14 01:46:58,009:INFO:Uploading results into container
2026-08-14 01:46:58,009:INFO:Uploading model into container now
2026-08-14 01:46:58,009:INFO:_master_model_container: 3
2026-08-14 01:46:58,009:INFO:_display_container: 2
2026-08-14 01:46:58,010:INFO:ExtraTreesClassifier(bootstrap=False, ccp_alpha=0.0, class_weight=None,
                     criterion='gini', max_depth=None, max_features='sqrt',
                     max_leaf_nodes=None, max_samples=None,
                     min_impurity_decrease=0.0, min_samples_leaf=1,
                     min_samples_split=2, min_weight_fraction_leaf=0.0,
                     monotonic_cst=None, n_estimators=100, n_jobs=-1,
                     oob_score=False, random_state=123, verbose=0,
                     warm_start=False)
2026-08-14 01:46:58,010:INFO:create_model() successfully completed......................................
2026-08-14 01:46:58,184:INFO:SubProcess create_model() end ==================================
2026-08-14 01:46:58,184:INFO:Creating metrics dataframe
2026-08-14 01:46:58,191:INFO:Initializing Gradient Boosting Classifier
2026-08-14 01:46:58,191:INFO:Total runtime is 0.15033996105194092 minutes
2026-08-14 01:46:58,194:INFO:SubProcess create_model() called ==================================
2026-08-14 01:46:58,195:INFO:Initializing create_model()
2026-08-14 01:46:58,195:INFO:create_model(self=<pycaret.classification.oop.ClassificationExperiment object at 0x79a03d037550>, estimator=gbc, fold=StratifiedKFold(n_splits=10, random_state=None, shuffle=False), round=4, cross_validation=True, predict=True, fit_kwargs={}, groups=None, refit=False, probability_threshold=None, experiment_custom_tags=None, verbose=False, system=False, add_to_model_list=True, metrics=None, display=<pycaret.internal.display.display.CommonDisplay object at 0x79a07c72f880>, model_only=True, return_train_score=False, error_score=0.0, kwargs={})
2026-08-14 01:46:58,195:INFO:Checking exceptions
2026-08-14 01:46:58,195:INFO:Importing libraries
2026-08-14 01:46:58,195:INFO:Copying training dataset
2026-08-14 01:46:58,202:INFO:Defining folds
2026-08-14 01:46:58,202:INFO:Declaring metric variables
2026-08-14 01:46:58,206:INFO:Importing untrained model
2026-08-14 01:46:58,210:INFO:Gradient Boosting Classifier Imported successfully
2026-08-14 01:46:58,218:INFO:Starting cross validation
2026-08-14 01:46:58,221:INFO:Cross validating with StratifiedKFold(n_splits=10, random_state=None, shuffle=False), n_jobs=-1
2026-08-14 01:47:02,889:WARNING:/home/murtaza-ali/anaconda3/envs/pycaret_env/lib/python3.10/site-packages/sklearn/metrics/_classification.py:1509: UndefinedMetricWarning: Precision is ill-defined and being set to 0.0 due to no predicted samples. Use `zero_division` parameter to control this behavior.
  _warn_prf(average, modifier, f"{metric.capitalize()} is", len(result))

2026-08-14 01:47:02,893:WARNING:/home/murtaza-ali/anaconda3/envs/pycaret_env/lib/python3.10/site-packages/sklearn/metrics/_classification.py:1509: UndefinedMetricWarning: Precision is ill-defined and being set to 0.0 due to no predicted samples. Use `zero_division` parameter to control this behavior.
  _warn_prf(average, modifier, f"{metric.capitalize()} is", len(result))

2026-08-14 01:47:02,900:WARNING:/home/murtaza-ali/anaconda3/envs/pycaret_env/lib/python3.10/site-packages/sklearn/metrics/_classification.py:1509: UndefinedMetricWarning: Precision is ill-defined and being set to 0.0 due to no predicted samples. Use `zero_division` parameter to control this behavior.
  _warn_prf(average, modifier, f"{metric.capitalize()} is", len(result))

2026-08-14 01:47:03,004:WARNING:/home/murtaza-ali/anaconda3/envs/pycaret_env/lib/python3.10/site-packages/sklearn/metrics/_classification.py:1509: UndefinedMetricWarning: Precision is ill-defined and being set to 0.0 due to no predicted samples. Use `zero_division` parameter to control this behavior.
  _warn_prf(average, modifier, f"{metric.capitalize()} is", len(result))

2026-08-14 01:47:03,006:WARNING:/home/murtaza-ali/anaconda3/envs/pycaret_env/lib/python3.10/site-packages/sklearn/metrics/_classification.py:1509: UndefinedMetricWarning: Precision is ill-defined and being set to 0.0 due to no predicted samples. Use `zero_division` parameter to control this behavior.
  _warn_prf(average, modifier, f"{metric.capitalize()} is", len(result))

2026-08-14 01:47:03,048:WARNING:/home/murtaza-ali/anaconda3/envs/pycaret_env/lib/python3.10/site-packages/sklearn/metrics/_classification.py:1509: UndefinedMetricWarning: Precision is ill-defined and being set to 0.0 due to no predicted samples. Use `zero_division` parameter to control this behavior.
  _warn_prf(average, modifier, f"{metric.capitalize()} is", len(result))

2026-08-14 01:47:05,840:WARNING:/home/murtaza-ali/anaconda3/envs/pycaret_env/lib/python3.10/site-packages/sklearn/metrics/_classification.py:1509: UndefinedMetricWarning: Precision is ill-defined and being set to 0.0 due to no predicted samples. Use `zero_division` parameter to control this behavior.
  _warn_prf(average, modifier, f"{metric.capitalize()} is", len(result))

2026-08-14 01:47:05,853:WARNING:/home/murtaza-ali/anaconda3/envs/pycaret_env/lib/python3.10/site-packages/sklearn/metrics/_classification.py:1509: UndefinedMetricWarning: Precision is ill-defined and being set to 0.0 due to no predicted samples. Use `zero_division` parameter to control this behavior.
  _warn_prf(average, modifier, f"{metric.capitalize()} is", len(result))

2026-08-14 01:47:05,865:INFO:Calculating mean and std
2026-08-14 01:47:05,866:INFO:Creating metrics dataframe
2026-08-14 01:47:05,868:INFO:Uploading results into container
2026-08-14 01:47:05,869:INFO:Uploading model into container now
2026-08-14 01:47:05,869:INFO:_master_model_container: 4
2026-08-14 01:47:05,869:INFO:_display_container: 2
2026-08-14 01:47:05,870:INFO:GradientBoostingClassifier(ccp_alpha=0.0, criterion='friedman_mse', init=None,
                           learning_rate=0.1, loss='log_loss', max_depth=3,
                           max_features=None, max_leaf_nodes=None,
                           min_impurity_decrease=0.0, min_samples_leaf=1,
                           min_samples_split=2, min_weight_fraction_leaf=0.0,
                           n_estimators=100, n_iter_no_change=None,
                           random_state=123, subsample=1.0, tol=0.0001,
                           validation_fraction=0.1, verbose=0,
                           warm_start=False)
2026-08-14 01:47:05,870:INFO:create_model() successfully completed......................................
2026-08-14 01:47:06,051:INFO:SubProcess create_model() end ==================================
2026-08-14 01:47:06,051:INFO:Creating metrics dataframe
2026-08-14 01:47:06,060:INFO:Initializing Ada Boost Classifier
2026-08-14 01:47:06,060:INFO:Total runtime is 0.28149631023406985 minutes
2026-08-14 01:47:06,064:INFO:SubProcess create_model() called ==================================
2026-08-14 01:47:06,065:INFO:Initializing create_model()
2026-08-14 01:47:06,065:INFO:create_model(self=<pycaret.classification.oop.ClassificationExperiment object at 0x79a03d037550>, estimator=ada, fold=StratifiedKFold(n_splits=10, random_state=None, shuffle=False), round=4, cross_validation=True, predict=True, fit_kwargs={}, groups=None, refit=False, probability_threshold=None, experiment_custom_tags=None, verbose=False, system=False, add_to_model_list=True, metrics=None, display=<pycaret.internal.display.display.CommonDisplay object at 0x79a07c72f880>, model_only=True, return_train_score=False, error_score=0.0, kwargs={})
2026-08-14 01:47:06,065:INFO:Checking exceptions
2026-08-14 01:47:06,065:INFO:Importing libraries
2026-08-14 01:47:06,065:INFO:Copying training dataset
2026-08-14 01:47:06,072:INFO:Defining folds
2026-08-14 01:47:06,072:INFO:Declaring metric variables
2026-08-14 01:47:06,076:INFO:Importing untrained model
2026-08-14 01:47:06,080:INFO:Ada Boost Classifier Imported successfully
2026-08-14 01:47:06,088:INFO:Starting cross validation
2026-08-14 01:47:06,091:INFO:Cross validating with StratifiedKFold(n_splits=10, random_state=None, shuffle=False), n_jobs=-1
2026-08-14 01:47:06,277:WARNING:/home/murtaza-ali/anaconda3/envs/pycaret_env/lib/python3.10/site-packages/sklearn/ensemble/_weight_boosting.py:519: FutureWarning: The SAMME.R algorithm (the default) is deprecated and will be removed in 1.6. Use the SAMME algorithm to circumvent this warning.
  warnings.warn(

2026-08-14 01:47:06,279:WARNING:/home/murtaza-ali/anaconda3/envs/pycaret_env/lib/python3.10/site-packages/sklearn/ensemble/_weight_boosting.py:519: FutureWarning: The SAMME.R algorithm (the default) is deprecated and will be removed in 1.6. Use the SAMME algorithm to circumvent this warning.
  warnings.warn(

2026-08-14 01:47:06,282:WARNING:/home/murtaza-ali/anaconda3/envs/pycaret_env/lib/python3.10/site-packages/sklearn/ensemble/_weight_boosting.py:519: FutureWarning: The SAMME.R algorithm (the default) is deprecated and will be removed in 1.6. Use the SAMME algorithm to circumvent this warning.
  warnings.warn(

2026-08-14 01:47:06,292:WARNING:/home/murtaza-ali/anaconda3/envs/pycaret_env/lib/python3.10/site-packages/sklearn/ensemble/_weight_boosting.py:519: FutureWarning: The SAMME.R algorithm (the default) is deprecated and will be removed in 1.6. Use the SAMME algorithm to circumvent this warning.
  warnings.warn(

2026-08-14 01:47:06,297:WARNING:/home/murtaza-ali/anaconda3/envs/pycaret_env/lib/python3.10/site-packages/sklearn/ensemble/_weight_boosting.py:519: FutureWarning: The SAMME.R algorithm (the default) is deprecated and will be removed in 1.6. Use the SAMME algorithm to circumvent this warning.
  warnings.warn(

2026-08-14 01:47:06,300:WARNING:/home/murtaza-ali/anaconda3/envs/pycaret_env/lib/python3.10/site-packages/sklearn/ensemble/_weight_boosting.py:519: FutureWarning: The SAMME.R algorithm (the default) is deprecated and will be removed in 1.6. Use the SAMME algorithm to circumvent this warning.
  warnings.warn(

2026-08-14 01:47:06,308:WARNING:/home/murtaza-ali/anaconda3/envs/pycaret_env/lib/python3.10/site-packages/sklearn/ensemble/_weight_boosting.py:519: FutureWarning: The SAMME.R algorithm (the default) is deprecated and will be removed in 1.6. Use the SAMME algorithm to circumvent this warning.
  warnings.warn(

2026-08-14 01:47:06,308:WARNING:/home/murtaza-ali/anaconda3/envs/pycaret_env/lib/python3.10/site-packages/sklearn/ensemble/_weight_boosting.py:519: FutureWarning: The SAMME.R algorithm (the default) is deprecated and will be removed in 1.6. Use the SAMME algorithm to circumvent this warning.
  warnings.warn(

2026-08-14 01:47:07,452:WARNING:/home/murtaza-ali/anaconda3/envs/pycaret_env/lib/python3.10/site-packages/sklearn/metrics/_classification.py:1509: UndefinedMetricWarning: Precision is ill-defined and being set to 0.0 due to no predicted samples. Use `zero_division` parameter to control this behavior.
  _warn_prf(average, modifier, f"{metric.capitalize()} is", len(result))

2026-08-14 01:47:07,462:WARNING:/home/murtaza-ali/anaconda3/envs/pycaret_env/lib/python3.10/site-packages/sklearn/metrics/_classification.py:1509: UndefinedMetricWarning: Precision is ill-defined and being set to 0.0 due to no predicted samples. Use `zero_division` parameter to control this behavior.
  _warn_prf(average, modifier, f"{metric.capitalize()} is", len(result))

2026-08-14 01:47:07,471:WARNING:/home/murtaza-ali/anaconda3/envs/pycaret_env/lib/python3.10/site-packages/sklearn/metrics/_classification.py:1509: UndefinedMetricWarning: Precision is ill-defined and being set to 0.0 due to no predicted samples. Use `zero_division` parameter to control this behavior.
  _warn_prf(average, modifier, f"{metric.capitalize()} is", len(result))

2026-08-14 01:47:07,477:WARNING:/home/murtaza-ali/anaconda3/envs/pycaret_env/lib/python3.10/site-packages/sklearn/metrics/_classification.py:1509: UndefinedMetricWarning: Precision is ill-defined and being set to 0.0 due to no predicted samples. Use `zero_division` parameter to control this behavior.
  _warn_prf(average, modifier, f"{metric.capitalize()} is", len(result))

2026-08-14 01:47:07,483:WARNING:/home/murtaza-ali/anaconda3/envs/pycaret_env/lib/python3.10/site-packages/sklearn/metrics/_classification.py:1509: UndefinedMetricWarning: Precision is ill-defined and being set to 0.0 due to no predicted samples. Use `zero_division` parameter to control this behavior.
  _warn_prf(average, modifier, f"{metric.capitalize()} is", len(result))

2026-08-14 01:47:07,487:WARNING:/home/murtaza-ali/anaconda3/envs/pycaret_env/lib/python3.10/site-packages/sklearn/metrics/_classification.py:1509: UndefinedMetricWarning: Precision is ill-defined and being set to 0.0 due to no predicted samples. Use `zero_division` parameter to control this behavior.
  _warn_prf(average, modifier, f"{metric.capitalize()} is", len(result))

2026-08-14 01:47:07,501:WARNING:/home/murtaza-ali/anaconda3/envs/pycaret_env/lib/python3.10/site-packages/sklearn/metrics/_classification.py:1509: UndefinedMetricWarning: Precision is ill-defined and being set to 0.0 due to no predicted samples. Use `zero_division` parameter to control this behavior.
  _warn_prf(average, modifier, f"{metric.capitalize()} is", len(result))

2026-08-14 01:47:07,514:WARNING:/home/murtaza-ali/anaconda3/envs/pycaret_env/lib/python3.10/site-packages/sklearn/metrics/_classification.py:1509: UndefinedMetricWarning: Precision is ill-defined and being set to 0.0 due to no predicted samples. Use `zero_division` parameter to control this behavior.
  _warn_prf(average, modifier, f"{metric.capitalize()} is", len(result))

2026-08-14 01:47:07,579:WARNING:/home/murtaza-ali/anaconda3/envs/pycaret_env/lib/python3.10/site-packages/sklearn/ensemble/_weight_boosting.py:519: FutureWarning: The SAMME.R algorithm (the default) is deprecated and will be removed in 1.6. Use the SAMME algorithm to circumvent this warning.
  warnings.warn(

2026-08-14 01:47:07,587:WARNING:/home/murtaza-ali/anaconda3/envs/pycaret_env/lib/python3.10/site-packages/sklearn/ensemble/_weight_boosting.py:519: FutureWarning: The SAMME.R algorithm (the default) is deprecated and will be removed in 1.6. Use the SAMME algorithm to circumvent this warning.
  warnings.warn(

2026-08-14 01:47:08,271:WARNING:/home/murtaza-ali/anaconda3/envs/pycaret_env/lib/python3.10/site-packages/sklearn/metrics/_classification.py:1509: UndefinedMetricWarning: Precision is ill-defined and being set to 0.0 due to no predicted samples. Use `zero_division` parameter to control this behavior.
  _warn_prf(average, modifier, f"{metric.capitalize()} is", len(result))

2026-08-14 01:47:08,283:WARNING:/home/murtaza-ali/anaconda3/envs/pycaret_env/lib/python3.10/site-packages/sklearn/metrics/_classification.py:1509: UndefinedMetricWarning: Precision is ill-defined and being set to 0.0 due to no predicted samples. Use `zero_division` parameter to control this behavior.
  _warn_prf(average, modifier, f"{metric.capitalize()} is", len(result))

2026-08-14 01:47:08,296:INFO:Calculating mean and std
2026-08-14 01:47:08,297:INFO:Creating metrics dataframe
2026-08-14 01:47:08,299:INFO:Uploading results into container
2026-08-14 01:47:08,299:INFO:Uploading model into container now
2026-08-14 01:47:08,300:INFO:_master_model_container: 5
2026-08-14 01:47:08,300:INFO:_display_container: 2
2026-08-14 01:47:08,300:INFO:AdaBoostClassifier(algorithm='SAMME.R', estimator=None, learning_rate=1.0,
                   n_estimators=50, random_state=123)
2026-08-14 01:47:08,300:INFO:create_model() successfully completed......................................
2026-08-14 01:47:08,479:INFO:SubProcess create_model() end ==================================
2026-08-14 01:47:08,479:INFO:Creating metrics dataframe
2026-08-14 01:47:08,499:INFO:Initializing create_model()
2026-08-14 01:47:08,499:INFO:create_model(self=<pycaret.classification.oop.ClassificationExperiment object at 0x79a03d037550>, estimator=DecisionTreeClassifier(ccp_alpha=0.0, class_weight=None, criterion='gini',
                       max_depth=None, max_features=None, max_leaf_nodes=None,
                       min_impurity_decrease=0.0, min_samples_leaf=1,
                       min_samples_split=2, min_weight_fraction_leaf=0.0,
                       monotonic_cst=None, random_state=123, splitter='best'), fold=StratifiedKFold(n_splits=10, random_state=None, shuffle=False), round=4, cross_validation=False, predict=False, fit_kwargs={}, groups=None, refit=True, probability_threshold=None, experiment_custom_tags=None, verbose=False, system=False, add_to_model_list=True, metrics=None, display=None, model_only=True, return_train_score=False, error_score=0.0, kwargs={})
2026-08-14 01:47:08,499:INFO:Checking exceptions
2026-08-14 01:47:08,501:INFO:Importing libraries
2026-08-14 01:47:08,501:INFO:Copying training dataset
2026-08-14 01:47:08,509:INFO:Defining folds
2026-08-14 01:47:08,509:INFO:Declaring metric variables
2026-08-14 01:47:08,509:INFO:Importing untrained model
2026-08-14 01:47:08,509:INFO:Declaring custom model
2026-08-14 01:47:08,510:INFO:Decision Tree Classifier Imported successfully
2026-08-14 01:47:08,511:INFO:Cross validation set to False
2026-08-14 01:47:08,511:INFO:Fitting Model
2026-08-14 01:47:08,704:INFO:DecisionTreeClassifier(ccp_alpha=0.0, class_weight=None, criterion='gini',
                       max_depth=None, max_features=None, max_leaf_nodes=None,
                       min_impurity_decrease=0.0, min_samples_leaf=1,
                       min_samples_split=2, min_weight_fraction_leaf=0.0,
                       monotonic_cst=None, random_state=123, splitter='best')
2026-08-14 01:47:08,704:INFO:create_model() successfully completed......................................
2026-08-14 01:47:08,912:INFO:_master_model_container: 5
2026-08-14 01:47:08,912:INFO:_display_container: 2
2026-08-14 01:47:08,912:INFO:DecisionTreeClassifier(ccp_alpha=0.0, class_weight=None, criterion='gini',
                       max_depth=None, max_features=None, max_leaf_nodes=None,
                       min_impurity_decrease=0.0, min_samples_leaf=1,
                       min_samples_split=2, min_weight_fraction_leaf=0.0,
                       monotonic_cst=None, random_state=123, splitter='best')
2026-08-14 01:47:08,912:INFO:compare_models() successfully completed......................................
2026-08-14 01:47:23,004:INFO:Initializing plot_model()
2026-08-14 01:47:23,004:INFO:plot_model(plot=classification_report, fold=None, verbose=True, display=None, display_format=None, estimator=DecisionTreeClassifier(ccp_alpha=0.0, class_weight=None, criterion='gini',
                       max_depth=None, max_features=None, max_leaf_nodes=None,
                       min_impurity_decrease=0.0, min_samples_leaf=1,
                       min_samples_split=2, min_weight_fraction_leaf=0.0,
                       monotonic_cst=None, random_state=123, splitter='best'), feature_name=None, fit_kwargs=None, groups=None, label=False, plot_kwargs=None, save=False, scale=1, self=<pycaret.classification.oop.ClassificationExperiment object at 0x79a03d037550>, system=True)
2026-08-14 01:47:23,004:INFO:Checking exceptions
2026-08-14 01:49:41,471:INFO:Initializing plot_model()
2026-08-14 01:49:41,471:INFO:plot_model(plot=class_report, fold=None, verbose=True, display=None, display_format=None, estimator=DecisionTreeClassifier(ccp_alpha=0.0, class_weight=None, criterion='gini',
                       max_depth=None, max_features=None, max_leaf_nodes=None,
                       min_impurity_decrease=0.0, min_samples_leaf=1,
                       min_samples_split=2, min_weight_fraction_leaf=0.0,
                       monotonic_cst=None, random_state=123, splitter='best'), feature_name=None, fit_kwargs=None, groups=None, label=False, plot_kwargs=None, save=False, scale=1, self=<pycaret.classification.oop.ClassificationExperiment object at 0x79a03d037550>, system=True)
2026-08-14 01:49:41,471:INFO:Checking exceptions
2026-08-14 01:49:41,476:INFO:Preloading libraries
2026-08-14 01:49:41,476:INFO:Copying training dataset
2026-08-14 01:49:41,476:INFO:Plot type: class_report
2026-08-14 01:49:41,770:INFO:Fitting Model
2026-08-14 01:49:41,773:WARNING:/home/murtaza-ali/anaconda3/envs/pycaret_env/lib/python3.10/site-packages/sklearn/base.py:493: UserWarning: X does not have valid feature names, but DecisionTreeClassifier was fitted with feature names
2026-08-14 01:49:41,773:WARNING:  warnings.warn(
2026-08-14 01:49:41,773:INFO:Scoring test/hold-out set
2026-08-14 01:49:42,058:INFO:Visual Rendered Successfully
2026-08-14 01:49:42,293:INFO:plot_model() successfully completed......................................
2026-08-14 01:51:41,412:INFO:Initializing evaluate_model()
2026-08-14 01:51:41,413:INFO:evaluate_model(self=<pycaret.classification.oop.ClassificationExperiment object at 0x79a03d037550>, estimator=DecisionTreeClassifier(ccp_alpha=0.0, class_weight=None, criterion='gini',
                       max_depth=None, max_features=None, max_leaf_nodes=None,
                       min_impurity_decrease=0.0, min_samples_leaf=1,
                       min_samples_split=2, min_weight_fraction_leaf=0.0,
                       monotonic_cst=None, random_state=123, splitter='best'), fold=None, fit_kwargs=None, plot_kwargs=None, feature_name=None, groups=None)
2026-08-14 01:51:41,422:INFO:Initializing plot_model()
2026-08-14 01:51:41,422:INFO:plot_model(plot=pipeline, fold=StratifiedKFold(n_splits=10, random_state=None, shuffle=False), verbose=False, display=None, display_format=None, estimator=DecisionTreeClassifier(ccp_alpha=0.0, class_weight=None, criterion='gini',
                       max_depth=None, max_features=None, max_leaf_nodes=None,
                       min_impurity_decrease=0.0, min_samples_leaf=1,
                       min_samples_split=2, min_weight_fraction_leaf=0.0,
                       monotonic_cst=None, random_state=123, splitter='best'), feature_name=None, fit_kwargs={}, groups=None, label=False, plot_kwargs=None, save=False, scale=1, self=<pycaret.classification.oop.ClassificationExperiment object at 0x79a03d037550>, system=True)
2026-08-14 01:51:41,422:INFO:Checking exceptions
2026-08-14 01:51:41,425:INFO:Preloading libraries
2026-08-14 01:51:41,426:INFO:Copying training dataset
2026-08-14 01:51:41,426:INFO:Plot type: pipeline
2026-08-14 01:51:41,590:INFO:Visual Rendered Successfully
2026-08-14 01:51:41,783:INFO:plot_model() successfully completed......................................
2026-08-14 01:53:45,442:INFO:Initializing plot_model()
2026-08-14 01:53:45,442:INFO:plot_model(plot=Decision Tree, fold=None, verbose=True, display=None, display_format=None, estimator=DecisionTreeClassifier(ccp_alpha=0.0, class_weight=None, criterion='gini',
                       max_depth=None, max_features=None, max_leaf_nodes=None,
                       min_impurity_decrease=0.0, min_samples_leaf=1,
                       min_samples_split=2, min_weight_fraction_leaf=0.0,
                       monotonic_cst=None, random_state=123, splitter='best'), feature_name=None, fit_kwargs=None, groups=None, label=False, plot_kwargs=None, save=False, scale=1, self=<pycaret.classification.oop.ClassificationExperiment object at 0x79a03d037550>, system=True)
2026-08-14 01:53:45,442:INFO:Checking exceptions
2026-08-14 01:53:48,651:INFO:Initializing plot_model()
2026-08-14 01:53:48,651:INFO:plot_model(plot=Decision_Tree, fold=None, verbose=True, display=None, display_format=None, estimator=DecisionTreeClassifier(ccp_alpha=0.0, class_weight=None, criterion='gini',
                       max_depth=None, max_features=None, max_leaf_nodes=None,
                       min_impurity_decrease=0.0, min_samples_leaf=1,
                       min_samples_split=2, min_weight_fraction_leaf=0.0,
                       monotonic_cst=None, random_state=123, splitter='best'), feature_name=None, fit_kwargs=None, groups=None, label=False, plot_kwargs=None, save=False, scale=1, self=<pycaret.classification.oop.ClassificationExperiment object at 0x79a03d037550>, system=True)
2026-08-14 01:53:48,651:INFO:Checking exceptions
2026-08-14 01:53:53,048:INFO:Initializing plot_model()
2026-08-14 01:53:53,048:INFO:plot_model(plot=Decision_tree, fold=None, verbose=True, display=None, display_format=None, estimator=DecisionTreeClassifier(ccp_alpha=0.0, class_weight=None, criterion='gini',
                       max_depth=None, max_features=None, max_leaf_nodes=None,
                       min_impurity_decrease=0.0, min_samples_leaf=1,
                       min_samples_split=2, min_weight_fraction_leaf=0.0,
                       monotonic_cst=None, random_state=123, splitter='best'), feature_name=None, fit_kwargs=None, groups=None, label=False, plot_kwargs=None, save=False, scale=1, self=<pycaret.classification.oop.ClassificationExperiment object at 0x79a03d037550>, system=True)
2026-08-14 01:53:53,048:INFO:Checking exceptions
2026-08-14 01:55:25,854:INFO:PyCaret ClassificationExperiment
2026-08-14 01:55:25,854:INFO:Logging name: clf-default-name
2026-08-14 01:55:25,854:INFO:ML Usecase: MLUsecase.CLASSIFICATION
2026-08-14 01:55:25,854:INFO:version 3.3.2
2026-08-14 01:55:25,854:INFO:Initializing setup()
2026-08-14 01:55:25,854:INFO:self.USI: a0f9
2026-08-14 01:55:25,854:INFO:self._variable_keys: {'idx', 'html_param', 'seed', 'logging_param', 'is_multiclass', 'gpu_n_jobs_param', 'exp_name_log', 'X_test', 'gpu_param', 'y', 'log_plots_param', 'memory', 'USI', 'X', 'data', 'fold_shuffle_param', 'fold_groups_param', 'pipeline', 'target_param', '_available_plots', 'fix_imbalance', 'n_jobs_param', 'y_test', 'exp_id', 'y_train', '_ml_usecase', 'fold_generator', 'X_train'}
2026-08-14 01:55:25,854:INFO:Checking environment
2026-08-14 01:55:25,854:INFO:python_version: 3.10.20
2026-08-14 01:55:25,854:INFO:python_build: ('main', 'Jun 11 2026 15:17:37')
2026-08-14 01:55:25,854:INFO:machine: x86_64
2026-08-14 01:55:25,854:INFO:platform: Linux-7.0.0-29-generic-x86_64-with-glibc2.43
2026-08-14 01:55:25,854:INFO:Memory: svmem(total=15885574144, available=9342459904, percent=41.2, used=6543114240, free=2145435648, active=7738847232, inactive=3720986624, buffers=165429248, cached=9004007424, shared=1623691264, slab=973017088)
2026-08-14 01:55:25,855:INFO:Physical Core: 4
2026-08-14 01:55:25,855:INFO:Logical Core: 8
2026-08-14 01:55:25,855:INFO:Checking libraries
2026-08-14 01:55:25,855:INFO:System:
2026-08-14 01:55:25,855:INFO:    python: 3.10.20 (main, Jun 11 2026, 15:17:37) [GCC 14.3.0]
2026-08-14 01:55:25,855:INFO:executable: /home/murtaza-ali/anaconda3/envs/pycaret_env/bin/python
2026-08-14 01:55:25,855:INFO:   machine: Linux-7.0.0-29-generic-x86_64-with-glibc2.43
2026-08-14 01:55:25,855:INFO:PyCaret required dependencies:
2026-08-14 01:55:25,855:INFO:                 pip: 26.1.2
2026-08-14 01:55:25,855:INFO:          setuptools: 83.0.0
2026-08-14 01:55:25,855:INFO:             pycaret: 3.3.2
2026-08-14 01:55:25,855:INFO:             IPython: 8.37.0
2026-08-14 01:55:25,855:INFO:          ipywidgets: 8.1.8
2026-08-14 01:55:25,855:INFO:                tqdm: 4.70.0
2026-08-14 01:55:25,855:INFO:               numpy: 1.26.4
2026-08-14 01:55:25,855:INFO:              pandas: 2.1.4
2026-08-14 01:55:25,855:INFO:              jinja2: 3.1.6
2026-08-14 01:55:25,855:INFO:               scipy: 1.11.4
2026-08-14 01:55:25,855:INFO:              joblib: 1.3.2
2026-08-14 01:55:25,855:INFO:             sklearn: 1.4.2
2026-08-14 01:55:25,855:INFO:                pyod: 3.4.0
2026-08-14 01:55:25,855:INFO:            imblearn: 0.14.2
2026-08-14 01:55:25,855:INFO:   category_encoders: 2.7.0
2026-08-14 01:55:25,855:INFO:            lightgbm: 4.7.0
2026-08-14 01:55:25,855:INFO:               numba: 0.66.0
2026-08-14 01:55:25,855:INFO:            requests: 2.34.2
2026-08-14 01:55:25,855:INFO:          matplotlib: 3.7.5
2026-08-14 01:55:25,855:INFO:          scikitplot: 0.3.7
2026-08-14 01:55:25,856:INFO:         yellowbrick: 1.5
2026-08-14 01:55:25,856:INFO:              plotly: 6.9.0
2026-08-14 01:55:25,856:INFO:    plotly-resampler: Not installed
2026-08-14 01:55:25,856:INFO:             kaleido: 1.3.0
2026-08-14 01:55:25,856:INFO:           schemdraw: 0.15
2026-08-14 01:55:25,856:INFO:         statsmodels: 0.14.6
2026-08-14 01:55:25,856:INFO:              sktime: 0.26.0
2026-08-14 01:55:25,856:INFO:               tbats: 1.1.3
2026-08-14 01:55:25,856:INFO:            pmdarima: 2.0.4
2026-08-14 01:55:25,856:INFO:              psutil: 7.2.2
2026-08-14 01:55:25,856:INFO:          markupsafe: 3.0.3
2026-08-14 01:55:25,856:INFO:             pickle5: Not installed
2026-08-14 01:55:25,856:INFO:         cloudpickle: 3.1.2
2026-08-14 01:55:25,856:INFO:         deprecation: 2.1.0
2026-08-14 01:55:25,856:INFO:              xxhash: 3.8.1
2026-08-14 01:55:25,856:INFO:           wurlitzer: 3.1.1
2026-08-14 01:55:25,856:INFO:PyCaret optional dependencies:
2026-08-14 01:55:25,856:INFO:                shap: Not installed
2026-08-14 01:55:25,856:INFO:           interpret: Not installed
2026-08-14 01:55:25,856:INFO:                umap: Not installed
2026-08-14 01:55:25,856:INFO:     ydata_profiling: Not installed
2026-08-14 01:55:25,856:INFO:  explainerdashboard: Not installed
2026-08-14 01:55:25,856:INFO:             autoviz: Not installed
2026-08-14 01:55:25,856:INFO:           fairlearn: Not installed
2026-08-14 01:55:25,856:INFO:          deepchecks: Not installed
2026-08-14 01:55:25,856:INFO:             xgboost: Not installed
2026-08-14 01:55:25,856:INFO:            catboost: Not installed
2026-08-14 01:55:25,856:INFO:              kmodes: Not installed
2026-08-14 01:55:25,856:INFO:             mlxtend: Not installed
2026-08-14 01:55:25,856:INFO:       statsforecast: Not installed
2026-08-14 01:55:25,856:INFO:        tune_sklearn: Not installed
2026-08-14 01:55:25,856:INFO:                 ray: Not installed
2026-08-14 01:55:25,856:INFO:            hyperopt: Not installed
2026-08-14 01:55:25,856:INFO:              optuna: Not installed
2026-08-14 01:55:25,856:INFO:               skopt: Not installed
2026-08-14 01:55:25,856:INFO:              mlflow: Not installed
2026-08-14 01:55:25,856:INFO:              gradio: Not installed
2026-08-14 01:55:25,856:INFO:             fastapi: Not installed
2026-08-14 01:55:25,856:INFO:             uvicorn: Not installed
2026-08-14 01:55:25,856:INFO:              m2cgen: Not installed
2026-08-14 01:55:25,856:INFO:           evidently: Not installed
2026-08-14 01:55:25,856:INFO:               fugue: Not installed
2026-08-14 01:55:25,857:INFO:           streamlit: Not installed
2026-08-14 01:55:25,857:INFO:             prophet: Not installed
2026-08-14 01:55:25,857:INFO:None
2026-08-14 01:55:25,857:INFO:Set up data.
2026-08-14 01:55:25,869:INFO:Set up folding strategy.
2026-08-14 01:55:25,869:INFO:Set up train/test split.
2026-08-14 01:55:25,877:INFO:Set up index.
2026-08-14 01:55:25,878:INFO:Assigning column types.
2026-08-14 01:55:25,882:INFO:Engine successfully changes for model 'lr' to 'sklearn'.
2026-08-14 01:55:25,929:INFO:Engine for model 'knn' has not been set explicitly, hence returning None.
2026-08-14 01:55:25,930:INFO:Engine for model 'rbfsvm' has not been set explicitly, hence returning None.
2026-08-14 01:55:25,958:WARNING:
'xgboost' is a soft dependency and not included in the pycaret installation. Please run: `pip install xgboost` to install.
Alternately, you can install this by running `pip install pycaret[models]`
2026-08-14 01:55:25,958:WARNING:
'catboost' is a soft dependency and not included in the pycaret installation. Please run: `pip install catboost` to install.
Alternately, you can install this by running `pip install pycaret[models]`
2026-08-14 01:55:26,002:INFO:Engine for model 'knn' has not been set explicitly, hence returning None.
2026-08-14 01:55:26,004:INFO:Engine for model 'rbfsvm' has not been set explicitly, hence returning None.
2026-08-14 01:55:26,031:WARNING:
'xgboost' is a soft dependency and not included in the pycaret installation. Please run: `pip install xgboost` to install.
Alternately, you can install this by running `pip install pycaret[models]`
2026-08-14 01:55:26,031:WARNING:
'catboost' is a soft dependency and not included in the pycaret installation. Please run: `pip install catboost` to install.
Alternately, you can install this by running `pip install pycaret[models]`
2026-08-14 01:55:26,032:INFO:Engine successfully changes for model 'knn' to 'sklearn'.
2026-08-14 01:55:26,075:INFO:Engine for model 'rbfsvm' has not been set explicitly, hence returning None.
2026-08-14 01:55:26,105:WARNING:
'xgboost' is a soft dependency and not included in the pycaret installation. Please run: `pip install xgboost` to install.
Alternately, you can install this by running `pip install pycaret[models]`
2026-08-14 01:55:26,105:WARNING:
'catboost' is a soft dependency and not included in the pycaret installation. Please run: `pip install catboost` to install.
Alternately, you can install this by running `pip install pycaret[models]`
2026-08-14 01:55:26,150:INFO:Engine for model 'rbfsvm' has not been set explicitly, hence returning None.
2026-08-14 01:55:26,177:WARNING:
'xgboost' is a soft dependency and not included in the pycaret installation. Please run: `pip install xgboost` to install.
Alternately, you can install this by running `pip install pycaret[models]`
2026-08-14 01:55:26,178:WARNING:
'catboost' is a soft dependency and not included in the pycaret installation. Please run: `pip install catboost` to install.
Alternately, you can install this by running `pip install pycaret[models]`
2026-08-14 01:55:26,178:INFO:Engine successfully changes for model 'rbfsvm' to 'sklearn'.
2026-08-14 01:55:26,248:WARNING:
'xgboost' is a soft dependency and not included in the pycaret installation. Please run: `pip install xgboost` to install.
Alternately, you can install this by running `pip install pycaret[models]`
2026-08-14 01:55:26,248:WARNING:
'catboost' is a soft dependency and not included in the pycaret installation. Please run: `pip install catboost` to install.
Alternately, you can install this by running `pip install pycaret[models]`
2026-08-14 01:55:26,319:WARNING:
'xgboost' is a soft dependency and not included in the pycaret installation. Please run: `pip install xgboost` to install.
Alternately, you can install this by running `pip install pycaret[models]`
2026-08-14 01:55:26,320:WARNING:
'catboost' is a soft dependency and not included in the pycaret installation. Please run: `pip install catboost` to install.
Alternately, you can install this by running `pip install pycaret[models]`
2026-08-14 01:55:26,320:INFO:Preparing preprocessing pipeline...
2026-08-14 01:55:26,322:INFO:Set up simple imputation.
2026-08-14 01:55:26,324:INFO:Set up encoding of categorical features.
2026-08-14 01:55:26,325:INFO:Set up imbalanced handling.
2026-08-14 01:55:26,409:INFO:Finished creating preprocessing pipeline.
2026-08-14 01:55:26,417:INFO:Pipeline: Pipeline(memory=FastMemory(location=/tmp/joblib),
         steps=[('numerical_imputer',
                 TransformerWrapper(exclude=None,
                                    include=['age', 'avg_order_value',
                                             'total_orders', 'last_purchase',
                                             'email_open_rate', 'loyalty_score',
                                             'churn_risk'],
                                    transformer=SimpleImputer(add_indicator=False,
                                                              copy=True,
                                                              fill_value=None,
                                                              keep_empty_features=False,
                                                              missing_values=nan,
                                                              strategy='me...
                                    transformer=OneHotEncoder(cols=['gender',
                                                                    'country',
                                                                    'preferred_category'],
                                                              drop_invariant=False,
                                                              handle_missing='return_nan',
                                                              handle_unknown='value',
                                                              return_df=True,
                                                              use_cat_names=True,
                                                              verbose=0))),
                ('balance',
                 TransformerWrapper(exclude=None, include=None,
                                    transformer=FixImbalancer(estimator=SMOTE(k_neighbors=5,
                                                                              random_state=123,
                                                                              sampling_strategy='auto'))))],
         verbose=False)
2026-08-14 01:55:26,417:INFO:Creating final display dataframe.
2026-08-14 01:55:26,666:INFO:Setup _display_container:                     Description             Value
0                    Session id               123
1                        Target     is_fraudulent
2                   Target type            Binary
3           Original data shape        (5000, 13)
4        Transformed data shape        (8320, 26)
5   Transformed train set shape        (6820, 26)
6    Transformed test set shape        (1500, 26)
7               Ignore features                 2
8              Numeric features                 7
9          Categorical features                 3
10     Rows with missing values              9.8%
11                   Preprocess              True
12              Imputation type            simple
13           Numeric imputation              mean
14       Categorical imputation              mode
15     Maximum one-hot encoding                25
16              Encoding method              None
17                Fix imbalance              True
18         Fix imbalance method             SMOTE
19               Fold Generator   StratifiedKFold
20                  Fold Number                10
21                     CPU Jobs                -1
22                      Use GPU             False
23               Log Experiment             False
24              Experiment Name  clf-default-name
25                          USI              a0f9
2026-08-14 01:55:26,751:WARNING:
'xgboost' is a soft dependency and not included in the pycaret installation. Please run: `pip install xgboost` to install.
Alternately, you can install this by running `pip install pycaret[models]`
2026-08-14 01:55:26,751:WARNING:
'catboost' is a soft dependency and not included in the pycaret installation. Please run: `pip install catboost` to install.
Alternately, you can install this by running `pip install pycaret[models]`
2026-08-14 01:55:26,851:WARNING:
'xgboost' is a soft dependency and not included in the pycaret installation. Please run: `pip install xgboost` to install.
Alternately, you can install this by running `pip install pycaret[models]`
2026-08-14 01:55:26,851:WARNING:
'catboost' is a soft dependency and not included in the pycaret installation. Please run: `pip install catboost` to install.
Alternately, you can install this by running `pip install pycaret[models]`
2026-08-14 01:55:26,853:INFO:setup() successfully completed in 1.0s...............
2026-08-14 01:56:04,295:INFO:Initializing compare_models()
2026-08-14 01:56:04,295:INFO:compare_models(self=<pycaret.classification.oop.ClassificationExperiment object at 0x79a03aab7580>, include=['rf', 'dt', 'et', 'gbc', 'ada'], fold=None, round=4, cross_validation=True, sort=F1, n_select=1, budget_time=None, turbo=True, errors=ignore, fit_kwargs=None, groups=None, experiment_custom_tags=None, probability_threshold=None, verbose=True, parallel=None, caller_params={'self': <pycaret.classification.oop.ClassificationExperiment object at 0x79a03aab7580>, 'include': ['rf', 'dt', 'et', 'gbc', 'ada'], 'exclude': None, 'fold': None, 'round': 4, 'cross_validation': True, 'sort': 'F1', 'n_select': 1, 'budget_time': None, 'turbo': True, 'errors': 'ignore', 'fit_kwargs': None, 'groups': None, 'experiment_custom_tags': None, 'probability_threshold': None, 'engine': None, 'verbose': True, 'parallel': None, '__class__': <class 'pycaret.classification.oop.ClassificationExperiment'>}, exclude=None)
2026-08-14 01:56:04,295:INFO:Checking exceptions
2026-08-14 01:56:04,300:INFO:Preparing display monitor
2026-08-14 01:56:04,320:INFO:Initializing Random Forest Classifier
2026-08-14 01:56:04,320:INFO:Total runtime is 3.0279159545898436e-06 minutes
2026-08-14 01:56:04,323:INFO:SubProcess create_model() called ==================================
2026-08-14 01:56:04,324:INFO:Initializing create_model()
2026-08-14 01:56:04,324:INFO:create_model(self=<pycaret.classification.oop.ClassificationExperiment object at 0x79a03aab7580>, estimator=rf, fold=StratifiedKFold(n_splits=10, random_state=None, shuffle=False), round=4, cross_validation=True, predict=True, fit_kwargs={}, groups=None, refit=False, probability_threshold=None, experiment_custom_tags=None, verbose=False, system=False, add_to_model_list=True, metrics=None, display=<pycaret.internal.display.display.CommonDisplay object at 0x79a07c72fee0>, model_only=True, return_train_score=False, error_score=0.0, kwargs={})
2026-08-14 01:56:04,324:INFO:Checking exceptions
2026-08-14 01:56:04,324:INFO:Importing libraries
2026-08-14 01:56:04,324:INFO:Copying training dataset
2026-08-14 01:56:04,331:INFO:Defining folds
2026-08-14 01:56:04,331:INFO:Declaring metric variables
2026-08-14 01:56:04,334:INFO:Importing untrained model
2026-08-14 01:56:04,338:INFO:Random Forest Classifier Imported successfully
2026-08-14 01:56:04,349:INFO:Starting cross validation
2026-08-14 01:56:04,353:INFO:Cross validating with StratifiedKFold(n_splits=10, random_state=None, shuffle=False), n_jobs=-1
2026-08-14 01:56:07,123:WARNING:/home/murtaza-ali/anaconda3/envs/pycaret_env/lib/python3.10/site-packages/_distutils_hack/__init__.py:30: UserWarning: Setuptools is replacing distutils. Support for replacing an already imported distutils is deprecated. In the future, this condition will fail. Register concerns at https://github.com/pypa/setuptools/issues/new?template=distutils-deprecation.yml
  warnings.warn(

2026-08-14 01:56:07,226:WARNING:/home/murtaza-ali/anaconda3/envs/pycaret_env/lib/python3.10/site-packages/_distutils_hack/__init__.py:30: UserWarning: Setuptools is replacing distutils. Support for replacing an already imported distutils is deprecated. In the future, this condition will fail. Register concerns at https://github.com/pypa/setuptools/issues/new?template=distutils-deprecation.yml
  warnings.warn(

2026-08-14 01:56:07,247:WARNING:/home/murtaza-ali/anaconda3/envs/pycaret_env/lib/python3.10/site-packages/_distutils_hack/__init__.py:30: UserWarning: Setuptools is replacing distutils. Support for replacing an already imported distutils is deprecated. In the future, this condition will fail. Register concerns at https://github.com/pypa/setuptools/issues/new?template=distutils-deprecation.yml
  warnings.warn(

2026-08-14 01:56:07,257:WARNING:/home/murtaza-ali/anaconda3/envs/pycaret_env/lib/python3.10/site-packages/_distutils_hack/__init__.py:30: UserWarning: Setuptools is replacing distutils. Support for replacing an already imported distutils is deprecated. In the future, this condition will fail. Register concerns at https://github.com/pypa/setuptools/issues/new?template=distutils-deprecation.yml
  warnings.warn(

2026-08-14 01:56:07,323:WARNING:/home/murtaza-ali/anaconda3/envs/pycaret_env/lib/python3.10/site-packages/_distutils_hack/__init__.py:30: UserWarning: Setuptools is replacing distutils. Support for replacing an already imported distutils is deprecated. In the future, this condition will fail. Register concerns at https://github.com/pypa/setuptools/issues/new?template=distutils-deprecation.yml
  warnings.warn(

2026-08-14 01:56:07,353:WARNING:/home/murtaza-ali/anaconda3/envs/pycaret_env/lib/python3.10/site-packages/_distutils_hack/__init__.py:30: UserWarning: Setuptools is replacing distutils. Support for replacing an already imported distutils is deprecated. In the future, this condition will fail. Register concerns at https://github.com/pypa/setuptools/issues/new?template=distutils-deprecation.yml
  warnings.warn(

2026-08-14 01:56:07,360:WARNING:/home/murtaza-ali/anaconda3/envs/pycaret_env/lib/python3.10/site-packages/_distutils_hack/__init__.py:30: UserWarning: Setuptools is replacing distutils. Support for replacing an already imported distutils is deprecated. In the future, this condition will fail. Register concerns at https://github.com/pypa/setuptools/issues/new?template=distutils-deprecation.yml
  warnings.warn(

2026-08-14 01:56:07,378:WARNING:/home/murtaza-ali/anaconda3/envs/pycaret_env/lib/python3.10/site-packages/_distutils_hack/__init__.py:30: UserWarning: Setuptools is replacing distutils. Support for replacing an already imported distutils is deprecated. In the future, this condition will fail. Register concerns at https://github.com/pypa/setuptools/issues/new?template=distutils-deprecation.yml
  warnings.warn(

2026-08-14 01:56:09,118:WARNING:/home/murtaza-ali/anaconda3/envs/pycaret_env/lib/python3.10/site-packages/sklearn/metrics/_classification.py:1509: UndefinedMetricWarning: Precision is ill-defined and being set to 0.0 due to no predicted samples. Use `zero_division` parameter to control this behavior.
  _warn_prf(average, modifier, f"{metric.capitalize()} is", len(result))

2026-08-14 01:56:09,174:WARNING:/home/murtaza-ali/anaconda3/envs/pycaret_env/lib/python3.10/site-packages/sklearn/metrics/_classification.py:1509: UndefinedMetricWarning: Precision is ill-defined and being set to 0.0 due to no predicted samples. Use `zero_division` parameter to control this behavior.
  _warn_prf(average, modifier, f"{metric.capitalize()} is", len(result))

2026-08-14 01:56:09,455:WARNING:/home/murtaza-ali/anaconda3/envs/pycaret_env/lib/python3.10/site-packages/sklearn/metrics/_classification.py:1509: UndefinedMetricWarning: Precision is ill-defined and being set to 0.0 due to no predicted samples. Use `zero_division` parameter to control this behavior.
  _warn_prf(average, modifier, f"{metric.capitalize()} is", len(result))

2026-08-14 01:56:09,489:WARNING:/home/murtaza-ali/anaconda3/envs/pycaret_env/lib/python3.10/site-packages/sklearn/metrics/_classification.py:1509: UndefinedMetricWarning: Precision is ill-defined and being set to 0.0 due to no predicted samples. Use `zero_division` parameter to control this behavior.
  _warn_prf(average, modifier, f"{metric.capitalize()} is", len(result))

2026-08-14 01:56:09,584:WARNING:/home/murtaza-ali/anaconda3/envs/pycaret_env/lib/python3.10/site-packages/sklearn/metrics/_classification.py:1509: UndefinedMetricWarning: Precision is ill-defined and being set to 0.0 due to no predicted samples. Use `zero_division` parameter to control this behavior.
  _warn_prf(average, modifier, f"{metric.capitalize()} is", len(result))

2026-08-14 01:56:09,594:WARNING:/home/murtaza-ali/anaconda3/envs/pycaret_env/lib/python3.10/site-packages/sklearn/metrics/_classification.py:1509: UndefinedMetricWarning: Precision is ill-defined and being set to 0.0 due to no predicted samples. Use `zero_division` parameter to control this behavior.
  _warn_prf(average, modifier, f"{metric.capitalize()} is", len(result))

2026-08-14 01:56:09,627:WARNING:/home/murtaza-ali/anaconda3/envs/pycaret_env/lib/python3.10/site-packages/sklearn/metrics/_classification.py:1509: UndefinedMetricWarning: Precision is ill-defined and being set to 0.0 due to no predicted samples. Use `zero_division` parameter to control this behavior.
  _warn_prf(average, modifier, f"{metric.capitalize()} is", len(result))

2026-08-14 01:56:10,056:WARNING:/home/murtaza-ali/anaconda3/envs/pycaret_env/lib/python3.10/site-packages/sklearn/metrics/_classification.py:1509: UndefinedMetricWarning: Precision is ill-defined and being set to 0.0 due to no predicted samples. Use `zero_division` parameter to control this behavior.
  _warn_prf(average, modifier, f"{metric.capitalize()} is", len(result))

2026-08-14 01:56:10,119:WARNING:/home/murtaza-ali/anaconda3/envs/pycaret_env/lib/python3.10/site-packages/sklearn/metrics/_classification.py:1509: UndefinedMetricWarning: Precision is ill-defined and being set to 0.0 due to no predicted samples. Use `zero_division` parameter to control this behavior.
  _warn_prf(average, modifier, f"{metric.capitalize()} is", len(result))

2026-08-14 01:56:10,126:INFO:Calculating mean and std
2026-08-14 01:56:10,127:INFO:Creating metrics dataframe
2026-08-14 01:56:10,130:INFO:Uploading results into container
2026-08-14 01:56:10,130:INFO:Uploading model into container now
2026-08-14 01:56:10,131:INFO:_master_model_container: 1
2026-08-14 01:56:10,131:INFO:_display_container: 2
2026-08-14 01:56:10,132:INFO:RandomForestClassifier(bootstrap=True, ccp_alpha=0.0, class_weight=None,
                       criterion='gini', max_depth=None, max_features='sqrt',
                       max_leaf_nodes=None, max_samples=None,
                       min_impurity_decrease=0.0, min_samples_leaf=1,
                       min_samples_split=2, min_weight_fraction_leaf=0.0,
                       monotonic_cst=None, n_estimators=100, n_jobs=-1,
                       oob_score=False, random_state=123, verbose=0,
                       warm_start=False)
2026-08-14 01:56:10,132:INFO:create_model() successfully completed......................................
2026-08-14 01:56:10,327:INFO:SubProcess create_model() end ==================================
2026-08-14 01:56:10,327:INFO:Creating metrics dataframe
2026-08-14 01:56:10,334:INFO:Initializing Decision Tree Classifier
2026-08-14 01:56:10,334:INFO:Total runtime is 0.10023399194081625 minutes
2026-08-14 01:56:10,337:INFO:SubProcess create_model() called ==================================
2026-08-14 01:56:10,338:INFO:Initializing create_model()
2026-08-14 01:56:10,338:INFO:create_model(self=<pycaret.classification.oop.ClassificationExperiment object at 0x79a03aab7580>, estimator=dt, fold=StratifiedKFold(n_splits=10, random_state=None, shuffle=False), round=4, cross_validation=True, predict=True, fit_kwargs={}, groups=None, refit=False, probability_threshold=None, experiment_custom_tags=None, verbose=False, system=False, add_to_model_list=True, metrics=None, display=<pycaret.internal.display.display.CommonDisplay object at 0x79a07c72fee0>, model_only=True, return_train_score=False, error_score=0.0, kwargs={})
2026-08-14 01:56:10,338:INFO:Checking exceptions
2026-08-14 01:56:10,338:INFO:Importing libraries
2026-08-14 01:56:10,338:INFO:Copying training dataset
2026-08-14 01:56:10,344:INFO:Defining folds
2026-08-14 01:56:10,345:INFO:Declaring metric variables
2026-08-14 01:56:10,348:INFO:Importing untrained model
2026-08-14 01:56:10,352:INFO:Decision Tree Classifier Imported successfully
2026-08-14 01:56:10,359:INFO:Starting cross validation
2026-08-14 01:56:10,362:INFO:Cross validating with StratifiedKFold(n_splits=10, random_state=None, shuffle=False), n_jobs=-1
2026-08-14 01:56:10,874:INFO:Calculating mean and std
2026-08-14 01:56:10,875:INFO:Creating metrics dataframe
2026-08-14 01:56:10,877:INFO:Uploading results into container
2026-08-14 01:56:10,877:INFO:Uploading model into container now
2026-08-14 01:56:10,877:INFO:_master_model_container: 2
2026-08-14 01:56:10,877:INFO:_display_container: 2
2026-08-14 01:56:10,878:INFO:DecisionTreeClassifier(ccp_alpha=0.0, class_weight=None, criterion='gini',
                       max_depth=None, max_features=None, max_leaf_nodes=None,
                       min_impurity_decrease=0.0, min_samples_leaf=1,
                       min_samples_split=2, min_weight_fraction_leaf=0.0,
                       monotonic_cst=None, random_state=123, splitter='best')
2026-08-14 01:56:10,878:INFO:create_model() successfully completed......................................
2026-08-14 01:56:11,062:INFO:SubProcess create_model() end ==================================
2026-08-14 01:56:11,062:INFO:Creating metrics dataframe
2026-08-14 01:56:11,068:INFO:Initializing Extra Trees Classifier
2026-08-14 01:56:11,068:INFO:Total runtime is 0.11246578296025594 minutes
2026-08-14 01:56:11,071:INFO:SubProcess create_model() called ==================================
2026-08-14 01:56:11,071:INFO:Initializing create_model()
2026-08-14 01:56:11,071:INFO:create_model(self=<pycaret.classification.oop.ClassificationExperiment object at 0x79a03aab7580>, estimator=et, fold=StratifiedKFold(n_splits=10, random_state=None, shuffle=False), round=4, cross_validation=True, predict=True, fit_kwargs={}, groups=None, refit=False, probability_threshold=None, experiment_custom_tags=None, verbose=False, system=False, add_to_model_list=True, metrics=None, display=<pycaret.internal.display.display.CommonDisplay object at 0x79a07c72fee0>, model_only=True, return_train_score=False, error_score=0.0, kwargs={})
2026-08-14 01:56:11,071:INFO:Checking exceptions
2026-08-14 01:56:11,071:INFO:Importing libraries
2026-08-14 01:56:11,071:INFO:Copying training dataset
2026-08-14 01:56:11,077:INFO:Defining folds
2026-08-14 01:56:11,078:INFO:Declaring metric variables
2026-08-14 01:56:11,082:INFO:Importing untrained model
2026-08-14 01:56:11,086:INFO:Extra Trees Classifier Imported successfully
2026-08-14 01:56:11,093:INFO:Starting cross validation
2026-08-14 01:56:11,095:INFO:Cross validating with StratifiedKFold(n_splits=10, random_state=None, shuffle=False), n_jobs=-1
2026-08-14 01:56:12,354:WARNING:/home/murtaza-ali/anaconda3/envs/pycaret_env/lib/python3.10/site-packages/sklearn/metrics/_classification.py:1509: UndefinedMetricWarning: Precision is ill-defined and being set to 0.0 due to no predicted samples. Use `zero_division` parameter to control this behavior.
  _warn_prf(average, modifier, f"{metric.capitalize()} is", len(result))

2026-08-14 01:56:12,532:WARNING:/home/murtaza-ali/anaconda3/envs/pycaret_env/lib/python3.10/site-packages/sklearn/metrics/_classification.py:1509: UndefinedMetricWarning: Precision is ill-defined and being set to 0.0 due to no predicted samples. Use `zero_division` parameter to control this behavior.
  _warn_prf(average, modifier, f"{metric.capitalize()} is", len(result))

2026-08-14 01:56:12,604:WARNING:/home/murtaza-ali/anaconda3/envs/pycaret_env/lib/python3.10/site-packages/sklearn/metrics/_classification.py:1509: UndefinedMetricWarning: Precision is ill-defined and being set to 0.0 due to no predicted samples. Use `zero_division` parameter to control this behavior.
  _warn_prf(average, modifier, f"{metric.capitalize()} is", len(result))

2026-08-14 01:56:12,604:WARNING:/home/murtaza-ali/anaconda3/envs/pycaret_env/lib/python3.10/site-packages/sklearn/metrics/_classification.py:1509: UndefinedMetricWarning: Precision is ill-defined and being set to 0.0 due to no predicted samples. Use `zero_division` parameter to control this behavior.
  _warn_prf(average, modifier, f"{metric.capitalize()} is", len(result))

2026-08-14 01:56:12,629:WARNING:/home/murtaza-ali/anaconda3/envs/pycaret_env/lib/python3.10/site-packages/sklearn/metrics/_classification.py:1509: UndefinedMetricWarning: Precision is ill-defined and being set to 0.0 due to no predicted samples. Use `zero_division` parameter to control this behavior.
  _warn_prf(average, modifier, f"{metric.capitalize()} is", len(result))

2026-08-14 01:56:13,008:WARNING:/home/murtaza-ali/anaconda3/envs/pycaret_env/lib/python3.10/site-packages/sklearn/metrics/_classification.py:1509: UndefinedMetricWarning: Precision is ill-defined and being set to 0.0 due to no predicted samples. Use `zero_division` parameter to control this behavior.
  _warn_prf(average, modifier, f"{metric.capitalize()} is", len(result))

2026-08-14 01:56:13,074:WARNING:/home/murtaza-ali/anaconda3/envs/pycaret_env/lib/python3.10/site-packages/sklearn/metrics/_classification.py:1509: UndefinedMetricWarning: Precision is ill-defined and being set to 0.0 due to no predicted samples. Use `zero_division` parameter to control this behavior.
  _warn_prf(average, modifier, f"{metric.capitalize()} is", len(result))

2026-08-14 01:56:13,084:INFO:Calculating mean and std
2026-08-14 01:56:13,085:INFO:Creating metrics dataframe
2026-08-14 01:56:13,087:INFO:Uploading results into container
2026-08-14 01:56:13,087:INFO:Uploading model into container now
2026-08-14 01:56:13,088:INFO:_master_model_container: 3
2026-08-14 01:56:13,088:INFO:_display_container: 2
2026-08-14 01:56:13,088:INFO:ExtraTreesClassifier(bootstrap=False, ccp_alpha=0.0, class_weight=None,
                     criterion='gini', max_depth=None, max_features='sqrt',
                     max_leaf_nodes=None, max_samples=None,
                     min_impurity_decrease=0.0, min_samples_leaf=1,
                     min_samples_split=2, min_weight_fraction_leaf=0.0,
                     monotonic_cst=None, n_estimators=100, n_jobs=-1,
                     oob_score=False, random_state=123, verbose=0,
                     warm_start=False)
2026-08-14 01:56:13,088:INFO:create_model() successfully completed......................................
2026-08-14 01:56:13,271:INFO:SubProcess create_model() end ==================================
2026-08-14 01:56:13,271:INFO:Creating metrics dataframe
2026-08-14 01:56:13,277:INFO:Initializing Gradient Boosting Classifier
2026-08-14 01:56:13,278:INFO:Total runtime is 0.14929011662801106 minutes
2026-08-14 01:56:13,281:INFO:SubProcess create_model() called ==================================
2026-08-14 01:56:13,282:INFO:Initializing create_model()
2026-08-14 01:56:13,282:INFO:create_model(self=<pycaret.classification.oop.ClassificationExperiment object at 0x79a03aab7580>, estimator=gbc, fold=StratifiedKFold(n_splits=10, random_state=None, shuffle=False), round=4, cross_validation=True, predict=True, fit_kwargs={}, groups=None, refit=False, probability_threshold=None, experiment_custom_tags=None, verbose=False, system=False, add_to_model_list=True, metrics=None, display=<pycaret.internal.display.display.CommonDisplay object at 0x79a07c72fee0>, model_only=True, return_train_score=False, error_score=0.0, kwargs={})
2026-08-14 01:56:13,282:INFO:Checking exceptions
2026-08-14 01:56:13,282:INFO:Importing libraries
2026-08-14 01:56:13,282:INFO:Copying training dataset
2026-08-14 01:56:13,289:INFO:Defining folds
2026-08-14 01:56:13,289:INFO:Declaring metric variables
2026-08-14 01:56:13,292:INFO:Importing untrained model
2026-08-14 01:56:13,297:INFO:Gradient Boosting Classifier Imported successfully
2026-08-14 01:56:13,304:INFO:Starting cross validation
2026-08-14 01:56:13,306:INFO:Cross validating with StratifiedKFold(n_splits=10, random_state=None, shuffle=False), n_jobs=-1
2026-08-14 01:56:18,057:WARNING:/home/murtaza-ali/anaconda3/envs/pycaret_env/lib/python3.10/site-packages/sklearn/metrics/_classification.py:1509: UndefinedMetricWarning: Precision is ill-defined and being set to 0.0 due to no predicted samples. Use `zero_division` parameter to control this behavior.
  _warn_prf(average, modifier, f"{metric.capitalize()} is", len(result))

2026-08-14 01:56:18,057:WARNING:/home/murtaza-ali/anaconda3/envs/pycaret_env/lib/python3.10/site-packages/sklearn/metrics/_classification.py:1509: UndefinedMetricWarning: Precision is ill-defined and being set to 0.0 due to no predicted samples. Use `zero_division` parameter to control this behavior.
  _warn_prf(average, modifier, f"{metric.capitalize()} is", len(result))

2026-08-14 01:56:18,263:WARNING:/home/murtaza-ali/anaconda3/envs/pycaret_env/lib/python3.10/site-packages/sklearn/metrics/_classification.py:1509: UndefinedMetricWarning: Precision is ill-defined and being set to 0.0 due to no predicted samples. Use `zero_division` parameter to control this behavior.
  _warn_prf(average, modifier, f"{metric.capitalize()} is", len(result))

2026-08-14 01:56:18,399:WARNING:/home/murtaza-ali/anaconda3/envs/pycaret_env/lib/python3.10/site-packages/sklearn/metrics/_classification.py:1509: UndefinedMetricWarning: Precision is ill-defined and being set to 0.0 due to no predicted samples. Use `zero_division` parameter to control this behavior.
  _warn_prf(average, modifier, f"{metric.capitalize()} is", len(result))

2026-08-14 01:56:18,545:WARNING:/home/murtaza-ali/anaconda3/envs/pycaret_env/lib/python3.10/site-packages/sklearn/metrics/_classification.py:1509: UndefinedMetricWarning: Precision is ill-defined and being set to 0.0 due to no predicted samples. Use `zero_division` parameter to control this behavior.
  _warn_prf(average, modifier, f"{metric.capitalize()} is", len(result))

2026-08-14 01:56:18,647:WARNING:/home/murtaza-ali/anaconda3/envs/pycaret_env/lib/python3.10/site-packages/sklearn/metrics/_classification.py:1509: UndefinedMetricWarning: Precision is ill-defined and being set to 0.0 due to no predicted samples. Use `zero_division` parameter to control this behavior.
  _warn_prf(average, modifier, f"{metric.capitalize()} is", len(result))

2026-08-14 01:56:21,081:WARNING:/home/murtaza-ali/anaconda3/envs/pycaret_env/lib/python3.10/site-packages/sklearn/metrics/_classification.py:1509: UndefinedMetricWarning: Precision is ill-defined and being set to 0.0 due to no predicted samples. Use `zero_division` parameter to control this behavior.
  _warn_prf(average, modifier, f"{metric.capitalize()} is", len(result))

2026-08-14 01:56:21,102:WARNING:/home/murtaza-ali/anaconda3/envs/pycaret_env/lib/python3.10/site-packages/sklearn/metrics/_classification.py:1509: UndefinedMetricWarning: Precision is ill-defined and being set to 0.0 due to no predicted samples. Use `zero_division` parameter to control this behavior.
  _warn_prf(average, modifier, f"{metric.capitalize()} is", len(result))

2026-08-14 01:56:21,119:INFO:Calculating mean and std
2026-08-14 01:56:21,120:INFO:Creating metrics dataframe
2026-08-14 01:56:21,121:INFO:Uploading results into container
2026-08-14 01:56:21,122:INFO:Uploading model into container now
2026-08-14 01:56:21,122:INFO:_master_model_container: 4
2026-08-14 01:56:21,122:INFO:_display_container: 2
2026-08-14 01:56:21,123:INFO:GradientBoostingClassifier(ccp_alpha=0.0, criterion='friedman_mse', init=None,
                           learning_rate=0.1, loss='log_loss', max_depth=3,
                           max_features=None, max_leaf_nodes=None,
                           min_impurity_decrease=0.0, min_samples_leaf=1,
                           min_samples_split=2, min_weight_fraction_leaf=0.0,
                           n_estimators=100, n_iter_no_change=None,
                           random_state=123, subsample=1.0, tol=0.0001,
                           validation_fraction=0.1, verbose=0,
                           warm_start=False)
2026-08-14 01:56:21,123:INFO:create_model() successfully completed......................................
2026-08-14 01:56:21,305:INFO:SubProcess create_model() end ==================================
2026-08-14 01:56:21,305:INFO:Creating metrics dataframe
2026-08-14 01:56:21,312:INFO:Initializing Ada Boost Classifier
2026-08-14 01:56:21,312:INFO:Total runtime is 0.283201801776886 minutes
2026-08-14 01:56:21,315:INFO:SubProcess create_model() called ==================================
2026-08-14 01:56:21,315:INFO:Initializing create_model()
2026-08-14 01:56:21,315:INFO:create_model(self=<pycaret.classification.oop.ClassificationExperiment object at 0x79a03aab7580>, estimator=ada, fold=StratifiedKFold(n_splits=10, random_state=None, shuffle=False), round=4, cross_validation=True, predict=True, fit_kwargs={}, groups=None, refit=False, probability_threshold=None, experiment_custom_tags=None, verbose=False, system=False, add_to_model_list=True, metrics=None, display=<pycaret.internal.display.display.CommonDisplay object at 0x79a07c72fee0>, model_only=True, return_train_score=False, error_score=0.0, kwargs={})
2026-08-14 01:56:21,315:INFO:Checking exceptions
2026-08-14 01:56:21,315:INFO:Importing libraries
2026-08-14 01:56:21,316:INFO:Copying training dataset
2026-08-14 01:56:21,321:INFO:Defining folds
2026-08-14 01:56:21,321:INFO:Declaring metric variables
2026-08-14 01:56:21,325:INFO:Importing untrained model
2026-08-14 01:56:21,328:INFO:Ada Boost Classifier Imported successfully
2026-08-14 01:56:21,335:INFO:Starting cross validation
2026-08-14 01:56:21,337:INFO:Cross validating with StratifiedKFold(n_splits=10, random_state=None, shuffle=False), n_jobs=-1
2026-08-14 01:56:21,519:WARNING:/home/murtaza-ali/anaconda3/envs/pycaret_env/lib/python3.10/site-packages/sklearn/ensemble/_weight_boosting.py:519: FutureWarning: The SAMME.R algorithm (the default) is deprecated and will be removed in 1.6. Use the SAMME algorithm to circumvent this warning.
  warnings.warn(

2026-08-14 01:56:21,520:WARNING:/home/murtaza-ali/anaconda3/envs/pycaret_env/lib/python3.10/site-packages/sklearn/ensemble/_weight_boosting.py:519: FutureWarning: The SAMME.R algorithm (the default) is deprecated and will be removed in 1.6. Use the SAMME algorithm to circumvent this warning.
  warnings.warn(

2026-08-14 01:56:21,525:WARNING:/home/murtaza-ali/anaconda3/envs/pycaret_env/lib/python3.10/site-packages/sklearn/ensemble/_weight_boosting.py:519: FutureWarning: The SAMME.R algorithm (the default) is deprecated and will be removed in 1.6. Use the SAMME algorithm to circumvent this warning.
  warnings.warn(

2026-08-14 01:56:21,531:WARNING:/home/murtaza-ali/anaconda3/envs/pycaret_env/lib/python3.10/site-packages/sklearn/ensemble/_weight_boosting.py:519: FutureWarning: The SAMME.R algorithm (the default) is deprecated and will be removed in 1.6. Use the SAMME algorithm to circumvent this warning.
  warnings.warn(

2026-08-14 01:56:21,540:WARNING:/home/murtaza-ali/anaconda3/envs/pycaret_env/lib/python3.10/site-packages/sklearn/ensemble/_weight_boosting.py:519: FutureWarning: The SAMME.R algorithm (the default) is deprecated and will be removed in 1.6. Use the SAMME algorithm to circumvent this warning.
  warnings.warn(

2026-08-14 01:56:21,540:WARNING:/home/murtaza-ali/anaconda3/envs/pycaret_env/lib/python3.10/site-packages/sklearn/ensemble/_weight_boosting.py:519: FutureWarning: The SAMME.R algorithm (the default) is deprecated and will be removed in 1.6. Use the SAMME algorithm to circumvent this warning.
  warnings.warn(

2026-08-14 01:56:21,553:WARNING:/home/murtaza-ali/anaconda3/envs/pycaret_env/lib/python3.10/site-packages/sklearn/ensemble/_weight_boosting.py:519: FutureWarning: The SAMME.R algorithm (the default) is deprecated and will be removed in 1.6. Use the SAMME algorithm to circumvent this warning.
  warnings.warn(

2026-08-14 01:56:21,553:WARNING:/home/murtaza-ali/anaconda3/envs/pycaret_env/lib/python3.10/site-packages/sklearn/ensemble/_weight_boosting.py:519: FutureWarning: The SAMME.R algorithm (the default) is deprecated and will be removed in 1.6. Use the SAMME algorithm to circumvent this warning.
  warnings.warn(

2026-08-14 01:56:22,695:WARNING:/home/murtaza-ali/anaconda3/envs/pycaret_env/lib/python3.10/site-packages/sklearn/metrics/_classification.py:1509: UndefinedMetricWarning: Precision is ill-defined and being set to 0.0 due to no predicted samples. Use `zero_division` parameter to control this behavior.
  _warn_prf(average, modifier, f"{metric.capitalize()} is", len(result))

2026-08-14 01:56:22,713:WARNING:/home/murtaza-ali/anaconda3/envs/pycaret_env/lib/python3.10/site-packages/sklearn/metrics/_classification.py:1509: UndefinedMetricWarning: Precision is ill-defined and being set to 0.0 due to no predicted samples. Use `zero_division` parameter to control this behavior.
  _warn_prf(average, modifier, f"{metric.capitalize()} is", len(result))

2026-08-14 01:56:22,733:WARNING:/home/murtaza-ali/anaconda3/envs/pycaret_env/lib/python3.10/site-packages/sklearn/metrics/_classification.py:1509: UndefinedMetricWarning: Precision is ill-defined and being set to 0.0 due to no predicted samples. Use `zero_division` parameter to control this behavior.
  _warn_prf(average, modifier, f"{metric.capitalize()} is", len(result))

2026-08-14 01:56:22,740:WARNING:/home/murtaza-ali/anaconda3/envs/pycaret_env/lib/python3.10/site-packages/sklearn/metrics/_classification.py:1509: UndefinedMetricWarning: Precision is ill-defined and being set to 0.0 due to no predicted samples. Use `zero_division` parameter to control this behavior.
  _warn_prf(average, modifier, f"{metric.capitalize()} is", len(result))

2026-08-14 01:56:22,745:WARNING:/home/murtaza-ali/anaconda3/envs/pycaret_env/lib/python3.10/site-packages/sklearn/metrics/_classification.py:1509: UndefinedMetricWarning: Precision is ill-defined and being set to 0.0 due to no predicted samples. Use `zero_division` parameter to control this behavior.
  _warn_prf(average, modifier, f"{metric.capitalize()} is", len(result))

2026-08-14 01:56:22,793:WARNING:/home/murtaza-ali/anaconda3/envs/pycaret_env/lib/python3.10/site-packages/sklearn/metrics/_classification.py:1509: UndefinedMetricWarning: Precision is ill-defined and being set to 0.0 due to no predicted samples. Use `zero_division` parameter to control this behavior.
  _warn_prf(average, modifier, f"{metric.capitalize()} is", len(result))

2026-08-14 01:56:22,815:WARNING:/home/murtaza-ali/anaconda3/envs/pycaret_env/lib/python3.10/site-packages/sklearn/metrics/_classification.py:1509: UndefinedMetricWarning: Precision is ill-defined and being set to 0.0 due to no predicted samples. Use `zero_division` parameter to control this behavior.
  _warn_prf(average, modifier, f"{metric.capitalize()} is", len(result))

2026-08-14 01:56:22,832:WARNING:/home/murtaza-ali/anaconda3/envs/pycaret_env/lib/python3.10/site-packages/sklearn/metrics/_classification.py:1509: UndefinedMetricWarning: Precision is ill-defined and being set to 0.0 due to no predicted samples. Use `zero_division` parameter to control this behavior.
  _warn_prf(average, modifier, f"{metric.capitalize()} is", len(result))

2026-08-14 01:56:22,839:WARNING:/home/murtaza-ali/anaconda3/envs/pycaret_env/lib/python3.10/site-packages/sklearn/ensemble/_weight_boosting.py:519: FutureWarning: The SAMME.R algorithm (the default) is deprecated and will be removed in 1.6. Use the SAMME algorithm to circumvent this warning.
  warnings.warn(

2026-08-14 01:56:22,848:WARNING:/home/murtaza-ali/anaconda3/envs/pycaret_env/lib/python3.10/site-packages/sklearn/ensemble/_weight_boosting.py:519: FutureWarning: The SAMME.R algorithm (the default) is deprecated and will be removed in 1.6. Use the SAMME algorithm to circumvent this warning.
  warnings.warn(

2026-08-14 01:56:23,544:WARNING:/home/murtaza-ali/anaconda3/envs/pycaret_env/lib/python3.10/site-packages/sklearn/metrics/_classification.py:1509: UndefinedMetricWarning: Precision is ill-defined and being set to 0.0 due to no predicted samples. Use `zero_division` parameter to control this behavior.
  _warn_prf(average, modifier, f"{metric.capitalize()} is", len(result))

2026-08-14 01:56:23,563:WARNING:/home/murtaza-ali/anaconda3/envs/pycaret_env/lib/python3.10/site-packages/sklearn/metrics/_classification.py:1509: UndefinedMetricWarning: Precision is ill-defined and being set to 0.0 due to no predicted samples. Use `zero_division` parameter to control this behavior.
  _warn_prf(average, modifier, f"{metric.capitalize()} is", len(result))

2026-08-14 01:56:23,575:INFO:Calculating mean and std
2026-08-14 01:56:23,576:INFO:Creating metrics dataframe
2026-08-14 01:56:23,578:INFO:Uploading results into container
2026-08-14 01:56:23,578:INFO:Uploading model into container now
2026-08-14 01:56:23,578:INFO:_master_model_container: 5
2026-08-14 01:56:23,578:INFO:_display_container: 2
2026-08-14 01:56:23,579:INFO:AdaBoostClassifier(algorithm='SAMME.R', estimator=None, learning_rate=1.0,
                   n_estimators=50, random_state=123)
2026-08-14 01:56:23,579:INFO:create_model() successfully completed......................................
2026-08-14 01:56:23,777:INFO:SubProcess create_model() end ==================================
2026-08-14 01:56:23,777:INFO:Creating metrics dataframe
2026-08-14 01:56:23,794:INFO:Initializing create_model()
2026-08-14 01:56:23,795:INFO:create_model(self=<pycaret.classification.oop.ClassificationExperiment object at 0x79a03aab7580>, estimator=DecisionTreeClassifier(ccp_alpha=0.0, class_weight=None, criterion='gini',
                       max_depth=None, max_features=None, max_leaf_nodes=None,
                       min_impurity_decrease=0.0, min_samples_leaf=1,
                       min_samples_split=2, min_weight_fraction_leaf=0.0,
                       monotonic_cst=None, random_state=123, splitter='best'), fold=StratifiedKFold(n_splits=10, random_state=None, shuffle=False), round=4, cross_validation=False, predict=False, fit_kwargs={}, groups=None, refit=True, probability_threshold=None, experiment_custom_tags=None, verbose=False, system=False, add_to_model_list=True, metrics=None, display=None, model_only=True, return_train_score=False, error_score=0.0, kwargs={})
2026-08-14 01:56:23,795:INFO:Checking exceptions
2026-08-14 01:56:23,797:INFO:Importing libraries
2026-08-14 01:56:23,797:INFO:Copying training dataset
2026-08-14 01:56:23,803:INFO:Defining folds
2026-08-14 01:56:23,803:INFO:Declaring metric variables
2026-08-14 01:56:23,804:INFO:Importing untrained model
2026-08-14 01:56:23,804:INFO:Declaring custom model
2026-08-14 01:56:23,804:INFO:Decision Tree Classifier Imported successfully
2026-08-14 01:56:23,806:INFO:Cross validation set to False
2026-08-14 01:56:23,806:INFO:Fitting Model
2026-08-14 01:56:23,999:INFO:DecisionTreeClassifier(ccp_alpha=0.0, class_weight=None, criterion='gini',
                       max_depth=None, max_features=None, max_leaf_nodes=None,
                       min_impurity_decrease=0.0, min_samples_leaf=1,
                       min_samples_split=2, min_weight_fraction_leaf=0.0,
                       monotonic_cst=None, random_state=123, splitter='best')
2026-08-14 01:56:23,999:INFO:create_model() successfully completed......................................
2026-08-14 01:56:24,231:INFO:_master_model_container: 5
2026-08-14 01:56:24,231:INFO:_display_container: 2
2026-08-14 01:56:24,231:INFO:DecisionTreeClassifier(ccp_alpha=0.0, class_weight=None, criterion='gini',
                       max_depth=None, max_features=None, max_leaf_nodes=None,
                       min_impurity_decrease=0.0, min_samples_leaf=1,
                       min_samples_split=2, min_weight_fraction_leaf=0.0,
                       monotonic_cst=None, random_state=123, splitter='best')
2026-08-14 01:56:24,231:INFO:compare_models() successfully completed......................................
