customer_id,age,gender,country,avg_order_value,total_orders,last_purchase,is_fraudulent,preferred_category,email_open_rate,loyalty_score,churn_risk,customer_tenure_days,total_spend,order_velocity,order_velociy
CUST_8270,30,Female,Brazil,101.08,8,176,1,Beauty,25.6,50,0.2,800,808.64,0.1568627450980392,0.0451977401129943
CUST_1860,53,Female,USA,90.39,10,88,0,Electronics,12.3,37,0.34,907,903.9,0.2631578947368421,0.1123595505617977
CUST_6390,73,Male,Australia,83.28,6,203,0,Sports,50.95,65,0.05,850,499.68,0.0909090909090909,0.0294117647058823
CUST_6191,30,Other,Japan,109.9,9,346,1,Electronics,42.9,93,0.19,2228,989.1,0.0957446808510638,0.0259365994236311
CUST_6734,29,Female,Canada,269.38,16,342,0,Fashion,5.3,79,0.15,492,4310.08,0.2,0.0466472303206997
CUST_7265,54,Male,Canada,114.31,11,210,0,Beauty,56.5,44,0.21,1777,1257.41,0.2444444444444444,0.0521327014218009
CUST_1466,27,Female,Canada,34.03,7,212,0,Electronics,0.2,60,0.39,1699,238.21,0.1147540983606557,0.0328638497652582
CUST_5426,77,Female,Brazil,171.25,9,20,0,Electronics,15.1,29,0.24,2012,1541.25,0.3,0.4285714285714285
CUST_6578,73,Female,Australia,116.79,10,87,0,Sports,14.7,85,0.37,2172,1167.9,0.1162790697674418,0.1136363636363636
CUST_9322,26,Male,France,55.93,4,12,0,Fashion,68.8,63,0.52,901,223.72,0.0625,0.3076923076923077
CUST_2685,69,Female,India,128.78,7,119,0,Fashion,48.6,76,0.11,677,901.46,0.0909090909090909,0.0583333333333333
CUST_1769,24,Female,Canada,88.23,14,177,0,Beauty,83.6,26,0.12,831,1235.22,0.5185185185185185,0.0786516853932584
CUST_7949,19,Male,India,77.24,12,128,0,Home,26.5,45,0.63,1873,926.88,0.2608695652173913,0.0930232558139534
CUST_3433,71,Female,Brazil,91.39,8,50,0,Home,21.1,95,0.34,1491,731.12,0.0833333333333333,0.1568627450980392
CUST_6311,73,Female,India,131.23,7,41,0,Sports,80.3,35,0.61,815,918.61,0.1944444444444444,0.1666666666666666
CUST_6051,77,Female,China,95.89,9,317,0,Beauty,44.4,78,0.23,1936,863.01,0.1139240506329113,0.0283018867924528
CUST_7420,40,Male,Brazil,107.03,11,94,0,Sports,27.4,7,0.27,1738,1177.33,1.375,0.1157894736842105
CUST_2184,56,Female,India,123.34,8,241,0,Beauty,41.8,67,0.13,659,986.72,0.1176470588235294,0.0330578512396694
CUST_5555,57,Female,USA,87.13,8,355,0,Fashion,42.5,53,0.33,991,697.04,0.1481481481481481,0.0224719101123595
CUST_4385,56,Male,Canada,58.03,11,60,0,Home,57.2,41,0.2,1384,638.33,0.2619047619047619,0.180327868852459
CUST_7396,38,Male,Germany,32.99,11,348,0,Electronics,3.8,4,0.15,568,362.89,2.2,0.0315186246418338
CUST_9666,40,Female,UK,191.86,8,227,0,Home,24.8,2,0.31,775,1534.88,2.6666666666666665,0.0350877192982456
CUST_3558,46,Female,Brazil,127.42,8,276,0,Beauty,46.7,35,0.1,2097,1019.36,0.2222222222222222,0.0288808664259927
CUST_8849,31,Male,Japan,186.72,7,17,0,Home,54.2,33,0.08,1910,1307.04,0.2058823529411764,0.3888888888888889
CUST_3047,43,Female,UK,105.48,15,243,0,Electronics,15.9,50,0.38,2195,1582.2,0.2941176470588235,0.0614754098360655
CUST_3747,68,Male,France,220.27,1,310,0,Fashion,19.4,13,0.25,1276,220.27,0.0714285714285714,0.0032154340836012
CUST_1189,22,Female,Brazil,137.27,6,323,0,Fashion,72.8,7,0.43,1941,823.6200000000001,0.75,0.0185185185185185
CUST_3734,72,Other,Brazil,64.45,12,46,0,Beauty,78.6,39,0.37,987,773.4000000000001,0.3,0.2553191489361702
CUST_4005,48,Female,India,55.0,11,309,0,Home,7.5,91,0.44,937,605.0,0.1195652173913043,0.0354838709677419
CUST_5658,42,Male,Brazil,61.94,8,17,0,Beauty,99.0,49,0.41,1791,495.52,0.16,0.4444444444444444
CUST_2899,48,Female,Canada,93.19,8,200,0,Home,43.3,3,0.27,1324,745.52,2.0,0.0398009950248756
CUST_8734,67,Male,Australia,109.18,11,252,0,Sports,58.6,17,0.31,1819,1200.98,0.6111111111111112,0.0434782608695652
CUST_2267,37,Male,Australia,75.98,6,191,0,Beauty,59.4,25,0.22,2046,455.88,0.2307692307692307,0.03125
CUST_2528,61,Female,France,46.66,7,48,0,Home,34.6,94,0.34,966,326.62,0.0736842105263157,0.1428571428571428
CUST_4556,72,Female,China,106.23,13,93,0,Sports,54.5,14,0.25,1039,1380.99,0.8666666666666667,0.1382978723404255
CUST_4890,34,Male,Germany,112.56,13,236,0,Beauty,58.3,93,0.28,1777,1463.28,0.1382978723404255,0.0548523206751054
CUST_9838,62,Other,China,175.73,14,221,0,Fashion,76.1,5,0.33,1747,2460.22,2.333333333333333,0.063063063063063
CUST_6393,19,Female,Canada,22.72,12,166,0,Sports,66.2,71,0.05,786,272.64,0.1666666666666666,0.0718562874251497
CUST_9792,42,Male,Canada,103.97,13,253,0,Beauty,44.7,83,0.09,637,1351.61,0.1547619047619047,0.0511811023622047
CUST_9433,30,Female,USA,43.35,13,56,0,Electronics,19.1,33,0.08,566,563.5500000000001,0.3823529411764705,0.2280701754385964
CUST_8513,75,Female,Australia,48.94,11,5,0,Fashion,2.5,85,0.14,1639,538.3399999999999,0.127906976744186,1.8333333333333333
CUST_3612,56,Female,UK,53.17,5,237,0,Sports,65.2,51,0.09,1225,265.85,0.0961538461538461,0.0210084033613445
CUST_8041,45,Female,Japan,26.94,10,220,0,Home,47.8,85,0.38,575,269.40000000000003,0.1162790697674418,0.0452488687782805
CUST_7235,59,Female,Brazil,112.99,8,223,0,Electronics,96.6,17,0.41,1317,903.92,0.4444444444444444,0.0357142857142857
CUST_6486,72,Male,Germany,100.28,10,77,0,Home,9.8,87,0.19,2054,1002.8,0.1136363636363636,0.1282051282051282
CUST_8099,23,Female,Japan,66.53,9,19,0,Electronics,7.3,61,0.06,1485,598.77,0.1451612903225806,0.45
CUST_1775,20,Female,China,99.42,12,305,0,Beauty,18.1,91,0.3,1949,1193.04,0.1304347826086956,0.0392156862745098
CUST_9226,75,Male,Japan,107.61,14,264,0,Beauty,37.7,31,0.25,1673,1506.54,0.4375,0.0528301886792452
CUST_4152,52,Female,USA,77.22,9,203,0,Home,17.5,15,0.21,1079,694.98,0.5625,0.0441176470588235
CUST_2585,35,Other,Germany,35.2,10,141,0,Home,46.4,40,0.15,860,352.0,0.2439024390243902,0.0704225352112676
CUST_4943,28,Other,Germany,82.36,9,303,0,Home,34.0,65,0.19,634,741.24,0.1363636363636363,0.0296052631578947
CUST_8555,71,Male,USA,26.6,7,79,0,Sports,99.9,20,0.28,2172,186.2,0.3333333333333333,0.0875
CUST_4073,37,Male,Canada,99.86,13,209,0,Fashion,96.7,34,0.24,416,1298.18,0.3714285714285714,0.0619047619047619
CUST_2021,22,Female,USA,93.19,9,255,0,Home,36.5,65,0.13,1703,838.71,0.1363636363636363,0.03515625
CUST_4843,36,Male,Canada,50.6,11,311,0,Beauty,79.2,32,0.36,1418,556.6,0.3333333333333333,0.0352564102564102
CUST_8989,39,Other,UK,64.39,10,39,0,Beauty,24.2,22,0.4,1497,643.9,0.4347826086956521,0.25
CUST_7873,76,Male,France,188.66,19,352,0,Home,5.8,62,0.33,837,3584.54,0.3015873015873015,0.0538243626062322
CUST_6675,77,Male,Canada,142.52,10,201,0,Home,4.0,93,0.31,1859,1425.2,0.1063829787234042,0.0495049504950495
CUST_1161,36,Male,Japan,93.19,12,85,0,Beauty,2.9,45,0.35,1269,1118.28,0.2608695652173913,0.1395348837209302
CUST_5297,79,Male,Canada,78.1,16,42,0,Sports,73.6,11,0.17,703,1249.6,1.3333333333333333,0.3720930232558139
CUST_1995,64,Female,France,29.96,10,235,0,Electronics,34.2,33,0.38,1166,299.6,0.2941176470588235,0.0423728813559322
CUST_8629,79,Female,China,25.66,12,69,0,Beauty,82.4,38,0.33,1947,307.92,0.3076923076923077,0.1714285714285714
CUST_2016,33,Male,Brazil,37.74,9,355,0,Electronics,87.4,65,0.17,1141,339.66,0.1363636363636363,0.0252808988764044
CUST_8869,41,Male,USA,38.89,8,130,1,Home,30.6,63,0.3,2111,311.12,0.125,0.0610687022900763
CUST_7439,58,Female,Brazil,224.56,4,131,0,Fashion,28.9,38,0.07,1509,898.24,0.1025641025641025,0.0303030303030303
CUST_8892,21,Male,USA,177.53,4,247,0,Home,30.8,73,0.26,1184,710.12,0.054054054054054,0.0161290322580645
CUST_7863,32,Female,UK,22.84,11,154,0,Home,47.5,13,0.59,1537,251.24,0.7857142857142857,0.0709677419354838
CUST_8916,42,Female,Australia,36.64,13,229,0,Home,1.6,48,0.35,1136,476.32,0.2653061224489796,0.0565217391304347
CUST_9529,61,Female,Japan,99.99,8,88,0,Beauty,1.1,24,0.19,1052,799.92,0.32,0.0898876404494382
CUST_1878,72,Other,Japan,101.05,9,228,0,Beauty,73.5,36,0.22,1051,909.45,0.2432432432432432,0.0393013100436681
CUST_5887,52,Other,China,84.6,17,26,0,Fashion,80.8,20,0.25,1042,1438.1999999999998,0.8095238095238095,0.6296296296296297
CUST_5859,72,Other,Australia,111.68,13,360,0,Electronics,20.4,43,0.07,2145,1451.84,0.2954545454545454,0.0360110803324099
CUST_7331,31,Male,Australia,178.26,13,355,0,Electronics,59.4,57,0.45,2182,2317.38,0.2241379310344827,0.0365168539325842
CUST_9571,66,Male,USA,97.41,14,237,0,Electronics,21.6,65,0.46,2173,1363.74,0.2121212121212121,0.0588235294117647
CUST_9684,36,Male,Japan,111.72,6,174,0,Home,73.4,60,0.33,1066,670.3199999999999,0.0983606557377049,0.0342857142857142
CUST_8208,55,Female,Japan,130.26,8,315,0,Fashion,42.1,99,0.04,1918,1042.08,0.08,0.0253164556962025
CUST_6276,53,Other,Australia,194.44,14,291,0,Home,82.3,43,0.3,1104,2722.16,0.3181818181818182,0.047945205479452
CUST_3062,24,Female,USA,131.13,13,60,0,Fashion,94.9,84,0.12,1558,1704.69,0.1529411764705882,0.2131147540983606
CUST_1064,47,Male,Canada,54.59,11,169,0,Sports,55.5,65,0.39,1542,600.49,0.1666666666666666,0.0647058823529411
CUST_9006,36,Other,Canada,123.09,6,262,0,Beauty,90.1,46,0.29,1525,738.54,0.1276595744680851,0.0228136882129277
CUST_3568,66,Male,France,54.37,10,305,0,Home,3.4,62,0.21,705,543.6999999999999,0.1587301587301587,0.0326797385620915
CUST_6463,42,Male,India,150.63,18,115,0,Sports,46.3,70,0.43,660,2711.34,0.2535211267605634,0.1551724137931034
CUST_3027,33,Male,Germany,156.42,9,174,0,Electronics,50.3,26,0.36,1813,1407.78,0.3333333333333333,0.0514285714285714
CUST_3695,64,Male,UK,37.09,9,220,0,Sports,41.6,29,0.08,1851,333.81000000000006,0.3,0.0407239819004524
CUST_6258,71,Female,USA,49.42,8,127,0,Beauty,31.5,41,0.64,522,395.36,0.1904761904761904,0.0625
CUST_6618,57,Male,Canada,237.22,11,4,0,Beauty,72.3,15,0.21,1893,2609.42,0.6875,2.2
CUST_7736,68,Female,China,76.59,13,325,0,Beauty,50.95,19,0.15,1696,995.67,0.65,0.0398773006134969
CUST_1391,25,Female,Germany,120.73,4,185,0,Sports,8.2,73,0.08,850,482.92,0.054054054054054,0.021505376344086
CUST_6892,35,Female,Germany,219.17,8,171,0,Electronics,95.1,59,0.2,1555,1753.36,0.1333333333333333,0.0465116279069767
CUST_4561,45,Female,Germany,76.65,9,198,0,Home,88.8,81,0.27,840,689.85,0.1097560975609756,0.0452261306532663
CUST_7184,33,Male,Australia,97.19,7,230,0,Electronics,35.3,96,0.1,1394,680.3299999999999,0.0721649484536082,0.0303030303030303
CUST_4099,69,Female,France,19.7,6,287,0,Fashion,24.6,28,0.12,605,118.2,0.2068965517241379,0.0208333333333333
CUST_7278,36,Other,China,92.98,7,334,0,Fashion,62.8,15,0.04,2190,650.86,0.4375,0.0208955223880597
CUST_9392,59,Male,India,60.96,4,114,0,Home,4.3,58,0.33,733,243.84,0.0677966101694915,0.0347826086956521
CUST_4104,34,Female,China,61.71,9,332,0,Beauty,49.6,53,0.13,1298,555.39,0.1666666666666666,0.027027027027027
CUST_8215,62,Male,China,134.0,12,329,0,Home,67.3,42,0.44,1308,1608.0,0.2790697674418604,0.0363636363636363
CUST_3454,30,Male,USA,204.04,6,312,0,Sports,50.95,28,0.21,1996,1224.24,0.2068965517241379,0.0191693290734824
CUST_9996,24,Female,France,62.08,9,10,0,Beauty,97.2,73,0.41,1002,558.72,0.1216216216216216,0.8181818181818182
CUST_3731,44,Female,Brazil,130.01,9,103,0,Home,71.9,91,0.29,1910,1170.09,0.0978260869565217,0.0865384615384615
CUST_9154,27,Male,France,23.25,13,174,0,Home,93.4,19,0.59,788,302.25,0.65,0.0742857142857142
CUST_6056,51,Female,Brazil,26.76,8,119,0,Sports,90.8,71,0.2,1450,214.08,0.1111111111111111,0.0666666666666666
CUST_9110,53,Female,India,158.27,9,236,0,Sports,50.95,89,0.19,1001,1424.43,0.1,0.0379746835443038
CUST_4840,42,Other,USA,41.29,12,235,0,Electronics,66.9,94,0.22,1028,495.48,0.1263157894736842,0.0508474576271186
CUST_2028,23,Male,Australia,68.94,21,304,0,Fashion,59.7,77,0.17,906,1447.74,0.2692307692307692,0.0688524590163934
CUST_8385,41,Other,Germany,49.73,5,37,0,Home,5.5,2,0.11,1478,248.65,1.6666666666666667,0.131578947368421
CUST_1502,35,Male,USA,55.27,15,271,0,Electronics,31.8,18,0.12,1509,829.0500000000001,0.7894736842105263,0.0551470588235294
CUST_7910,40,Female,Australia,134.3,5,343,0,Beauty,53.5,40,0.28,525,671.5,0.1219512195121951,0.0145348837209302
CUST_7938,23,Male,USA,98.85,13,250,0,Beauty,54.8,53,0.12,431,1285.05,0.2407407407407407,0.0517928286852589
CUST_5488,46,Male,Australia,315.61,9,333,0,Fashion,81.4,8,0.47,1176,2840.49,1.0,0.0269461077844311
CUST_1206,79,Female,USA,133.8,10,26,0,Beauty,58.8,84,0.22,787,1338.0,0.1176470588235294,0.3703703703703703
CUST_6134,42,Male,France,78.32,5,329,0,Fashion,46.7,9,0.47,635,391.6,0.5,0.0151515151515151
CUST_6977,72,Male,France,98.36,12,122,0,Beauty,75.2,77,0.36,1098,1180.32,0.1538461538461538,0.0975609756097561
CUST_8721,34,Male,France,86.75,15,155,0,Beauty,57.1,21,0.12,1489,1301.25,0.6818181818181818,0.0961538461538461
CUST_8035,63,Female,Germany,208.18,7,216,0,Home,88.4,92,0.4,2063,1457.26,0.075268817204301,0.032258064516129
CUST_2484,41,Male,UK,54.39,10,193,0,Sports,90.5,44,0.14,1815,543.9,0.2222222222222222,0.0515463917525773
CUST_8858,28,Female,Japan,76.64,11,300,0,Home,60.4,60,0.03,2155,843.04,0.180327868852459,0.0365448504983388
CUST_1863,43,Male,Brazil,173.31,13,160,0,Electronics,56.4,71,0.22,1532,2253.03,0.1805555555555555,0.0807453416149068
CUST_3790,68,Male,France,41.0,7,127,0,Sports,70.1,31,0.53,1592,287.0,0.21875,0.0546875
CUST_8408,79,Male,UK,28.69,14,315,0,Home,72.6,87,0.2,931,401.66,0.1590909090909091,0.0443037974683544
CUST_9755,51,Female,Brazil,76.18,12,177,0,Sports,72.7,13,0.19,865,914.16,0.8571428571428571,0.0674157303370786
CUST_6116,45,Male,USA,88.83,6,125,0,Sports,62.1,45,0.33,985,532.98,0.1304347826086956,0.0476190476190476
CUST_7019,20,Male,India,69.65,6,173,0,Sports,76.3,2,0.12,895,417.9,2.0,0.0344827586206896
CUST_2757,28,Other,Australia,28.98,8,34,0,Beauty,14.4,34,0.56,581,231.84,0.2285714285714285,0.2285714285714285
CUST_8574,55,Female,UK,97.97,15,238,0,Sports,82.1,69,0.06,2199,1469.55,0.2142857142857142,0.0627615062761506
CUST_7374,78,Male,China,40.32,10,40,0,Beauty,31.0,66,0.24,1794,403.2,0.1492537313432835,0.2439024390243902
CUST_7892,31,Male,Canada,54.71,10,185,0,Sports,88.6,62,0.25,1284,547.1,0.1587301587301587,0.053763440860215
CUST_2678,68,Female,UK,35.44,11,182,0,Beauty,13.2,47,0.09,1752,389.84,0.2291666666666666,0.0601092896174863
CUST_4242,43,Male,France,36.02,10,260,0,Sports,0.4,98,0.09,676,360.20000000000005,0.101010101010101,0.0383141762452107
CUST_5636,65,Male,France,87.56,9,33,0,Electronics,1.6,2,0.13,1481,788.04,3.0,0.2647058823529412
CUST_2059,38,Female,UK,128.87,7,186,0,Home,21.0,84,0.22,1503,902.09,0.0823529411764705,0.0374331550802139
CUST_7668,71,Female,Australia,77.64,8,306,0,Sports,11.4,72,0.6,1185,621.12,0.1095890410958904,0.0260586319218241
CUST_4157,73,Female,Brazil,35.36,13,136,0,Electronics,55.4,87,0.27,1000,459.68,0.1477272727272727,0.0948905109489051
CUST_6915,56,Male,USA,42.61,17,201,1,Home,44.8,37,0.2,1223,724.37,0.4473684210526316,0.0841584158415841
CUST_3693,47,Male,Canada,32.83,8,142,0,Fashion,60.6,80,0.37,791,262.64,0.0987654320987654,0.0559440559440559
CUST_4627,76,Female,USA,52.2,11,108,0,Sports,19.3,86,0.31,808,574.2,0.1264367816091954,0.1009174311926605
CUST_6450,25,Male,Germany,50.74,13,156,0,Fashion,75.4,63,0.1,1888,659.62,0.203125,0.0828025477707006
CUST_2663,68,Female,Australia,93.19,11,254,0,Home,61.0,56,0.17,931,1025.09,0.1929824561403508,0.0431372549019607
CUST_6592,37,Female,France,98.89,11,180,0,Home,22.1,46,0.18,1935,1087.79,0.2340425531914893,0.0607734806629834
CUST_8392,65,Male,Germany,230.71,8,340,0,Sports,39.9,63,0.45,941,1845.68,0.125,0.0234604105571847
CUST_2306,49,Other,USA,61.83,6,218,0,Electronics,71.8,8,0.29,1589,370.98,0.6666666666666666,0.0273972602739726
CUST_7776,39,Female,USA,53.62,9,27,0,Sports,68.0,55,0.19,876,482.58,0.1607142857142857,0.3214285714285714
CUST_6864,76,Female,Canada,83.46,15,150,0,Electronics,56.2,43,0.18,488,1251.9,0.3409090909090909,0.0993377483443708
CUST_8526,24,Male,Japan,97.4,7,358,0,Sports,97.9,90,0.41,2136,681.8000000000001,0.0769230769230769,0.0194986072423398
CUST_9901,26,Male,USA,54.65,9,99,0,Electronics,13.2,23,0.32,2079,491.85,0.375,0.09
CUST_6575,62,Female,Brazil,134.02,7,2,1,Beauty,48.8,16,0.16,1577,938.14,0.4117647058823529,2.333333333333333
CUST_6530,18,Male,Brazil,126.84,13,32,0,Electronics,62.4,85,0.11,691,1648.92,0.1511627906976744,0.3939393939393939
CUST_5413,46,Other,UK,148.06,8,198,0,Electronics,99.4,52,0.17,1598,1184.48,0.1509433962264151,0.0402010050251256
CUST_4748,25,Male,Canada,96.92,12,68,0,Home,54.3,93,0.25,1131,1163.04,0.1276595744680851,0.1739130434782608
CUST_1663,73,Female,Canada,55.76,6,89,0,Fashion,44.2,54,0.22,1913,334.56,0.109090909090909,0.0666666666666666
CUST_2998,71,Male,France,42.79,12,16,0,Sports,92.2,84,0.39,1854,513.48,0.1411764705882353,0.7058823529411765
CUST_8994,21,Female,USA,71.68,9,336,0,Home,50.6,76,0.15,1698,645.1200000000001,0.1168831168831168,0.0267062314540059
CUST_2495,52,Male,Japan,156.2,9,322,0,Fashion,93.9,37,0.34,1354,1405.8,0.2368421052631578,0.0278637770897832
CUST_4304,76,Male,China,36.58,8,322,0,Home,75.0,90,0.01,1591,292.64,0.0879120879120879,0.0247678018575851
CUST_4763,20,Male,Germany,81.56,9,33,0,Home,16.8,67,0.28,1588,734.04,0.1323529411764706,0.2647058823529412
CUST_6232,71,Female,Canada,228.73,10,263,0,Sports,50.95,18,0.17,2030,2287.3,0.5263157894736842,0.0378787878787878
CUST_2853,62,Male,UK,93.19,7,300,0,Beauty,31.8,59,0.13,1808,652.3299999999999,0.1166666666666666,0.0232558139534883
CUST_7585,57,Other,UK,33.63,13,59,0,Home,6.8,1,0.55,656,437.19000000000005,6.5,0.2166666666666666
CUST_2291,24,Female,USA,159.51,6,183,0,Sports,54.3,19,0.28,797,957.06,0.3,0.0326086956521739
CUST_4581,44,Male,USA,124.35,10,325,0,Electronics,86.0,13,0.74,695,1243.5,0.7142857142857143,0.0306748466257668
CUST_8554,18,Female,China,218.18,9,356,0,Fashion,40.0,33,0.16,2082,1963.62,0.2647058823529412,0.0252100840336134
CUST_8280,44,Male,India,153.58,10,364,0,Sports,64.8,94,0.51,1985,1535.8000000000002,0.1052631578947368,0.0273972602739726
CUST_2636,33,Other,India,93.19,8,198,0,Beauty,98.1,22,0.13,670,745.52,0.3478260869565217,0.0402010050251256
CUST_4696,55,Female,USA,53.22,10,240,0,Sports,19.4,27,0.29,616,532.2,0.3571428571428571,0.0414937759336099
CUST_1698,24,Male,Australia,82.14,10,231,0,Sports,35.8,50,0.05,459,821.4,0.196078431372549,0.043103448275862
CUST_5737,61,Male,Brazil,168.89,8,210,0,Electronics,2.5,77,0.26,841,1351.12,0.1025641025641025,0.0379146919431279
CUST_1854,40,Male,Brazil,105.91,11,51,0,Fashion,23.2,72,0.35,1453,1165.01,0.1506849315068493,0.2115384615384615
CUST_9164,58,Other,China,211.42,10,118,0,Fashion,77.9,53,0.09,518,2114.2,0.1851851851851851,0.0840336134453781
CUST_6855,76,Male,China,49.17,5,329,0,Beauty,65.7,60,0.36,2145,245.85,0.081967213114754,0.0151515151515151
CUST_8392,28,Female,France,222.22,15,214,0,Fashion,78.4,50,0.49,1610,3333.3,0.2941176470588235,0.0697674418604651
CUST_7528,59,Male,Japan,55.13,9,321,0,Electronics,42.5,66,0.24,2226,496.17,0.1343283582089552,0.0279503105590062
CUST_6249,70,Other,UK,130.45,9,148,0,Beauty,73.6,83,0.18,953,1174.05,0.1071428571428571,0.0604026845637583
CUST_6172,50,Male,Brazil,102.11,6,175,0,Electronics,60.0,24,0.29,748,612.66,0.24,0.034090909090909
CUST_2707,67,Female,Australia,102.28,15,268,0,Electronics,32.8,69,0.33,728,1534.2,0.2142857142857142,0.0557620817843866
CUST_6791,53,Female,USA,122.19,10,319,0,Sports,41.2,8,0.26,583,1221.9,1.1111111111111112,0.03125
CUST_6535,54,Female,Canada,15.61,11,4,0,Sports,54.1,20,0.2,611,171.70999999999998,0.5238095238095238,2.2
CUST_5931,58,Male,Australia,85.36,11,115,0,Sports,95.6,99,0.13,1385,938.96,0.11,0.0948275862068965
CUST_4510,76,Male,France,55.0,8,202,0,Home,50.95,66,0.16,562,440.0,0.1194029850746268,0.0394088669950738
CUST_1202,34,Male,Australia,89.23,9,36,0,Electronics,50.95,70,0.26,2138,803.07,0.1267605633802817,0.2432432432432432
CUST_5218,52,Female,Canada,102.0,14,53,0,Fashion,50.95,59,0.27,636,1428.0,0.2333333333333333,0.2592592592592592
CUST_9958,65,Male,Germany,152.84,16,287,0,Beauty,71.7,80,0.29,874,2445.44,0.1975308641975308,0.0555555555555555
CUST_5389,22,Female,India,31.65,5,283,0,Home,89.5,47,0.07,490,158.25,0.1041666666666666,0.0176056338028169
CUST_3327,65,Male,Germany,93.19,8,85,0,Sports,73.9,36,0.17,637,745.52,0.2162162162162162,0.0930232558139534
CUST_9004,49,Female,UK,31.75,8,44,0,Home,41.6,2,0.16,1723,254.0,2.6666666666666665,0.1777777777777777
CUST_3931,20,Other,UK,148.5,7,283,0,Home,72.5,64,0.52,1824,1039.5,0.1076923076923077,0.0246478873239436
CUST_8777,69,Female,Brazil,42.89,14,320,0,Electronics,44.4,78,0.2,1558,600.46,0.1772151898734177,0.043613707165109
CUST_1197,64,Male,Canada,84.23,8,69,0,Electronics,71.4,38,0.48,1814,673.84,0.2051282051282051,0.1142857142857142
CUST_8125,79,Male,UK,58.17,9,41,0,Fashion,78.0,26,0.28,706,523.53,0.3333333333333333,0.2142857142857142
CUST_2930,52,Male,China,27.6,10,271,0,Beauty,84.3,20,0.17,1328,276.0,0.4761904761904761,0.0367647058823529
CUST_7287,69,Male,Brazil,145.31,2,140,0,Beauty,72.8,93,0.49,627,290.62,0.0212765957446808,0.0141843971631205
CUST_9800,31,Female,France,98.73,12,58,0,Sports,16.0,4,0.23,1041,1184.76,2.4,0.2033898305084746
CUST_5282,65,Female,Brazil,111.09,17,239,0,Fashion,93.6,84,0.3,434,1888.53,0.2,0.0708333333333333
CUST_3511,78,Other,Germany,52.81,12,46,0,Beauty,21.3,88,0.39,1628,633.72,0.1348314606741573,0.2553191489361702
CUST_1659,78,Male,USA,75.55,11,166,0,Home,35.8,65,0.25,906,831.05,0.1666666666666666,0.0658682634730539
CUST_3811,48,Female,China,96.48,16,109,0,Home,42.9,89,0.16,764,1543.68,0.1777777777777777,0.1454545454545454
CUST_8098,48,Female,China,28.12,12,125,0,Beauty,71.2,14,0.32,1968,337.44,0.8,0.0952380952380952
CUST_7546,34,Female,Japan,27.66,14,298,0,Home,70.1,35,0.34,1599,387.24,0.3888888888888889,0.0468227424749163
CUST_2986,77,Male,China,126.31,15,108,0,Home,96.2,85,0.08,2002,1894.65,0.1744186046511628,0.1376146788990825
CUST_9338,41,Female,China,16.18,7,164,0,Sports,18.9,52,0.48,1108,113.26,0.1320754716981132,0.0424242424242424
CUST_3911,69,Female,Germany,112.24,8,258,0,Home,50.95,23,0.29,1796,897.92,0.3333333333333333,0.0308880308880308
CUST_2734,40,Female,Australia,19.14,18,75,0,Beauty,20.4,20,0.21,955,344.52,0.8571428571428571,0.2368421052631578
CUST_2843,35,Other,China,131.7,14,6,0,Electronics,67.3,90,0.38,1594,1843.8,0.1538461538461538,2.0
CUST_9680,67,Male,USA,109.97,8,185,0,Home,50.95,27,0.43,933,879.76,0.2857142857142857,0.043010752688172
CUST_3976,71,Male,India,31.8,11,275,0,Beauty,86.8,41,0.08,1399,349.8,0.2619047619047619,0.0398550724637681
CUST_2959,31,Female,Germany,96.67,15,78,0,Home,98.3,78,0.06,1050,1450.05,0.189873417721519,0.189873417721519
CUST_6759,67,Female,Germany,93.19,7,64,0,Fashion,50.95,36,0.6,1209,652.3299999999999,0.1891891891891892,0.1076923076923077
CUST_7694,32,Male,Australia,56.13,7,114,0,Sports,73.9,4,0.06,1311,392.91,1.4,0.0608695652173913
CUST_3385,32,Female,Japan,66.49,17,201,0,Electronics,53.3,26,0.08,863,1130.33,0.6296296296296297,0.0841584158415841
CUST_5736,23,Other,Australia,61.8,10,141,0,Home,35.9,40,0.28,2126,618.0,0.2439024390243902,0.0704225352112676
CUST_2802,44,Other,Brazil,52.83,14,97,0,Beauty,19.1,80,0.14,1460,739.62,0.1728395061728395,0.1428571428571428
CUST_9155,32,Male,India,131.28,5,304,0,Electronics,71.9,84,0.47,682,656.4,0.0588235294117647,0.0163934426229508
CUST_9120,67,Female,UK,131.12,10,216,0,Home,15.9,88,0.18,575,1311.2,0.1123595505617977,0.0460829493087557
CUST_7616,53,Female,France,32.96,12,73,0,Fashion,28.1,74,0.31,1477,395.52,0.16,0.1621621621621621
CUST_6534,72,Female,UK,190.31,7,292,0,Beauty,92.0,66,0.4,1461,1332.17,0.1044776119402985,0.0238907849829351
CUST_5061,25,Female,Japan,80.75,9,133,0,Sports,50.8,73,0.17,2046,726.75,0.1216216216216216,0.0671641791044776
CUST_1262,32,Female,Japan,114.79,11,261,1,Home,85.4,82,0.15,1337,1262.69,0.1325301204819277,0.0419847328244274
CUST_7287,20,Female,China,322.28,14,283,0,Beauty,76.8,94,0.37,1889,4511.92,0.1473684210526315,0.0492957746478873
CUST_9815,79,Male,Australia,77.2,15,101,0,Home,37.6,3,0.05,1222,1158.0,3.75,0.1470588235294117
CUST_3049,64,Female,Brazil,93.19,5,205,0,Sports,21.8,64,0.27,1762,465.95,0.0769230769230769,0.0242718446601941
CUST_6423,30,Female,China,66.97,12,140,0,Fashion,10.0,29,0.13,739,803.64,0.4,0.0851063829787234
CUST_5548,58,Male,Canada,30.4,14,12,0,Sports,96.1,54,0.43,1409,425.6,0.2545454545454545,1.0769230769230769
CUST_4108,51,Other,Brazil,93.19,10,248,0,Sports,32.5,7,0.35,1085,931.9,1.25,0.0401606425702811
CUST_8158,41,Female,Japan,62.79,8,122,0,Sports,67.3,25,0.47,1394,502.32,0.3076923076923077,0.065040650406504
CUST_8400,57,Female,Japan,14.19,9,9,1,Electronics,73.0,24,0.22,2006,127.71,0.36,0.9
CUST_4170,49,Male,Germany,47.73,15,79,0,Beauty,19.8,43,0.4,1594,715.9499999999999,0.3409090909090909,0.1875
CUST_3255,78,Female,Canada,37.92,16,166,0,Home,69.4,6,0.33,598,606.72,2.2857142857142856,0.0958083832335329
CUST_2154,49,Male,China,60.03,9,98,0,Fashion,0.9,15,0.23,523,540.27,0.5625,0.0909090909090909
CUST_5499,47,Male,Japan,38.5,15,206,0,Home,41.8,79,0.46,1275,577.5,0.1875,0.072463768115942
CUST_7295,69,Female,Canada,158.74,11,150,0,Electronics,35.0,40,0.28,803,1746.14,0.2682926829268293,0.0728476821192053
CUST_7197,66,Male,India,69.45,10,36,0,Fashion,93.3,91,0.28,1740,694.5,0.108695652173913,0.2702702702702703
CUST_2648,30,Female,France,45.46,8,263,0,Electronics,98.6,61,0.08,1844,363.68,0.1290322580645161,0.0303030303030303
CUST_6539,18,Male,Australia,167.25,15,341,0,Home,28.8,21,0.03,1377,2508.75,0.6818181818181818,0.043859649122807
CUST_5199,51,Male,Japan,119.76,14,4,0,Fashion,61.0,58,0.45,2182,1676.64,0.2372881355932203,2.8
CUST_9445,79,Male,India,58.5,20,225,0,Home,74.5,96,0.3,428,1170.0,0.2061855670103092,0.0884955752212389
CUST_3557,32,Other,Brazil,35.83,11,26,0,Beauty,19.1,32,0.42,1450,394.13,0.3333333333333333,0.4074074074074074
CUST_6592,61,Female,Australia,216.57,13,123,0,Electronics,68.7,12,0.41,1436,2815.41,1.0,0.1048387096774193
CUST_1098,31,Female,Canada,70.17,9,298,0,Beauty,25.8,9,0.22,2104,631.53,0.9,0.0301003344481605
CUST_3200,74,Male,Australia,124.26,8,34,0,Beauty,16.9,20,0.16,1055,994.08,0.3809523809523809,0.2285714285714285
CUST_3961,46,Male,UK,148.82,9,236,0,Home,85.1,15,0.22,1297,1339.38,0.5625,0.0379746835443038
CUST_5973,51,Other,Germany,352.1,5,310,0,Home,50.2,77,0.49,1493,1760.5,0.0641025641025641,0.0160771704180064
CUST_5433,35,Male,Canada,67.23,14,316,0,Sports,29.7,8,0.13,1824,941.22,1.5555555555555556,0.0441640378548895
CUST_3869,71,Male,India,61.31,11,302,0,Sports,40.5,21,0.28,841,674.4100000000001,0.5,0.0363036303630363
CUST_1956,24,Female,Japan,93.19,6,101,0,Fashion,41.3,45,0.26,2196,559.14,0.1304347826086956,0.0588235294117647
CUST_9352,46,Male,Canada,93.19,10,76,0,Home,77.0,89,0.54,2009,931.9,0.1111111111111111,0.1298701298701298
CUST_6699,72,Female,USA,144.02,17,311,0,Electronics,88.7,99,0.16,1714,2448.34,0.17,0.0544871794871794
CUST_7944,48,Female,UK,39.66,11,81,0,Home,47.6,40,0.39,733,436.26,0.2682926829268293,0.1341463414634146
CUST_5493,78,Male,India,121.75,12,145,0,Home,32.3,94,0.4,2045,1461.0,0.1263157894736842,0.0821917808219178
CUST_5911,42,Male,Brazil,65.19,12,192,0,Beauty,72.7,95,0.45,1960,782.28,0.125,0.0621761658031088
CUST_4987,55,Male,USA,94.53,13,223,0,Beauty,90.5,6,0.19,854,1228.89,1.8571428571428568,0.0580357142857142
CUST_7015,31,Female,Canada,219.13,12,52,0,Sports,11.4,11,0.28,1115,2629.56,1.0,0.2264150943396226
CUST_2218,25,Female,Germany,144.27,14,344,0,Fashion,79.7,64,0.26,864,2019.78,0.2153846153846154,0.0405797101449275
CUST_5496,44,Male,USA,208.46,9,84,0,Fashion,55.7,42,0.5,423,1876.14,0.2093023255813953,0.1058823529411764
CUST_5735,71,Male,Australia,66.57,11,128,0,Home,86.8,59,0.2,599,732.27,0.1833333333333333,0.0852713178294573
CUST_5555,19,Female,Canada,230.77,5,210,0,Electronics,51.4,8,0.11,1666,1153.85,0.5555555555555556,0.0236966824644549
CUST_9050,34,Female,India,165.18,12,351,0,Beauty,86.3,72,0.51,1621,1982.16,0.1643835616438356,0.034090909090909
CUST_4446,54,Male,Canada,92.56,12,263,0,Electronics,55.4,55,0.43,988,1110.72,0.2142857142857142,0.0454545454545454
CUST_2045,31,Male,Germany,216.55,13,182,0,Beauty,14.5,39,0.44,955,2815.15,0.325,0.0710382513661202
CUST_7893,42,Male,France,120.2,10,271,0,Home,0.5,51,0.46,1595,1202.0,0.1923076923076923,0.0367647058823529
CUST_2693,73,Female,Australia,71.28,10,226,0,Fashion,62.0,55,0.46,1371,712.8,0.1785714285714285,0.0440528634361233
CUST_4436,47,Other,Japan,67.91,9,321,0,Home,59.2,76,0.14,591,611.1899999999999,0.1168831168831168,0.0279503105590062
CUST_9754,46,Male,Canada,109.3,11,11,0,Beauty,21.0,3,0.15,2068,1202.3,2.75,0.9166666666666666
CUST_6895,37,Female,Germany,130.07,11,92,0,Fashion,85.1,43,0.42,666,1430.77,0.25,0.1182795698924731
CUST_4354,38,Male,USA,150.91,10,329,0,Electronics,86.8,45,0.43,2137,1509.1,0.217391304347826,0.0303030303030303
CUST_1225,78,Male,USA,43.4,13,189,0,Electronics,80.4,80,0.59,1017,564.1999999999999,0.1604938271604938,0.0684210526315789
CUST_5893,70,Male,India,107.58,8,85,0,Sports,93.7,91,0.25,2214,860.64,0.0869565217391304,0.0930232558139534
CUST_8022,39,Female,Australia,69.4,9,353,0,Electronics,50.7,16,0.16,641,624.6,0.5294117647058824,0.0254237288135593
CUST_6600,52,Female,USA,93.19,7,276,0,Sports,70.2,5,0.21,925,652.3299999999999,1.1666666666666667,0.0252707581227436
CUST_8996,54,Female,Japan,43.46,11,292,0,Fashion,90.4,40,0.03,1255,478.06,0.2682926829268293,0.0375426621160409
CUST_8683,33,Male,France,43.23,7,260,0,Home,45.6,76,0.22,1900,302.61,0.0909090909090909,0.0268199233716475
CUST_5642,67,Male,France,30.04,9,197,0,Home,61.8,67,0.26,565,270.36,0.1323529411764706,0.0454545454545454
CUST_8679,75,Male,India,98.03,10,322,0,Fashion,51.3,99,0.12,1275,980.3,0.1,0.0309597523219814
CUST_9208,66,Female,Canada,199.79,8,9,0,Fashion,98.3,45,0.43,616,1598.32,0.1739130434782608,0.8
CUST_8339,60,Male,USA,22.68,13,87,0,Beauty,43.8,3,0.32,1810,294.84,3.25,0.1477272727272727
CUST_3205,34,Female,Germany,159.8,9,339,0,Electronics,31.7,31,0.18,1962,1438.2,0.28125,0.0264705882352941
CUST_2069,33,Male,Brazil,141.68,8,317,0,Electronics,63.0,24,0.03,1395,1133.44,0.32,0.0251572327044025
CUST_4444,75,Male,France,88.19,6,36,1,Electronics,28.1,29,0.19,2057,529.14,0.2,0.1621621621621621
CUST_2060,72,Female,China,154.29,16,222,0,Sports,85.8,55,0.23,857,2468.64,0.2857142857142857,0.0717488789237668
CUST_3327,19,Male,India,160.72,6,174,0,Electronics,89.2,33,0.11,1230,964.32,0.1764705882352941,0.0342857142857142
CUST_4420,21,Male,Canada,127.47,7,208,0,Beauty,34.5,51,0.38,1268,892.29,0.1346153846153846,0.0334928229665071
CUST_1301,38,Male,UK,145.93,12,48,0,Home,35.8,80,0.21,847,1751.16,0.1481481481481481,0.2448979591836734
CUST_1606,56,Female,India,107.35,12,23,0,Home,8.7,97,0.25,1651,1288.1999999999998,0.1224489795918367,0.5
CUST_4170,51,Female,Germany,223.09,5,337,0,Sports,25.6,74,0.06,776,1115.45,0.0666666666666666,0.014792899408284
CUST_1699,47,Male,Brazil,86.36,11,105,0,Beauty,6.8,30,0.05,1749,949.96,0.3548387096774194,0.1037735849056603
CUST_6088,23,Female,China,138.8,17,310,0,Fashion,75.7,98,0.4,1544,2359.6000000000004,0.1717171717171717,0.0546623794212218
CUST_1190,34,Male,France,114.02,9,262,0,Home,18.0,61,0.2,1086,1026.18,0.1451612903225806,0.0342205323193916
CUST_1980,56,Male,Australia,58.02,5,205,0,Beauty,7.9,60,0.19,1489,290.1,0.081967213114754,0.0242718446601941
CUST_3975,42,Male,China,62.37,12,168,0,Fashion,16.4,35,0.11,1097,748.4399999999999,0.3333333333333333,0.0710059171597633
CUST_7102,22,Female,France,73.61,8,157,0,Sports,37.7,7,0.22,1897,588.88,1.0,0.050632911392405
CUST_2184,22,Male,UK,218.12,11,240,1,Electronics,42.2,6,0.43,440,2399.32,1.5714285714285714,0.0456431535269709
CUST_4327,37,Male,UK,79.61,5,122,0,Beauty,89.9,15,0.05,1303,398.05,0.3125,0.040650406504065
CUST_4394,33,Male,France,199.04,10,19,0,Home,28.0,96,0.32,1925,1990.4,0.1030927835051546,0.5
CUST_9319,68,Male,Australia,107.96,10,55,0,Sports,71.8,66,0.29,1738,1079.6,0.1492537313432835,0.1785714285714285
CUST_2816,58,Female,India,111.55,13,279,0,Beauty,89.5,96,0.16,892,1450.15,0.134020618556701,0.0464285714285714
CUST_6854,54,Male,Australia,88.69,4,107,0,Sports,85.7,92,0.09,1076,354.76,0.043010752688172,0.037037037037037
CUST_7709,57,Male,USA,256.53,7,139,0,Fashion,19.9,85,0.12,1477,1795.7099999999998,0.0813953488372093,0.05
CUST_1569,26,Female,France,82.72,11,90,0,Beauty,28.0,17,0.16,1341,909.92,0.6111111111111112,0.1208791208791208
CUST_6442,22,Male,France,267.51,8,270,0,Electronics,5.4,19,0.2,1638,2140.08,0.4,0.029520295202952
CUST_2895,59,Female,Australia,19.72,12,328,0,Fashion,48.3,14,0.21,2156,236.64,0.8,0.0364741641337386
CUST_3733,74,Female,Japan,50.63,10,209,0,Electronics,40.5,49,0.36,1443,506.3,0.2,0.0476190476190476
CUST_4863,19,Male,Japan,143.6,7,175,0,Sports,54.5,51,0.2,2052,1005.2,0.1346153846153846,0.0397727272727272
CUST_8455,26,Female,Germany,181.76,8,60,0,Electronics,45.8,34,0.18,827,1454.08,0.2285714285714285,0.1311475409836065
CUST_5014,60,Male,Japan,143.55,11,283,0,Fashion,73.6,84,0.1,1827,1579.0500000000002,0.1294117647058823,0.0387323943661971
CUST_2686,53,Female,UK,46.78,11,2,0,Fashion,67.0,21,0.15,785,514.58,0.5,3.6666666666666665
CUST_4009,39,Male,USA,81.26,8,271,0,Fashion,42.9,48,0.38,1219,650.08,0.1632653061224489,0.0294117647058823
CUST_8806,39,Male,France,47.94,11,163,0,Sports,3.8,67,0.59,855,527.3399999999999,0.1617647058823529,0.0670731707317073
CUST_1154,39,Female,China,220.81,7,8,0,Home,34.4,58,0.15,1616,1545.67,0.1186440677966101,0.7777777777777778
CUST_2409,51,Female,UK,46.21,5,11,0,Sports,32.4,78,0.24,965,231.05,0.0632911392405063,0.4166666666666667
CUST_1784,72,Other,Germany,153.25,9,73,0,Fashion,8.9,21,0.36,722,1379.25,0.4090909090909091,0.1216216216216216
CUST_9096,46,Female,Brazil,27.39,10,237,0,Sports,50.95,27,0.47,569,273.9,0.3571428571428571,0.042016806722689
CUST_8560,55,Male,USA,96.33,7,299,0,Beauty,98.7,71,0.24,607,674.31,0.0972222222222222,0.0233333333333333
CUST_8343,76,Male,Japan,192.43,6,107,0,Beauty,82.1,29,0.11,1013,1154.58,0.2,0.0555555555555555
CUST_8206,63,Male,Canada,47.95,7,12,0,Home,80.2,9,0.3,1222,335.65000000000003,0.7,0.5384615384615384
CUST_6596,50,Female,India,86.28,13,233,0,Sports,84.3,79,0.24,1411,1121.64,0.1625,0.0555555555555555
CUST_6801,35,Male,China,69.29,14,244,0,Sports,86.5,44,0.35,1188,970.06,0.3111111111111111,0.0571428571428571
CUST_3806,24,Other,France,80.57,11,320,0,Beauty,32.5,28,0.7,659,886.27,0.3793103448275862,0.0342679127725856
CUST_1537,18,Male,Brazil,56.16,14,91,0,Fashion,32.2,38,0.53,853,786.24,0.358974358974359,0.1521739130434782
CUST_6986,50,Male,India,102.37,15,359,0,Electronics,50.95,15,0.43,1632,1535.5500000000002,0.9375,0.0416666666666666
CUST_2841,18,Male,Australia,203.85,8,197,0,Fashion,81.9,15,0.23,2236,1630.8,0.5,0.0404040404040404
CUST_9716,41,Female,Australia,102.67,13,115,0,Home,50.95,30,0.12,904,1334.71,0.4193548387096774,0.1120689655172413
CUST_7971,21,Female,USA,143.44,11,130,0,Electronics,1.7,32,0.46,1809,1577.84,0.3333333333333333,0.0839694656488549
CUST_6625,21,Female,USA,98.38,10,364,0,Fashion,94.9,40,0.32,1470,983.8,0.2439024390243902,0.0273972602739726
CUST_3950,78,Male,USA,93.19,9,152,0,Sports,28.6,76,0.12,2037,838.71,0.1168831168831168,0.0588235294117647
CUST_8992,35,Female,UK,248.29,13,120,0,Sports,62.6,84,0.46,821,3227.77,0.1529411764705882,0.1074380165289256
CUST_5780,44,Male,UK,153.54,8,107,0,Beauty,64.0,91,0.35,565,1228.32,0.0869565217391304,0.074074074074074
CUST_3368,60,Female,Australia,525.24,9,15,0,Sports,11.3,2,0.33,980,4727.16,3.0,0.5625
CUST_7655,76,Female,USA,102.28,14,298,0,Sports,69.6,22,0.26,740,1431.92,0.6086956521739131,0.0468227424749163
CUST_9173,49,Male,China,81.92,9,55,0,Home,53.4,26,0.03,899,737.28,0.3333333333333333,0.1607142857142857
CUST_5495,50,Female,Germany,52.49,11,102,0,Electronics,61.1,40,0.17,1251,577.39,0.2682926829268293,0.1067961165048543
CUST_7002,45,Female,USA,85.12,8,207,0,Fashion,44.7,8,0.21,1199,680.96,0.8888888888888888,0.0384615384615384
CUST_7614,59,Male,France,133.31,9,150,0,Fashion,80.4,36,0.32,1543,1199.79,0.2432432432432432,0.0596026490066225
CUST_6919,58,Female,China,75.66,15,261,0,Home,63.5,26,0.08,1460,1134.9,0.5555555555555556,0.0572519083969465
CUST_1853,72,Male,France,125.99,6,42,0,Electronics,19.3,81,0.2,1671,755.9399999999999,0.073170731707317,0.1395348837209302
CUST_5146,53,Male,Canada,33.07,3,299,0,Sports,75.3,7,0.07,2043,99.21,0.375,0.01
CUST_4769,77,Male,Australia,186.1,13,117,0,Home,50.3,1,0.18,1008,2419.3,6.5,0.1101694915254237
CUST_1574,23,Male,USA,49.0,9,335,0,Sports,3.7,91,0.55,691,441.0,0.0978260869565217,0.0267857142857142
CUST_2148,79,Female,Japan,81.9,5,278,0,Fashion,39.5,90,0.7,2048,409.5,0.0549450549450549,0.017921146953405
CUST_7293,33,Male,India,58.21,9,143,0,Home,40.2,32,0.15,794,523.89,0.2727272727272727,0.0625
CUST_7457,51,Female,USA,142.83,7,227,1,Home,80.1,78,0.36,1786,999.81,0.0886075949367088,0.0307017543859649
CUST_8509,40,Male,Germany,96.2,9,203,0,Home,23.4,83,0.28,1794,865.8000000000001,0.1071428571428571,0.0441176470588235
CUST_5777,67,Other,Canada,164.44,11,228,0,Fashion,45.3,9,0.26,617,1808.84,1.1,0.0480349344978165
CUST_4854,59,Female,USA,131.4,11,264,0,Fashion,5.4,59,0.06,504,1445.4,0.1833333333333333,0.0415094339622641
CUST_3491,41,Female,India,118.56,7,136,0,Beauty,88.1,44,0.45,476,829.9200000000001,0.1555555555555555,0.0510948905109489
CUST_4124,73,Male,India,57.87,14,239,1,Fashion,44.4,65,0.09,1458,810.18,0.2121212121212121,0.0583333333333333
CUST_6691,66,Male,UK,168.12,12,185,0,Fashion,85.7,21,0.04,1300,2017.44,0.5454545454545454,0.064516129032258
CUST_4051,30,Male,Germany,76.83,11,314,0,Sports,67.7,20,0.25,1679,845.13,0.5238095238095238,0.0349206349206349
CUST_1004,73,Female,Germany,94.98,9,150,0,Fashion,32.0,49,0.2,2185,854.82,0.18,0.0596026490066225
CUST_6222,35,Female,China,177.45,8,324,0,Electronics,71.3,97,0.36,428,1419.6,0.0816326530612244,0.0246153846153846
CUST_6315,71,Male,Japan,53.77,13,290,0,Sports,46.9,33,0.31,829,699.01,0.3823529411764705,0.0446735395189003
CUST_5869,30,Male,Germany,99.94,10,352,0,Beauty,34.1,18,0.14,1904,999.4,0.5263157894736842,0.0283286118980169
CUST_1876,66,Female,Canada,111.71,7,109,0,Electronics,66.8,41,0.23,1125,781.9699999999999,0.1666666666666666,0.0636363636363636
CUST_8027,54,Male,Japan,213.44,9,39,0,Beauty,77.4,17,0.16,1657,1920.96,0.5,0.225
CUST_5142,60,Female,UK,72.69,10,141,0,Home,68.9,13,0.54,1785,726.9,0.7142857142857143,0.0704225352112676
CUST_7966,56,Female,Germany,41.08,7,339,0,Home,46.3,43,0.52,1914,287.56,0.1590909090909091,0.0205882352941176
CUST_8079,78,Female,UK,235.3,9,12,0,Home,25.9,73,0.32,2160,2117.7000000000003,0.1216216216216216,0.6923076923076923
CUST_8987,59,Male,India,124.9,7,52,0,Fashion,81.0,65,0.58,678,874.3000000000001,0.106060606060606,0.1320754716981132
CUST_7799,34,Male,USA,162.07,11,79,0,Fashion,34.7,23,0.19,939,1782.77,0.4583333333333333,0.1375
CUST_5465,32,Female,Germany,118.56,9,232,0,Sports,61.3,40,0.17,984,1067.04,0.2195121951219512,0.03862660944206
CUST_1635,35,Other,India,125.24,14,350,0,Electronics,11.5,34,0.21,486,1753.36,0.4,0.0398860398860398
CUST_2693,40,Male,USA,119.79,15,38,0,Electronics,74.0,36,0.2,2169,1796.85,0.4054054054054054,0.3846153846153846
CUST_5752,71,Male,USA,206.68,11,226,0,Home,95.3,50,0.44,1810,2273.48,0.2156862745098039,0.0484581497797356
CUST_9311,68,Female,India,273.29,11,339,0,Home,44.9,78,0.24,879,3006.19,0.1392405063291139,0.0323529411764705
CUST_1830,47,Other,France,76.17,16,120,0,Fashion,54.8,85,0.26,748,1218.72,0.1860465116279069,0.1322314049586777
CUST_6177,75,Female,Japan,114.34,7,64,0,Beauty,89.9,85,0.75,854,800.38,0.0813953488372093,0.1076923076923077
CUST_9932,51,Other,France,80.0,13,295,0,Electronics,79.5,92,0.02,2067,1040.0,0.1397849462365591,0.0439189189189189
CUST_9308,75,Male,Australia,24.61,5,204,0,Electronics,96.2,96,0.37,1921,123.05,0.0515463917525773,0.024390243902439
CUST_6949,21,Male,Brazil,112.77,6,134,0,Beauty,50.95,30,0.04,2051,676.62,0.1935483870967742,0.0444444444444444
CUST_3838,20,Female,USA,204.65,9,44,0,Electronics,47.0,40,0.49,1470,1841.85,0.2195121951219512,0.2
CUST_2150,24,Female,China,94.55,13,277,0,Electronics,45.6,12,0.37,2095,1229.15,1.0,0.0467625899280575
CUST_8560,73,Male,Japan,61.73,9,134,0,Fashion,47.3,93,0.05,1177,555.5699999999999,0.0957446808510638,0.0666666666666666
CUST_2931,35,Male,USA,112.98,9,51,1,Electronics,91.3,1,0.14,1320,1016.82,4.5,0.173076923076923
CUST_2664,59,Female,Canada,122.89,15,228,0,Home,20.6,90,0.36,2209,1843.35,0.1648351648351648,0.0655021834061135
CUST_2081,24,Male,China,110.06,9,355,0,Home,89.5,16,0.36,1317,990.54,0.5294117647058824,0.0252808988764044
CUST_1512,57,Male,Australia,105.8,12,67,0,Sports,57.1,82,0.11,1059,1269.6,0.144578313253012,0.1764705882352941
CUST_8805,23,Female,Australia,93.19,11,197,0,Fashion,53.7,97,0.34,700,1025.09,0.1122448979591836,0.0555555555555555
CUST_6237,39,Female,Canada,66.13,13,66,0,Fashion,41.6,50,0.09,440,859.6899999999999,0.2549019607843137,0.1940298507462686
CUST_1559,75,Female,India,43.91,13,2,0,Home,54.0,43,0.31,1828,570.8299999999999,0.2954545454545454,4.333333333333333
CUST_4672,18,Male,Japan,83.66,8,57,0,Fashion,80.3,87,0.16,1826,669.28,0.0909090909090909,0.1379310344827586
CUST_8404,21,Female,UK,256.51,8,255,0,Fashion,49.2,60,0.56,1240,2052.08,0.1311475409836065,0.03125
CUST_4343,63,Female,Japan,79.09,4,355,0,Sports,77.6,5,0.21,1511,316.36,0.6666666666666666,0.0112359550561797
CUST_5070,66,Female,China,32.68,7,264,0,Beauty,41.7,21,0.07,710,228.76,0.3181818181818182,0.0264150943396226
CUST_1580,69,Female,France,89.98,5,15,0,Electronics,18.3,65,0.27,1003,449.9,0.0757575757575757,0.3125
CUST_8004,67,Male,UK,124.96,17,267,0,Sports,41.5,95,0.24,747,2124.32,0.1770833333333333,0.0634328358208955
CUST_9130,60,Male,Australia,137.6,10,101,0,Beauty,72.3,82,0.58,872,1376.0,0.1204819277108433,0.0980392156862745
CUST_4147,46,Male,Australia,213.51,9,286,0,Electronics,85.2,21,0.45,846,1921.59,0.4090909090909091,0.0313588850174216
CUST_5249,38,Male,India,100.44,10,221,0,Home,77.2,71,0.29,772,1004.4,0.1388888888888889,0.045045045045045
CUST_2679,43,Female,Brazil,121.16,9,20,0,Beauty,37.4,65,0.09,1878,1090.44,0.1363636363636363,0.4285714285714285
CUST_4506,31,Female,Japan,107.33,7,20,0,Electronics,57.9,23,0.3,2127,751.31,0.2916666666666667,0.3333333333333333
CUST_8253,26,Female,India,274.81,11,91,0,Sports,36.0,91,0.07,823,3022.91,0.1195652173913043,0.1195652173913043
CUST_3744,76,Female,China,354.59,12,283,0,Electronics,70.4,60,0.4,1089,4255.08,0.1967213114754098,0.0422535211267605
CUST_6188,64,Male,UK,71.29,12,132,0,Fashion,43.6,2,0.32,1452,855.48,4.0,0.0902255639097744
CUST_3141,29,Male,Canada,148.72,13,326,0,Electronics,76.5,34,0.09,665,1933.36,0.3714285714285714,0.0397553516819571
CUST_7617,59,Male,USA,256.98,11,328,0,Home,1.3,57,0.36,796,2826.78,0.1896551724137931,0.033434650455927
CUST_3479,68,Male,France,188.19,6,174,0,Sports,34.0,16,0.66,1697,1129.14,0.3529411764705882,0.0342857142857142
CUST_7484,73,Male,China,41.95,8,212,0,Beauty,87.8,74,0.54,1133,335.6,0.1066666666666666,0.0375586854460093
CUST_8421,68,Female,USA,122.54,7,147,0,Electronics,32.4,84,0.13,1795,857.7800000000001,0.0823529411764705,0.0472972972972973
CUST_5452,23,Other,Japan,98.46,9,231,0,Sports,39.5,48,0.46,1346,886.14,0.1836734693877551,0.0387931034482758
CUST_6881,37,Male,Canada,543.3,11,164,0,Home,79.1,25,0.36,1506,5976.299999999999,0.4230769230769231,0.0666666666666666
CUST_7665,41,Male,Australia,151.22,4,313,0,Beauty,9.5,68,0.42,435,604.88,0.0579710144927536,0.0127388535031847
CUST_3849,44,Female,India,17.05,9,144,0,Electronics,50.95,32,0.44,2156,153.45000000000002,0.2727272727272727,0.0620689655172413
CUST_8390,55,Male,UK,88.6,14,297,0,Home,50.95,45,0.27,1829,1240.4,0.3043478260869565,0.046979865771812
CUST_7905,25,Female,India,67.2,12,222,0,Fashion,95.7,92,0.07,611,806.4000000000001,0.1290322580645161,0.0538116591928251
CUST_3489,18,Female,UK,69.69,11,352,0,Sports,78.3,40,0.23,698,766.5899999999999,0.2682926829268293,0.0311614730878186
CUST_5611,71,Other,Brazil,62.09,10,61,0,Sports,50.95,13,0.23,598,620.9000000000001,0.7142857142857143,0.1612903225806451
CUST_3839,66,Male,Brazil,179.38,17,95,0,Electronics,83.5,5,0.66,1439,3049.46,2.833333333333333,0.1770833333333333
CUST_9527,66,Female,India,32.32,7,111,0,Home,47.6,17,0.1,1496,226.24,0.3888888888888889,0.0625
CUST_6878,41,Female,UK,142.37,16,86,0,Beauty,78.3,71,0.37,1436,2277.92,0.2222222222222222,0.1839080459770115
CUST_7303,64,Female,UK,123.92,8,254,0,Beauty,23.9,10,0.25,1937,991.36,0.7272727272727273,0.0313725490196078
CUST_1851,24,Male,USA,173.18,9,112,0,Beauty,34.1,91,0.26,955,1558.62,0.0978260869565217,0.079646017699115
CUST_2687,36,Male,India,114.79,12,253,0,Beauty,90.2,59,0.22,1398,1377.48,0.2,0.0472440944881889
CUST_7833,39,Female,Germany,31.04,11,347,0,Electronics,91.1,35,0.5,866,341.44,0.3055555555555556,0.0316091954022988
CUST_3427,74,Female,Japan,98.54,10,321,0,Electronics,28.5,23,0.15,1126,985.4,0.4166666666666667,0.031055900621118
CUST_5000,72,Female,Australia,79.68,11,31,0,Sports,8.4,56,0.2,1880,876.48,0.1929824561403508,0.34375
CUST_6052,77,Female,Brazil,167.31,8,63,0,Home,92.9,16,0.45,1264,1338.48,0.4705882352941176,0.125
CUST_3738,52,Female,Germany,61.31,9,153,0,Fashion,30.0,52,0.12,1904,551.79,0.1698113207547169,0.0584415584415584
CUST_6732,79,Male,Brazil,94.02,11,4,0,Electronics,12.0,27,0.18,2197,1034.22,0.3928571428571428,2.2
CUST_6387,47,Female,Canada,123.77,10,329,0,Beauty,34.8,15,0.09,998,1237.7,0.625,0.0303030303030303
CUST_9002,46,Female,Brazil,210.65,13,209,0,Fashion,28.2,62,0.54,958,2738.4500000000003,0.2063492063492063,0.0619047619047619
CUST_6536,39,Female,China,54.42,5,91,0,Sports,8.1,6,0.08,1900,272.1,0.7142857142857143,0.0543478260869565
CUST_4913,28,Other,Brazil,198.93,11,221,0,Beauty,98.4,24,0.09,976,2188.23,0.44,0.0495495495495495
CUST_2066,37,Male,USA,150.98,9,189,0,Home,29.4,87,0.25,1189,1358.82,0.1022727272727272,0.0473684210526315
CUST_8723,79,Female,Germany,109.29,8,59,0,Fashion,27.2,5,0.1,1506,874.32,1.3333333333333333,0.1333333333333333
CUST_5380,46,Male,Canada,48.01,4,204,0,Sports,42.0,71,0.4,1704,192.04,0.0555555555555555,0.0195121951219512
CUST_5107,68,Male,UK,106.14,11,211,0,Electronics,41.5,86,0.44,521,1167.54,0.1264367816091954,0.0518867924528301
CUST_6726,58,Female,UK,34.27,12,257,0,Home,43.4,93,0.14,2237,411.24,0.1276595744680851,0.0465116279069767
CUST_4373,59,Male,Canada,93.19,13,88,0,Beauty,90.7,53,0.38,515,1211.47,0.2407407407407407,0.146067415730337
CUST_9945,51,Female,France,134.44,9,235,0,Fashion,6.0,31,0.22,897,1209.96,0.28125,0.0381355932203389
CUST_3082,18,Male,India,267.61,17,362,0,Sports,94.2,35,0.38,1897,4549.37,0.4722222222222222,0.046831955922865
CUST_9967,48,Male,France,117.96,7,331,0,Fashion,66.6,98,0.5,1194,825.7199999999999,0.0707070707070707,0.0210843373493975
CUST_7748,47,Female,Germany,38.23,9,195,1,Home,50.95,19,0.15,1143,344.07,0.45,0.0459183673469387
CUST_1417,65,Female,Brazil,67.78,12,331,0,Electronics,15.8,34,0.21,837,813.36,0.3428571428571428,0.036144578313253
CUST_9306,35,Other,UK,46.97,11,182,0,Electronics,32.9,94,0.2,441,516.67,0.1157894736842105,0.0601092896174863
CUST_9808,72,Female,USA,135.25,8,250,0,Home,5.2,83,0.25,603,1082.0,0.0952380952380952,0.0318725099601593
CUST_4974,75,Female,France,167.14,14,223,0,Beauty,65.3,82,0.41,2207,2339.96,0.1686746987951807,0.0625
CUST_4267,34,Male,Brazil,33.53,5,170,0,Fashion,34.0,1,0.11,1763,167.65,2.5,0.0292397660818713
CUST_1825,55,Male,Australia,65.6,11,197,0,Beauty,55.1,41,0.29,525,721.5999999999999,0.2619047619047619,0.0555555555555555
CUST_8668,31,Male,India,461.53,11,248,0,Sports,75.3,53,0.24,1427,5076.83,0.2037037037037037,0.0441767068273092
CUST_6745,40,Female,Canada,64.68,8,180,0,Beauty,55.4,80,0.71,819,517.44,0.0987654320987654,0.0441988950276243
CUST_1412,42,Female,Brazil,97.45,7,276,0,Home,7.1,64,0.34,1272,682.15,0.1076923076923077,0.0252707581227436
CUST_8543,32,Male,India,95.26,4,274,0,Electronics,6.2,40,0.43,845,381.04,0.0975609756097561,0.0145454545454545
CUST_8587,63,Female,India,81.9,9,160,0,Home,86.7,62,0.19,1907,737.1,0.1428571428571428,0.0559006211180124
CUST_1728,73,Female,UK,120.43,9,247,0,Home,26.2,55,0.26,2220,1083.87,0.1607142857142857,0.0362903225806451
CUST_8164,39,Male,UK,119.19,9,318,0,Fashion,36.2,92,0.15,654,1072.71,0.0967741935483871,0.0282131661442006
CUST_9867,20,Male,Germany,104.24,12,187,0,Home,21.8,11,0.32,1328,1250.88,1.0,0.0638297872340425
CUST_6988,73,Female,Australia,209.58,8,18,0,Sports,69.9,52,0.73,2068,1676.64,0.1509433962264151,0.4210526315789473
CUST_3504,72,Female,Canada,224.8,6,243,0,Fashion,38.6,96,0.22,2092,1348.8000000000002,0.0618556701030927,0.0245901639344262
CUST_3967,36,Female,India,150.84,5,112,0,Fashion,45.6,26,0.34,722,754.2,0.1851851851851851,0.0442477876106194
CUST_3786,74,Male,Germany,94.58,7,277,0,Beauty,67.4,74,0.51,1631,662.06,0.0933333333333333,0.0251798561151079
CUST_2122,61,Other,China,71.82,13,50,0,Home,62.3,87,0.08,1687,933.66,0.1477272727272727,0.2549019607843137
CUST_5079,51,Male,France,87.55,12,343,0,Beauty,77.4,48,0.35,2138,1050.6,0.2448979591836734,0.0348837209302325
CUST_2571,52,Male,Japan,134.24,14,122,0,Beauty,74.9,45,0.39,802,1879.36,0.3043478260869565,0.1138211382113821
CUST_6073,67,Other,India,85.92,12,237,0,Fashion,44.0,33,0.29,1117,1031.04,0.3529411764705882,0.0504201680672268
CUST_6104,78,Male,Germany,221.97,12,318,0,Beauty,19.2,64,0.16,1458,2663.64,0.1846153846153846,0.0376175548589341
CUST_3143,18,Female,Australia,45.42,11,61,0,Beauty,22.3,78,0.27,1740,499.62,0.1392405063291139,0.1774193548387097
CUST_7806,69,Male,UK,117.92,8,73,0,Fashion,70.7,9,0.17,663,943.36,0.8,0.1081081081081081
CUST_8357,38,Female,India,44.54,17,244,0,Fashion,26.1,78,0.61,973,757.18,0.2151898734177215,0.0693877551020408
CUST_4440,46,Other,India,49.41,11,31,0,Electronics,44.0,2,0.19,1641,543.51,3.6666666666666665,0.34375
CUST_4766,23,Male,Brazil,78.09,15,152,0,Home,10.8,75,0.38,2091,1171.35,0.1973684210526315,0.0980392156862745
CUST_6644,54,Female,Australia,55.71,15,143,0,Electronics,12.2,14,0.13,1804,835.65,1.0,0.1041666666666666
CUST_3914,18,Male,Canada,157.45,21,14,0,Fashion,25.0,36,0.11,483,3306.45,0.5675675675675675,1.4
CUST_5968,68,Female,UK,18.84,9,303,0,Sports,8.5,35,0.14,1724,169.56,0.25,0.0296052631578947
CUST_6917,18,Male,India,65.6,11,273,0,Beauty,27.5,64,0.08,610,721.5999999999999,0.1692307692307692,0.0401459854014598
CUST_9787,44,Male,France,53.48,9,244,0,Beauty,56.8,25,0.2,1297,481.32,0.3461538461538461,0.036734693877551
CUST_1728,38,Male,UK,51.64,10,278,0,Fashion,74.5,97,0.17,902,516.4,0.1020408163265306,0.03584229390681
CUST_2365,70,Male,France,149.32,12,54,0,Beauty,3.3,9,0.51,1430,1791.84,1.2,0.2181818181818181
CUST_5492,33,Other,Japan,145.38,9,41,0,Electronics,60.1,77,0.26,461,1308.42,0.1153846153846153,0.2142857142857142
CUST_1698,61,Male,Canada,171.69,13,358,0,Beauty,36.3,43,0.38,1083,2231.97,0.2954545454545454,0.0362116991643454
CUST_8186,76,Male,Japan,190.42,14,51,0,Sports,22.7,10,0.12,454,2665.88,1.2727272727272727,0.2692307692307692
CUST_1395,78,Male,India,107.29,12,10,0,Home,3.2,57,0.42,772,1287.48,0.2068965517241379,1.0909090909090908
CUST_8400,71,Male,Brazil,36.35,9,310,0,Electronics,32.6,33,0.22,640,327.15000000000003,0.2647058823529412,0.0289389067524115
CUST_9082,57,Female,Canada,63.61,8,87,0,Home,79.0,9,0.22,1504,508.88,0.8,0.0909090909090909
CUST_5171,43,Other,Brazil,87.82,9,226,0,Home,53.0,54,0.05,797,790.3799999999999,0.1636363636363636,0.039647577092511
CUST_5360,33,Male,Germany,81.68,12,113,0,Sports,77.6,13,0.24,474,980.16,0.8571428571428571,0.1052631578947368
CUST_3502,45,Female,China,150.19,8,24,0,Sports,41.2,24,0.19,1018,1201.52,0.32,0.32
CUST_1717,18,Female,Australia,86.96,10,91,0,Sports,84.3,62,0.1,1063,869.5999999999999,0.1587301587301587,0.108695652173913
CUST_3782,53,Male,Germany,23.39,10,86,0,Sports,15.0,40,0.11,870,233.9,0.2439024390243902,0.1149425287356321
CUST_5946,27,Female,Japan,142.72,14,80,0,Electronics,82.0,59,0.33,914,1998.08,0.2333333333333333,0.1728395061728395
CUST_6486,60,Female,France,35.3,6,249,0,Sports,47.6,56,0.72,813,211.8,0.1052631578947368,0.024
CUST_9335,34,Female,Japan,59.25,8,249,0,Electronics,74.6,64,0.35,1822,474.0,0.123076923076923,0.032
CUST_5980,74,Female,Canada,63.94,4,209,0,Beauty,24.0,60,0.5,1625,255.76,0.0655737704918032,0.019047619047619
CUST_8266,76,Male,Canada,88.09,8,8,0,Home,48.6,81,0.3,1478,704.72,0.0975609756097561,0.8888888888888888
CUST_5491,40,Other,Japan,93.19,14,98,0,Beauty,73.3,97,0.35,2181,1304.66,0.1428571428571428,0.1414141414141414
CUST_8192,24,Female,India,93.19,10,35,0,Beauty,48.4,23,0.75,806,931.9,0.4166666666666667,0.2777777777777778
CUST_6588,61,Female,Japan,110.71,9,56,0,Fashion,45.8,27,0.4,1877,996.39,0.3214285714285714,0.1578947368421052
CUST_8651,70,Female,Canada,233.88,18,62,0,Beauty,81.1,61,0.1,1232,4209.84,0.2903225806451613,0.2857142857142857
CUST_4636,24,Male,Canada,29.51,12,337,0,Beauty,16.2,44,0.25,479,354.12,0.2666666666666666,0.0355029585798816
CUST_2167,61,Other,UK,26.11,13,275,0,Fashion,47.5,57,0.12,1118,339.43,0.2241379310344827,0.0471014492753623
CUST_2062,32,Female,USA,228.23,12,212,0,Beauty,50.95,43,0.12,728,2738.76,0.2727272727272727,0.056338028169014
CUST_3156,51,Male,Brazil,169.06,6,302,0,Fashion,84.5,62,0.34,2196,1014.36,0.0952380952380952,0.0198019801980198
CUST_8860,63,Male,Germany,138.76,16,19,0,Electronics,11.8,26,0.38,1008,2220.16,0.5925925925925926,0.8
CUST_6161,62,Female,Japan,43.45,12,246,0,Home,85.0,88,0.74,628,521.4000000000001,0.1348314606741573,0.048582995951417
CUST_6305,21,Male,UK,81.99,8,5,1,Sports,1.2,75,0.18,882,655.92,0.1052631578947368,1.3333333333333333
CUST_7541,31,Male,India,122.87,6,72,0,Beauty,85.6,93,0.62,1572,737.22,0.0638297872340425,0.0821917808219178
CUST_5729,31,Female,Canada,75.04,10,106,0,Electronics,50.95,64,0.34,1390,750.4000000000001,0.1538461538461538,0.0934579439252336
CUST_8330,33,Male,Japan,18.74,11,92,0,Home,57.8,69,0.26,1329,206.14,0.1571428571428571,0.1182795698924731
CUST_6334,24,Male,Canada,42.83,7,284,0,Electronics,1.0,24,0.31,1283,299.81,0.28,0.0245614035087719
CUST_9924,49,Male,France,42.33,9,355,0,Fashion,73.1,73,0.22,2180,380.97,0.1216216216216216,0.0252808988764044
CUST_5330,36,Male,UK,64.27,9,218,0,Electronics,43.2,74,0.22,1206,578.43,0.12,0.0410958904109589
CUST_9010,19,Female,Japan,67.78,13,48,0,Beauty,84.6,11,0.11,1813,881.14,1.0833333333333333,0.2653061224489796
CUST_7801,27,Female,France,85.8,11,363,0,Beauty,55.6,95,0.29,1577,943.8,0.1145833333333333,0.0302197802197802
CUST_5846,67,Male,China,125.81,16,294,0,Sports,83.5,67,0.37,445,2012.96,0.2352941176470588,0.0542372881355932
CUST_7731,78,Male,UK,93.19,11,287,1,Sports,61.2,89,0.22,584,1025.09,0.1222222222222222,0.0381944444444444
CUST_8241,34,Female,Japan,84.8,14,176,0,Beauty,74.6,53,0.88,1301,1187.2,0.2592592592592592,0.0790960451977401
CUST_1953,54,Male,Japan,83.49,11,298,0,Electronics,74.8,43,0.19,1818,918.39,0.25,0.0367892976588628
CUST_3539,29,Male,Australia,181.42,6,107,0,Beauty,24.7,27,0.49,510,1088.52,0.2142857142857142,0.0555555555555555
CUST_8056,23,Male,UK,55.09,4,283,0,Electronics,57.7,1,0.66,1651,220.36,2.0,0.0140845070422535
CUST_2542,39,Female,UK,59.88,15,300,0,Beauty,87.4,49,0.16,2093,898.2,0.3,0.0498338870431893
CUST_6293,49,Female,Canada,52.23,11,64,1,Home,87.9,48,0.17,558,574.53,0.2244897959183673,0.1692307692307692
CUST_2191,58,Female,Japan,100.97,10,305,0,Electronics,38.5,80,0.32,824,1009.7,0.1234567901234567,0.0326797385620915
CUST_7313,37,Female,Brazil,80.45,9,53,0,Fashion,32.5,99,0.19,1423,724.0500000000001,0.09,0.1666666666666666
CUST_7938,18,Female,Brazil,93.19,9,306,0,Fashion,65.4,79,0.34,1281,838.71,0.1125,0.0293159609120521
CUST_3681,71,Female,Brazil,62.6,9,298,1,Sports,77.8,98,0.04,448,563.4,0.0909090909090909,0.0301003344481605
CUST_2540,64,Female,China,112.34,9,319,0,Home,3.5,53,0.12,2087,1011.06,0.1666666666666666,0.028125
CUST_7172,70,Male,Japan,118.2,10,29,0,Fashion,9.3,11,0.04,1491,1182.0,0.8333333333333334,0.3333333333333333
CUST_6541,75,Female,Japan,60.4,10,245,0,Beauty,77.9,9,0.3,701,604.0,1.0,0.040650406504065
CUST_2365,23,Female,France,93.19,6,209,0,Fashion,43.7,61,0.12,1744,559.14,0.0967741935483871,0.0285714285714285
CUST_9691,36,Female,Australia,66.52,11,220,0,Beauty,66.8,88,0.45,1635,731.7199999999999,0.1235955056179775,0.0497737556561085
CUST_9702,35,Male,UK,48.6,20,169,0,Home,82.0,99,0.18,1610,972.0,0.2,0.1176470588235294
CUST_8494,23,Male,Canada,161.82,6,342,0,Sports,50.95,22,0.57,1127,970.92,0.2608695652173913,0.0174927113702623
CUST_5312,62,Female,Australia,76.06,11,213,0,Fashion,81.0,71,0.57,2154,836.6600000000001,0.1527777777777778,0.0514018691588785
CUST_2324,50,Female,France,123.2,9,321,0,Sports,51.4,44,0.26,1564,1108.8,0.2,0.0279503105590062
CUST_4141,40,Female,Japan,99.13,19,68,0,Home,15.8,30,0.5,1180,1883.47,0.6129032258064516,0.2753623188405797
CUST_8419,40,Male,Germany,17.94,4,233,0,Electronics,47.4,60,0.1,1878,71.76,0.0655737704918032,0.017094017094017
CUST_4486,43,Female,UK,136.89,14,14,0,Home,96.3,93,0.07,1197,1916.46,0.1489361702127659,0.9333333333333332
CUST_2810,30,Female,China,35.93,8,133,0,Home,30.5,55,0.03,1351,287.44,0.1428571428571428,0.0597014925373134
CUST_7588,24,Female,Brazil,93.11,9,205,0,Home,41.9,39,0.56,1119,837.99,0.225,0.0436893203883495
CUST_3923,32,Female,China,204.03,8,23,0,Electronics,76.5,41,0.27,663,1632.24,0.1904761904761904,0.3333333333333333
CUST_6301,61,Female,Japan,132.19,13,84,0,Electronics,7.6,9,0.22,1508,1718.47,1.3,0.1529411764705882
CUST_5186,44,Female,France,192.68,10,141,0,Home,75.7,1,0.51,1425,1926.8,5.0,0.0704225352112676
CUST_9905,43,Female,Germany,190.77,14,139,0,Electronics,27.4,3,0.38,475,2670.78,3.5,0.1
CUST_6977,50,Other,India,93.19,11,323,0,Beauty,26.7,69,0.38,1910,1025.09,0.1571428571428571,0.0339506172839506
CUST_5268,32,Male,Brazil,79.93,11,121,0,Home,58.2,11,0.16,1461,879.23,0.9166666666666666,0.0901639344262295
CUST_5748,53,Male,Canada,57.26,1,299,0,Fashion,25.5,4,0.08,811,57.26,0.2,0.0033333333333333
CUST_5849,62,Other,Japan,173.84,13,340,0,Beauty,64.1,33,0.41,630,2259.92,0.3823529411764705,0.0381231671554252
CUST_4709,72,Female,USA,160.55,11,178,0,Home,90.9,33,0.29,1313,1766.0500000000002,0.3235294117647059,0.0614525139664804
CUST_7619,44,Female,Germany,47.37,6,207,0,Fashion,40.5,45,0.24,959,284.22,0.1304347826086956,0.0288461538461538
CUST_9647,74,Female,Germany,48.38,7,165,0,Fashion,94.4,20,0.24,731,338.66,0.3333333333333333,0.0421686746987951
CUST_4072,22,Male,UK,82.77,12,40,0,Sports,94.2,37,0.28,1318,993.24,0.3157894736842105,0.2926829268292683
CUST_7530,78,Female,China,11.61,11,121,0,Sports,20.8,84,0.13,1188,127.71,0.1294117647058823,0.0901639344262295
CUST_1504,19,Female,Brazil,32.44,8,43,0,Fashion,50.95,98,0.13,824,259.52,0.0808080808080808,0.1818181818181818
CUST_2214,72,Male,Japan,138.98,8,74,0,Home,99.0,21,0.18,1039,1111.84,0.3636363636363636,0.1066666666666666
CUST_2531,75,Male,USA,25.69,12,347,0,Home,50.95,58,0.49,2198,308.28000000000003,0.2033898305084746,0.0344827586206896
CUST_8576,50,Female,Brazil,122.65,11,271,0,Home,47.5,51,0.38,673,1349.15,0.2115384615384615,0.0404411764705882
CUST_1823,33,Male,France,74.03,8,165,0,Home,43.2,71,0.09,1517,592.24,0.1111111111111111,0.0481927710843373
CUST_1928,40,Female,USA,47.02,11,249,1,Fashion,81.0,16,0.6,431,517.22,0.6470588235294118,0.044
CUST_6029,55,Male,Australia,144.03,15,85,1,Electronics,16.2,96,0.27,1271,2160.45,0.1546391752577319,0.1744186046511628
CUST_1133,72,Female,Australia,238.78,12,136,0,Electronics,22.2,36,0.35,1362,2865.36,0.3243243243243243,0.0875912408759124
CUST_3105,33,Other,Germany,56.81,5,332,0,Home,17.6,50,0.08,1586,284.05,0.0980392156862745,0.015015015015015
CUST_4627,31,Female,France,200.53,8,38,0,Sports,16.7,75,0.31,1988,1604.24,0.1052631578947368,0.2051282051282051
CUST_7316,46,Male,Australia,110.4,17,86,0,Fashion,25.8,48,0.38,1111,1876.8,0.3469387755102041,0.1954022988505747
CUST_2852,43,Female,Germany,101.52,13,154,0,Electronics,52.8,29,0.36,1211,1319.76,0.4333333333333333,0.0838709677419354
CUST_5910,52,Male,China,228.29,9,159,0,Fashion,70.7,42,0.25,803,2054.61,0.2093023255813953,0.05625
CUST_5175,32,Male,Japan,343.2,7,63,0,Sports,50.95,98,0.23,1175,2402.4,0.0707070707070707,0.109375
CUST_6348,20,Other,Germany,51.9,10,222,0,Fashion,44.6,59,0.16,985,519.0,0.1666666666666666,0.0448430493273542
CUST_7190,40,Female,Japan,125.38,12,361,0,Sports,79.2,55,0.37,769,1504.56,0.2142857142857142,0.0331491712707182
CUST_2256,46,Female,France,113.66,10,345,0,Sports,52.5,74,0.3,1611,1136.6,0.1333333333333333,0.0289017341040462
CUST_4376,51,Male,UK,69.37,3,145,0,Beauty,59.0,67,0.23,2103,208.11,0.0441176470588235,0.0205479452054794
CUST_6645,50,Male,Brazil,79.43,9,203,0,Sports,51.8,22,0.29,975,714.8700000000001,0.391304347826087,0.0441176470588235
CUST_4486,58,Male,Germany,314.26,10,66,0,Beauty,79.0,96,0.14,2080,3142.6,0.1030927835051546,0.1492537313432835
CUST_4584,58,Female,Germany,63.29,8,4,0,Sports,18.3,84,0.75,1730,506.32,0.0941176470588235,1.6
CUST_9053,40,Female,Japan,40.74,8,58,0,Sports,98.1,2,0.13,1758,325.92,2.6666666666666665,0.135593220338983
CUST_4330,24,Female,Australia,165.08,8,75,0,Fashion,87.9,8,0.14,1606,1320.64,0.8888888888888888,0.1052631578947368
CUST_3703,20,Female,Australia,49.9,11,259,0,Beauty,40.0,41,0.49,1892,548.9,0.2619047619047619,0.0423076923076923
CUST_9662,75,Male,Germany,234.76,6,247,0,Electronics,41.5,89,0.44,2015,1408.56,0.0666666666666666,0.0241935483870967
CUST_9120,49,Male,Australia,168.02,10,15,0,Electronics,84.9,11,0.2,498,1680.2,0.8333333333333334,0.625
CUST_8114,48,Male,Australia,24.53,9,74,0,Fashion,44.6,24,0.11,1617,220.77,0.36,0.12
CUST_2353,35,Male,Germany,200.67,8,355,0,Electronics,50.8,26,0.04,1229,1605.36,0.2962962962962963,0.0224719101123595
CUST_6063,60,Male,China,337.91,8,175,0,Electronics,74.6,35,0.1,1103,2703.28,0.2222222222222222,0.0454545454545454
CUST_9549,24,Other,China,86.68,9,321,0,Sports,38.8,5,0.14,1617,780.1200000000001,1.5,0.0279503105590062
CUST_8575,58,Male,India,23.25,12,135,0,Home,45.4,15,0.27,2171,279.0,0.75,0.088235294117647
CUST_1667,18,Other,China,126.76,8,276,0,Home,3.7,14,0.42,586,1014.08,0.5333333333333333,0.0288808664259927
CUST_5468,78,Male,India,189.96,8,281,0,Electronics,13.3,37,0.24,922,1519.68,0.2105263157894736,0.0283687943262411
CUST_7819,31,Other,France,87.3,9,167,0,Fashion,45.9,18,0.25,1720,785.6999999999999,0.4736842105263157,0.0535714285714285
CUST_4719,69,Female,Canada,256.88,14,29,0,Fashion,4.6,76,0.45,2072,3596.32,0.1818181818181818,0.4666666666666667
CUST_3745,49,Other,Brazil,47.59,6,321,0,Beauty,30.7,67,0.29,1589,285.54,0.088235294117647,0.0186335403726708
CUST_8483,23,Male,Canada,159.74,9,335,0,Fashion,43.7,46,0.22,1896,1437.66,0.1914893617021276,0.0267857142857142
CUST_1539,56,Female,Australia,31.88,12,268,0,Fashion,10.2,97,0.16,1058,382.56,0.1224489795918367,0.0446096654275092
CUST_5964,27,Other,USA,200.68,8,0,0,Sports,6.5,68,0.16,613,1605.44,0.1159420289855072,8.0
CUST_5835,24,Male,Australia,48.43,9,170,0,Sports,1.6,57,0.35,912,435.87,0.1551724137931034,0.0526315789473684
CUST_4775,43,Male,Germany,69.94,7,128,1,Electronics,48.5,40,0.36,667,489.58,0.1707317073170731,0.0542635658914728
CUST_7042,51,Male,Germany,41.48,14,167,0,Fashion,14.7,90,0.17,1043,580.7199999999999,0.1538461538461538,0.0833333333333333
CUST_8102,47,Other,Brazil,113.3,9,60,0,Home,50.95,85,0.26,1733,1019.7,0.1046511627906976,0.1475409836065573
CUST_8312,53,Female,UK,62.17,6,116,0,Fashion,49.3,45,0.43,1187,373.02,0.1304347826086956,0.0512820512820512
CUST_6320,38,Female,UK,133.1,6,321,0,Fashion,1.9,16,0.15,1268,798.5999999999999,0.3529411764705882,0.0186335403726708
CUST_7132,79,Male,UK,65.05,13,122,0,Electronics,5.9,62,0.23,1196,845.65,0.2063492063492063,0.1056910569105691
CUST_8891,77,Male,China,99.28,10,259,0,Home,91.8,23,0.35,2148,992.8,0.4166666666666667,0.0384615384615384
CUST_3779,34,Female,France,38.94,8,225,0,Electronics,12.4,88,0.42,1660,311.52,0.0898876404494382,0.0353982300884955
CUST_1924,50,Male,Australia,90.53,6,291,0,Fashion,75.7,73,0.72,699,543.1800000000001,0.081081081081081,0.0205479452054794
CUST_2581,27,Female,Germany,127.17,16,351,0,Home,24.6,83,0.22,2154,2034.72,0.1904761904761904,0.0454545454545454
CUST_8714,68,Other,USA,93.19,8,185,0,Fashion,32.2,91,0.36,1979,745.52,0.0869565217391304,0.043010752688172
CUST_4324,64,Male,USA,122.23,8,84,0,Electronics,2.5,95,0.06,1740,977.84,0.0833333333333333,0.0941176470588235
CUST_6713,59,Female,USA,288.63,15,217,0,Electronics,55.6,51,0.24,627,4329.45,0.2884615384615384,0.0688073394495412
CUST_8026,68,Male,UK,264.71,5,142,0,Sports,46.7,1,0.06,1170,1323.55,2.5,0.0349650349650349
CUST_1255,29,Female,Brazil,32.41,10,89,0,Home,74.5,77,0.15,1946,324.1,0.1282051282051282,0.1111111111111111
CUST_5804,73,Male,UK,180.44,9,340,0,Sports,90.6,45,0.12,1573,1623.96,0.1956521739130435,0.0263929618768328
CUST_2838,33,Female,Germany,17.86,9,267,0,Home,54.8,4,0.24,1734,160.74,1.8,0.0335820895522388
CUST_1009,58,Male,Australia,114.96,9,75,0,Beauty,95.2,55,0.18,771,1034.64,0.1607142857142857,0.1184210526315789
CUST_3871,49,Female,Australia,91.17,9,68,0,Home,14.8,89,0.24,1460,820.53,0.1,0.1304347826086956
CUST_9989,32,Female,Brazil,120.82,9,297,0,Fashion,34.5,10,0.21,1934,1087.38,0.8181818181818182,0.0302013422818791
CUST_8409,79,Male,France,140.24,13,159,0,Home,83.0,87,0.42,464,1823.12,0.1477272727272727,0.08125
CUST_8418,44,Female,China,93.19,10,7,0,Sports,55.3,30,0.17,2098,931.9,0.3225806451612903,1.25
CUST_6124,45,Male,USA,54.51,8,218,0,Electronics,54.7,14,0.29,1622,436.08,0.5333333333333333,0.0365296803652968
CUST_2015,34,Female,Australia,23.86,11,309,0,Electronics,46.0,96,0.58,2140,262.46,0.1134020618556701,0.0354838709677419
CUST_3193,63,Male,Brazil,119.51,11,87,0,Home,1.9,30,0.32,2015,1314.61,0.3548387096774194,0.125
CUST_9415,76,Female,USA,153.31,6,140,0,Beauty,8.0,5,0.25,771,919.86,1.0,0.0425531914893617
CUST_8449,67,Male,UK,93.19,10,28,0,Electronics,9.0,15,0.05,536,931.9,0.625,0.3448275862068966
CUST_5158,75,Male,Japan,92.21,8,12,0,Electronics,18.9,17,0.16,786,737.68,0.4444444444444444,0.6153846153846154
CUST_4925,19,Male,Canada,138.06,15,313,0,Electronics,9.4,48,0.2,1946,2070.9,0.3061224489795918,0.0477707006369426
CUST_7970,53,Female,Australia,15.72,12,62,0,Beauty,10.7,97,0.42,692,188.64,0.1224489795918367,0.1904761904761904
CUST_7938,67,Male,France,65.24,12,342,0,Sports,63.7,76,0.29,813,782.8799999999999,0.1558441558441558,0.0349854227405247
CUST_5784,24,Female,Brazil,284.55,12,174,0,Home,11.8,25,0.29,2119,3414.6000000000004,0.4615384615384615,0.0685714285714285
CUST_5000,30,Female,China,94.14,16,215,0,Beauty,46.5,19,0.44,934,1506.24,0.8,0.074074074074074
CUST_2633,32,Male,France,80.33,13,234,0,Home,6.3,59,0.32,1839,1044.29,0.2166666666666666,0.0553191489361702
CUST_8266,42,Female,UK,148.93,10,86,0,Fashion,26.9,53,0.47,1856,1489.3000000000002,0.1851851851851851,0.1149425287356321
CUST_9702,40,Male,Australia,97.95,16,73,0,Home,92.4,87,0.23,694,1567.2,0.1818181818181818,0.2162162162162162
CUST_1384,77,Male,Germany,172.63,11,293,0,Electronics,3.1,39,0.39,545,1898.93,0.275,0.0374149659863945
CUST_1404,39,Female,UK,32.44,9,68,0,Beauty,87.7,5,0.11,2029,291.96,1.5,0.1304347826086956
CUST_9175,43,Female,China,49.73,9,68,0,Beauty,50.95,40,0.33,1912,447.57,0.2195121951219512,0.1304347826086956
CUST_3000,50,Female,UK,228.16,11,222,0,Sports,92.1,85,0.22,535,2509.76,0.127906976744186,0.0493273542600896
CUST_6989,28,Male,Brazil,75.03,10,284,0,Fashion,78.7,58,0.32,2116,750.3,0.1694915254237288,0.0350877192982456
CUST_2460,27,Male,France,57.96,4,121,0,Sports,50.95,78,0.2,690,231.84,0.050632911392405,0.0327868852459016
CUST_8190,42,Male,Brazil,74.74,5,262,0,Sports,10.8,6,0.14,1553,373.7,0.7142857142857143,0.0190114068441064
CUST_8140,54,Female,USA,70.98,13,220,0,Fashion,83.6,19,0.17,1494,922.74,0.65,0.0588235294117647
CUST_4636,65,Female,Japan,196.0,12,310,0,Electronics,47.7,68,0.31,2052,2352.0,0.1739130434782608,0.0385852090032154
CUST_5809,60,Female,France,51.37,8,163,0,Beauty,35.2,24,0.28,556,410.96,0.32,0.048780487804878
CUST_5178,70,Male,Japan,94.1,7,262,0,Home,15.4,90,0.16,1442,658.6999999999999,0.0769230769230769,0.026615969581749
CUST_8245,55,Male,Brazil,210.22,14,91,0,Fashion,0.1,19,0.14,2143,2943.08,0.7,0.1521739130434782
CUST_7600,58,Male,Germany,75.23,8,265,0,Sports,64.3,59,0.33,720,601.84,0.1333333333333333,0.0300751879699248
CUST_6997,62,Male,Australia,196.78,10,335,0,Home,72.6,61,0.57,1387,1967.8,0.1612903225806451,0.0297619047619047
CUST_3048,41,Male,China,66.88,14,73,0,Fashion,38.8,32,0.16,721,936.32,0.4242424242424242,0.1891891891891892
CUST_5780,57,Female,UK,212.27,14,313,0,Fashion,16.4,45,0.6,1848,2971.78,0.3043478260869565,0.0445859872611464
CUST_1716,63,Female,UK,98.62,17,89,0,Electronics,14.5,35,0.32,561,1676.54,0.4722222222222222,0.1888888888888888
CUST_8939,73,Female,Japan,65.72,4,353,1,Electronics,16.8,54,0.13,1099,262.88,0.0727272727272727,0.0112994350282485
CUST_6565,50,Female,China,128.19,15,295,0,Beauty,5.6,2,0.11,1948,1922.85,5.0,0.0506756756756756
CUST_5544,34,Male,France,21.75,11,128,0,Beauty,36.0,97,0.32,2038,239.25,0.1122448979591836,0.0852713178294573
CUST_5976,41,Female,Australia,418.24,8,48,0,Home,61.6,74,0.21,2205,3345.92,0.1066666666666666,0.1632653061224489
CUST_4419,54,Male,Canada,110.69,10,85,0,Beauty,44.7,45,0.21,472,1106.9,0.217391304347826,0.1162790697674418
CUST_8239,74,Other,Japan,154.42,8,143,1,Fashion,12.5,33,0.2,2225,1235.36,0.2352941176470588,0.0555555555555555
CUST_1249,19,Female,France,30.69,6,134,0,Fashion,81.6,23,0.25,971,184.14,0.25,0.0444444444444444
CUST_9865,49,Male,France,258.77,12,114,0,Fashion,28.7,98,0.2,1613,3105.24,0.1212121212121212,0.1043478260869565
CUST_1770,74,Other,China,75.35,9,276,0,Fashion,60.3,36,0.59,1785,678.15,0.2432432432432432,0.0324909747292418
CUST_5363,77,Male,China,43.28,10,65,0,Electronics,24.6,94,0.38,1240,432.8,0.1052631578947368,0.1515151515151515
CUST_2077,79,Female,India,202.73,8,186,0,Fashion,59.5,69,0.26,1205,1621.84,0.1142857142857142,0.0427807486631016
CUST_9427,41,Female,UK,41.96,9,344,0,Fashion,13.0,85,0.06,610,377.64,0.1046511627906976,0.0260869565217391
CUST_9580,26,Male,Australia,96.3,14,200,0,Fashion,65.5,80,0.47,1908,1348.2,0.1728395061728395,0.0696517412935323
CUST_8901,21,Male,USA,97.52,12,137,0,Sports,57.3,71,0.4,1218,1170.24,0.1666666666666666,0.0869565217391304
CUST_5858,34,Female,Japan,221.94,13,51,0,Home,51.9,9,0.34,748,2885.22,1.3,0.25
CUST_7544,34,Female,Australia,211.01,8,212,0,Home,21.7,88,0.2,993,1688.08,0.0898876404494382,0.0375586854460093
CUST_5719,70,Male,India,109.35,12,157,1,Fashion,50.95,49,0.08,650,1312.1999999999998,0.24,0.0759493670886076
CUST_3814,67,Other,India,99.98,12,289,0,Fashion,89.7,26,0.18,797,1199.76,0.4444444444444444,0.0413793103448275
CUST_4374,65,Male,Australia,44.17,12,349,0,Home,12.5,96,0.3,2099,530.04,0.1237113402061855,0.0342857142857142
CUST_2252,47,Male,China,112.34,14,205,0,Beauty,70.4,27,0.14,1035,1572.76,0.5,0.0679611650485436
CUST_7996,57,Male,France,360.12,16,341,0,Sports,11.4,41,0.43,1188,5761.92,0.3809523809523809,0.0467836257309941
CUST_5673,75,Male,Canada,81.9,9,320,0,Sports,33.8,83,0.36,874,737.1,0.1071428571428571,0.02803738317757
CUST_5530,28,Male,Australia,38.64,9,315,0,Beauty,68.4,72,0.34,1835,347.76,0.1232876712328767,0.0284810126582278
CUST_7881,38,Other,Japan,30.32,14,135,0,Fashion,56.0,6,0.02,1259,424.48,2.0,0.1029411764705882
CUST_7949,38,Male,USA,47.63,10,74,0,Home,67.8,83,0.54,1333,476.3,0.119047619047619,0.1333333333333333
CUST_7241,35,Male,UK,17.27,4,68,0,Sports,96.3,87,0.21,1088,69.08,0.0454545454545454,0.0579710144927536
CUST_9017,72,Male,India,259.28,14,300,0,Beauty,97.0,66,0.39,900,3629.92,0.208955223880597,0.0465116279069767
CUST_7941,46,Female,Germany,384.14,6,48,0,Beauty,91.5,61,0.31,825,2304.84,0.0967741935483871,0.1224489795918367
CUST_8002,41,Female,Germany,93.19,19,201,0,Electronics,50.95,67,0.43,1240,1770.61,0.2794117647058823,0.094059405940594
CUST_2331,27,Male,France,145.48,15,61,0,Beauty,34.1,66,0.21,1132,2182.2,0.2238805970149253,0.2419354838709677
CUST_5261,62,Male,China,141.39,12,166,0,Electronics,28.0,77,0.31,928,1696.6799999999998,0.1538461538461538,0.0718562874251497
CUST_8648,34,Male,UK,112.97,11,204,0,Electronics,57.6,96,0.29,1754,1242.67,0.1134020618556701,0.0536585365853658
CUST_6115,35,Male,India,45.74,12,148,0,Sports,45.4,43,0.17,645,548.88,0.2727272727272727,0.0805369127516778
CUST_5637,59,Male,Germany,112.57,11,120,0,Fashion,99.5,25,0.51,2141,1238.27,0.4230769230769231,0.0909090909090909
CUST_5854,65,Male,Germany,112.4,8,308,0,Fashion,53.6,62,0.65,918,899.2,0.1269841269841269,0.0258899676375404
CUST_4177,37,Male,Canada,65.72,13,96,0,Beauty,32.9,13,0.12,2039,854.36,0.9285714285714286,0.134020618556701
CUST_8730,54,Female,Australia,138.21,10,52,0,Home,63.6,94,0.34,1165,1382.1,0.1052631578947368,0.1886792452830188
CUST_3180,62,Male,Brazil,66.95,9,8,0,Home,4.4,83,0.22,425,602.5500000000001,0.1071428571428571,1.0
CUST_5892,35,Other,UK,173.33,6,330,0,Electronics,11.1,24,0.23,1789,1039.98,0.24,0.0181268882175226
CUST_8043,34,Other,Brazil,114.6,10,250,0,Beauty,66.4,97,0.29,1605,1146.0,0.1020408163265306,0.0398406374501992
CUST_1137,26,Female,USA,138.83,11,359,0,Beauty,12.3,59,0.12,1531,1527.13,0.1833333333333333,0.0305555555555555
CUST_7327,31,Male,China,68.98,12,348,0,Fashion,75.5,77,0.55,1767,827.76,0.1538461538461538,0.0343839541547277
CUST_4472,66,Male,Australia,188.68,9,123,0,Home,6.2,95,0.07,1395,1698.12,0.09375,0.0725806451612903
CUST_6449,46,Male,USA,65.7,11,121,1,Sports,59.4,38,0.44,1936,722.7,0.282051282051282,0.0901639344262295
CUST_3832,48,Female,Japan,132.26,8,198,0,Beauty,67.8,8,0.26,1702,1058.08,0.8888888888888888,0.0402010050251256
CUST_4579,21,Female,India,49.71,11,316,0,Beauty,78.0,58,0.77,840,546.8100000000001,0.1864406779661017,0.0347003154574132
CUST_6971,35,Female,Brazil,158.21,12,94,0,Fashion,88.6,30,0.18,2049,1898.52,0.3870967741935484,0.1263157894736842
CUST_5164,76,Other,France,48.53,9,29,0,Sports,31.2,19,0.08,1851,436.77,0.45,0.3
CUST_8941,37,Male,Japan,279.57,10,91,0,Sports,71.9,96,0.25,941,2795.7,0.1030927835051546,0.108695652173913
CUST_6569,73,Female,UK,188.31,7,83,0,Sports,8.1,30,0.45,1194,1318.17,0.2258064516129032,0.0833333333333333
CUST_5300,73,Male,India,70.96,9,14,0,Sports,83.0,55,0.16,1478,638.64,0.1607142857142857,0.6
CUST_7269,64,Male,Germany,93.07,15,142,0,Home,89.0,46,0.24,2174,1396.05,0.3191489361702128,0.1048951048951049
CUST_4818,60,Male,Brazil,53.73,9,308,0,Electronics,74.9,38,0.45,1735,483.57,0.2307692307692307,0.029126213592233
CUST_2906,61,Male,Australia,55.52,10,208,0,Sports,28.1,17,0.14,551,555.2,0.5555555555555556,0.0478468899521531
CUST_7254,26,Female,Australia,96.77,10,22,0,Electronics,6.2,98,0.07,1203,967.7,0.101010101010101,0.4347826086956521
CUST_1760,30,Male,Japan,91.39,13,325,0,Electronics,42.2,80,0.57,1107,1188.07,0.1604938271604938,0.0398773006134969
CUST_8830,32,Female,Japan,165.52,11,364,0,Fashion,27.1,59,0.37,1596,1820.72,0.1833333333333333,0.0301369863013698
CUST_8350,44,Female,China,42.12,8,143,0,Sports,53.0,37,0.28,993,336.96,0.2105263157894736,0.0555555555555555
CUST_7238,32,Female,Germany,36.01,12,86,0,Home,39.4,55,0.37,1673,432.12,0.2142857142857142,0.1379310344827586
CUST_7090,45,Male,Canada,80.65,9,192,0,Fashion,13.6,6,0.21,920,725.85,1.2857142857142858,0.0466321243523316
CUST_7031,54,Female,Brazil,101.74,9,172,0,Fashion,83.7,66,0.34,717,915.66,0.1343283582089552,0.0520231213872832
CUST_8687,72,Female,USA,18.31,10,262,0,Electronics,86.5,69,0.17,1470,183.1,0.1428571428571428,0.0380228136882129
CUST_9472,36,Male,UK,72.62,8,294,0,Beauty,81.3,42,0.19,648,580.96,0.1860465116279069,0.0271186440677966
CUST_2887,43,Male,Brazil,123.98,14,359,1,Home,21.0,83,0.44,1059,1735.72,0.1666666666666666,0.0388888888888888
CUST_4266,69,Female,Brazil,93.19,10,49,0,Sports,42.8,65,0.51,2029,931.9,0.1515151515151515,0.2
CUST_1666,43,Female,Germany,33.44,8,47,0,Sports,17.1,89,0.48,752,267.52,0.0888888888888888,0.1666666666666666
CUST_5188,42,Female,Brazil,174.22,10,48,0,Home,66.5,80,0.42,1474,1742.2,0.1234567901234567,0.2040816326530612
CUST_1671,43,Female,China,45.41,11,167,0,Sports,80.5,94,0.22,1832,499.51,0.1157894736842105,0.0654761904761904
CUST_7777,43,Female,Brazil,108.13,11,166,0,Beauty,58.2,94,0.24,2126,1189.4299999999998,0.1157894736842105,0.0658682634730539
CUST_8570,63,Male,France,95.44,4,81,0,Beauty,54.6,10,0.18,670,381.76,0.3636363636363636,0.048780487804878
CUST_8956,45,Male,France,77.35,5,62,0,Sports,71.5,40,0.48,1575,386.75,0.1219512195121951,0.0793650793650793
CUST_6124,66,Male,India,113.78,7,227,0,Fashion,11.4,52,0.61,1409,796.46,0.1320754716981132,0.0307017543859649
CUST_6585,35,Female,UK,152.93,6,213,0,Sports,24.8,24,0.24,1555,917.58,0.24,0.02803738317757
CUST_5777,49,Female,France,187.1,8,129,0,Sports,31.4,59,0.11,556,1496.8,0.1333333333333333,0.0615384615384615
CUST_4900,70,Male,UK,161.47,9,153,0,Home,53.3,21,0.38,1695,1453.23,0.4090909090909091,0.0584415584415584
CUST_7677,20,Female,Australia,93.19,5,241,0,Beauty,97.6,52,0.29,1097,465.95,0.0943396226415094,0.0206611570247933
CUST_7981,19,Male,China,74.58,12,95,0,Fashion,86.3,79,0.21,1603,894.96,0.15,0.125
CUST_7376,50,Male,Germany,122.71,12,231,0,Home,24.7,5,0.25,664,1472.52,2.0,0.0517241379310344
CUST_1523,59,Male,Germany,25.49,6,237,0,Home,23.3,36,0.6,1384,152.94,0.1621621621621621,0.0252100840336134
CUST_3393,36,Male,France,82.39,6,17,0,Fashion,43.6,22,0.14,772,494.34,0.2608695652173913,0.3333333333333333
CUST_3593,34,Male,China,99.45,8,343,0,Fashion,97.5,8,0.64,1917,795.6,0.8888888888888888,0.0232558139534883
CUST_8240,61,Male,Australia,288.36,10,323,0,Home,15.2,95,0.52,1969,2883.6000000000004,0.1041666666666666,0.0308641975308641
CUST_7937,50,Male,USA,106.51,6,245,0,Sports,95.7,52,0.25,2106,639.0600000000001,0.1132075471698113,0.024390243902439
CUST_7190,29,Male,China,109.63,16,59,0,Fashion,19.0,1,0.06,775,1754.08,8.0,0.2666666666666666
CUST_6240,66,Female,India,102.33,13,129,0,Electronics,88.6,84,0.47,1185,1330.29,0.1529411764705882,0.1
CUST_7493,73,Male,Germany,121.38,10,349,0,Fashion,83.0,28,0.75,966,1213.8,0.3448275862068966,0.0285714285714285
CUST_3878,20,Other,India,36.53,14,48,0,Home,88.2,31,0.44,688,511.42,0.4375,0.2857142857142857
CUST_5143,60,Male,Germany,97.0,8,165,0,Electronics,89.2,53,0.34,580,776.0,0.1481481481481481,0.0481927710843373
CUST_4644,66,Male,Australia,45.94,10,167,0,Home,21.8,24,0.27,2027,459.4,0.4,0.0595238095238095
CUST_5432,72,Male,Brazil,68.5,10,252,0,Beauty,77.9,45,0.29,1363,685.0,0.217391304347826,0.0395256916996047
CUST_2276,43,Male,Canada,63.0,12,335,0,Beauty,68.2,7,0.02,935,756.0,1.5,0.0357142857142857
CUST_6811,52,Female,China,62.77,10,308,0,Sports,50.95,2,0.38,1672,627.7,3.333333333333333,0.0323624595469255
CUST_1302,25,Male,China,86.51,15,63,0,Fashion,49.0,73,0.22,2030,1297.65,0.2027027027027027,0.234375
CUST_1638,69,Other,Brazil,201.7,13,32,0,Home,41.3,63,0.46,2226,2622.1,0.203125,0.3939393939393939
CUST_1055,53,Female,USA,122.8,13,57,0,Electronics,72.6,83,0.37,2055,1596.4,0.1547619047619047,0.2241379310344827
CUST_9717,70,Female,Germany,113.93,11,305,0,Fashion,27.0,41,0.4,1493,1253.23,0.2619047619047619,0.0359477124183006
CUST_9150,71,Female,USA,116.57,13,63,0,Sports,82.0,89,0.1,1480,1515.41,0.1444444444444444,0.203125
CUST_3125,24,Female,China,69.55,10,124,0,Home,28.6,23,0.3,682,695.5,0.4166666666666667,0.08
CUST_1364,63,Male,France,106.16,9,60,0,Home,4.3,50,0.27,1130,955.44,0.1764705882352941,0.1475409836065573
CUST_7809,63,Female,France,17.67,8,248,0,Beauty,55.1,74,0.16,2080,141.36,0.1066666666666666,0.0321285140562249
CUST_5621,53,Male,Japan,72.33,8,137,0,Sports,83.6,87,0.14,1376,578.64,0.0909090909090909,0.0579710144927536
CUST_6126,33,Male,UK,73.3,11,65,0,Home,69.0,33,0.31,1524,806.3,0.3235294117647059,0.1666666666666666
CUST_6122,41,Female,France,62.25,16,178,0,Beauty,98.9,43,0.19,1453,996.0,0.3636363636363636,0.0893854748603352
CUST_2646,78,Female,France,226.05,6,285,0,Beauty,14.1,83,0.32,2007,1356.3000000000002,0.0714285714285714,0.0209790209790209
CUST_1918,71,Female,Germany,93.19,12,280,0,Electronics,34.5,55,0.35,513,1118.28,0.2142857142857142,0.0427046263345195
CUST_3797,79,Male,Japan,260.85,16,170,0,Sports,38.0,51,0.32,1179,4173.6,0.3076923076923077,0.0935672514619883
CUST_7506,18,Female,Germany,145.13,13,242,0,Sports,5.8,98,0.35,1165,1886.69,0.1313131313131313,0.0534979423868312
CUST_6870,66,Male,China,175.06,8,119,0,Home,4.3,37,0.2,2044,1400.48,0.2105263157894736,0.0666666666666666
CUST_2531,42,Male,India,170.16,9,343,0,Electronics,2.9,63,0.18,1636,1531.44,0.140625,0.0261627906976744
CUST_9172,27,Male,USA,171.3,16,191,0,Fashion,40.9,67,0.14,1931,2740.8,0.2352941176470588,0.0833333333333333
CUST_4345,71,Male,China,40.94,11,186,0,Home,84.5,45,0.5,1615,450.34,0.2391304347826087,0.0588235294117647
CUST_8673,33,Male,India,41.56,11,226,0,Beauty,50.95,71,0.16,1963,457.16,0.1527777777777778,0.0484581497797356
CUST_7949,33,Female,Australia,222.16,10,265,0,Fashion,44.7,49,0.2,741,2221.6,0.2,0.037593984962406
CUST_7882,75,Female,Australia,30.75,11,191,0,Fashion,26.4,1,0.14,666,338.25,5.5,0.0572916666666666
CUST_2906,25,Male,Germany,149.72,8,239,0,Home,1.6,54,0.4,1436,1197.76,0.1454545454545454,0.0333333333333333
CUST_4086,46,Female,Canada,132.37,10,93,1,Electronics,17.5,36,0.24,432,1323.7,0.2702702702702703,0.1063829787234042
CUST_9152,56,Female,Canada,90.69,8,125,0,Sports,38.7,65,0.18,934,725.52,0.1212121212121212,0.0634920634920634
CUST_6750,45,Female,India,235.18,13,98,0,Electronics,37.0,41,0.13,1835,3057.34,0.3095238095238095,0.1313131313131313
CUST_9905,23,Female,France,81.11,12,343,0,Home,25.9,94,0.4,1733,973.32,0.1263157894736842,0.0348837209302325
CUST_2062,33,Male,Germany,117.52,14,242,0,Sports,99.7,50,0.22,746,1645.28,0.2745098039215686,0.0576131687242798
CUST_2976,37,Female,India,33.13,16,19,0,Fashion,44.7,96,0.11,1083,530.08,0.1649484536082474,0.8
CUST_2296,33,Female,Germany,136.25,10,116,0,Beauty,26.8,49,0.33,1554,1362.5,0.2,0.0854700854700854
CUST_7229,24,Male,India,131.11,8,358,0,Electronics,40.7,83,0.32,1298,1048.88,0.0952380952380952,0.022284122562674
CUST_8641,58,Male,Australia,27.88,8,98,0,Sports,27.9,47,0.21,1569,223.04,0.1666666666666666,0.0808080808080808
CUST_1125,31,Female,Japan,212.53,12,329,0,Electronics,35.2,10,0.35,1242,2550.36,1.0909090909090908,0.0363636363636363
CUST_5632,60,Male,Germany,134.44,7,154,0,Sports,12.6,44,0.31,1259,941.08,0.1555555555555555,0.0451612903225806
CUST_7288,43,Other,Japan,156.2,15,306,0,Beauty,0.1,44,0.15,1345,2343.0,0.3333333333333333,0.0488599348534201
CUST_4596,43,Male,Australia,88.93,9,184,0,Home,49.2,97,0.28,623,800.3700000000001,0.0918367346938775,0.0486486486486486
CUST_7168,31,Female,Canada,28.4,14,334,0,Home,48.9,4,0.6,1097,397.6,2.8,0.0417910447761194
CUST_8561,24,Male,Brazil,70.87,11,2,0,Sports,15.7,64,0.35,973,779.57,0.1692307692307692,3.6666666666666665
CUST_9258,50,Female,USA,71.35,14,156,0,Sports,83.3,20,0.2,1509,998.9,0.6666666666666666,0.0891719745222929
CUST_1232,43,Female,China,93.19,13,174,0,Home,19.2,54,0.14,1016,1211.47,0.2363636363636363,0.0742857142857142
CUST_7371,74,Male,USA,26.3,12,335,0,Fashion,77.0,79,0.31,1069,315.6,0.15,0.0357142857142857
CUST_5206,62,Female,USA,91.76,3,68,0,Fashion,19.0,41,0.2,1274,275.28000000000003,0.0714285714285714,0.0434782608695652
CUST_8943,37,Male,China,41.82,9,20,0,Fashion,28.1,30,0.29,2065,376.38,0.2903225806451613,0.4285714285714285
CUST_7891,20,Male,Australia,93.19,10,297,0,Beauty,27.0,71,0.43,565,931.9,0.1388888888888889,0.0335570469798657
CUST_7738,69,Male,Australia,83.61,15,117,0,Sports,23.0,41,0.12,1441,1254.15,0.3571428571428571,0.1271186440677966
CUST_3472,21,Female,Canada,88.82,15,276,0,Electronics,95.3,82,0.05,1090,1332.3,0.180722891566265,0.0541516245487364
CUST_3739,78,Male,Brazil,119.43,6,129,0,Electronics,26.3,94,0.25,1517,716.58,0.0631578947368421,0.0461538461538461
CUST_6401,43,Male,UK,305.02,13,205,0,Sports,48.5,8,0.15,962,3965.26,1.4444444444444444,0.0631067961165048
CUST_2761,28,Male,USA,57.05,6,196,0,Home,73.5,85,0.19,2199,342.29999999999995,0.0697674418604651,0.0304568527918781
CUST_1876,19,Female,France,317.59,16,134,0,Sports,31.9,71,0.46,825,5081.44,0.2222222222222222,0.1185185185185185
CUST_4812,31,Female,USA,105.3,5,202,0,Fashion,1.2,69,0.2,442,526.5,0.0714285714285714,0.0246305418719211
CUST_2460,61,Male,UK,63.83,13,34,0,Fashion,76.2,32,0.22,959,829.79,0.3939393939393939,0.3714285714285714
CUST_2733,47,Male,Germany,128.0,15,29,0,Electronics,28.4,80,0.3,430,1920.0,0.1851851851851851,0.5
CUST_2605,66,Other,Canada,32.78,4,310,0,Sports,87.3,40,0.17,1290,131.12,0.0975609756097561,0.0128617363344051
CUST_6622,29,Male,Japan,29.76,11,256,0,Electronics,49.1,62,0.2,810,327.36,0.1746031746031746,0.0428015564202334
CUST_7767,43,Female,Japan,32.45,10,181,0,Home,62.4,90,0.15,2123,324.5,0.1098901098901098,0.0549450549450549
CUST_7986,61,Female,UK,93.19,6,207,0,Beauty,95.1,27,0.16,2089,559.14,0.2142857142857142,0.0288461538461538
CUST_4517,50,Female,USA,108.46,11,128,0,Beauty,87.0,39,0.18,1197,1193.06,0.275,0.0852713178294573
CUST_4735,30,Male,Japan,31.07,8,62,0,Home,79.3,92,0.25,814,248.56,0.086021505376344,0.1269841269841269
CUST_9434,31,Female,UK,242.13,13,341,0,Fashion,53.1,33,0.5,1049,3147.69,0.3823529411764705,0.0380116959064327
CUST_3590,41,Female,China,93.19,11,76,0,Fashion,16.9,66,0.29,2081,1025.09,0.1641791044776119,0.1428571428571428
CUST_2063,79,Female,Australia,82.36,12,14,0,Fashion,84.1,79,0.33,1268,988.32,0.15,0.8
CUST_5324,51,Male,India,28.21,6,324,0,Electronics,9.4,71,0.16,1872,169.26,0.0833333333333333,0.0184615384615384
CUST_6342,61,Male,Australia,109.55,8,58,0,Electronics,88.7,84,0.47,1243,876.4,0.0941176470588235,0.135593220338983
CUST_1005,43,Male,USA,27.5,10,150,0,Beauty,76.6,13,0.14,1037,275.0,0.7142857142857143,0.0662251655629139
CUST_8489,38,Female,UK,120.36,13,107,1,Fashion,80.3,96,0.66,709,1564.68,0.134020618556701,0.1203703703703703
CUST_9659,45,Female,Germany,145.23,13,106,0,Fashion,37.7,29,0.45,503,1887.99,0.4333333333333333,0.1214953271028037
CUST_9195,65,Male,Japan,117.29,7,138,0,Home,8.5,68,0.27,1366,821.0300000000001,0.1014492753623188,0.0503597122302158
CUST_6966,53,Female,Japan,258.77,11,279,0,Beauty,72.7,83,0.47,1984,2846.47,0.1309523809523809,0.0392857142857142
CUST_9837,57,Male,Japan,47.69,15,71,0,Electronics,97.8,10,0.5,714,715.3499999999999,1.3636363636363635,0.2083333333333333
CUST_1117,19,Female,UK,70.48,8,110,0,Beauty,85.8,76,0.14,1190,563.84,0.1038961038961039,0.072072072072072
CUST_3551,59,Other,Australia,91.06,15,225,1,Fashion,84.1,58,0.2,2138,1365.9,0.2542372881355932,0.0663716814159292
CUST_6560,26,Male,Germany,150.48,12,105,0,Fashion,63.2,86,0.42,798,1805.76,0.1379310344827586,0.1132075471698113
CUST_5289,40,Male,UK,144.17,7,158,0,Electronics,11.6,27,0.33,2137,1009.19,0.25,0.0440251572327044
CUST_1846,32,Male,USA,66.35,9,149,0,Electronics,86.3,99,0.24,1291,597.15,0.09,0.06
CUST_7316,30,Female,Canada,45.51,12,13,0,Beauty,22.2,58,0.21,935,546.12,0.2033898305084746,0.8571428571428571
CUST_7469,40,Female,USA,59.94,13,4,0,Sports,26.4,81,0.28,978,779.22,0.1585365853658536,2.6
CUST_9915,34,Other,India,77.7,12,126,0,Fashion,75.6,70,0.66,574,932.4,0.1690140845070422,0.0944881889763779
CUST_1224,79,Male,Canada,146.7,11,272,0,Fashion,71.7,45,0.24,1396,1613.6999999999998,0.2391304347826087,0.0402930402930402
CUST_5208,65,Other,USA,96.54,13,337,0,Sports,7.3,50,0.07,924,1255.02,0.2549019607843137,0.0384615384615384
CUST_7283,77,Male,Germany,247.26,11,210,0,Beauty,25.2,48,0.04,468,2719.86,0.2244897959183673,0.0521327014218009
CUST_3048,19,Female,Brazil,34.54,17,326,0,Home,50.95,43,0.17,1275,587.18,0.3863636363636363,0.0519877675840978
CUST_7233,37,Male,Brazil,231.52,7,345,0,Home,95.0,14,0.42,1391,1620.64,0.4666666666666667,0.0202312138728323
CUST_2828,37,Female,Brazil,155.68,10,216,0,Fashion,26.6,97,0.36,1292,1556.8000000000002,0.1020408163265306,0.0460829493087557
CUST_2917,76,Female,India,42.68,6,78,0,Home,76.1,44,0.51,820,256.08,0.1333333333333333,0.0759493670886076
CUST_5234,63,Female,India,82.84,9,92,0,Beauty,50.6,28,0.75,1615,745.5600000000001,0.3103448275862069,0.0967741935483871
CUST_7988,20,Female,Brazil,118.93,8,237,0,Home,38.0,61,0.26,840,951.44,0.1290322580645161,0.0336134453781512
CUST_3026,72,Male,China,170.4,9,233,0,Electronics,50.95,38,0.23,1818,1533.6,0.2307692307692307,0.0384615384615384
CUST_4744,29,Male,Japan,93.19,13,176,0,Beauty,50.95,71,0.48,925,1211.47,0.1805555555555555,0.0734463276836158
CUST_1009,57,Female,Canada,54.13,11,254,0,Sports,50.95,75,0.44,899,595.4300000000001,0.1447368421052631,0.0431372549019607
CUST_1260,19,Male,Canada,162.11,12,320,0,Fashion,59.2,33,0.35,954,1945.32,0.3529411764705882,0.0373831775700934
CUST_7038,53,Male,Japan,63.81,11,131,0,Beauty,64.4,67,0.26,448,701.9100000000001,0.1617647058823529,0.0833333333333333
CUST_3219,31,Female,Australia,93.19,13,264,0,Home,51.7,22,0.29,479,1211.47,0.5652173913043478,0.0490566037735849
CUST_8041,33,Female,China,68.43,9,291,0,Beauty,53.3,13,0.3,1419,615.8700000000001,0.6428571428571429,0.0308219178082191
CUST_3060,36,Male,Brazil,93.19,10,178,0,Sports,85.2,93,0.64,1704,931.9,0.1063829787234042,0.0558659217877094
CUST_6287,51,Male,Japan,104.54,10,343,0,Beauty,30.3,6,0.38,1146,1045.4,1.4285714285714286,0.0290697674418604
CUST_2619,61,Male,UK,69.07,11,145,0,Sports,73.6,64,0.38,1848,759.77,0.1692307692307692,0.0753424657534246
CUST_9512,78,Male,Canada,65.59,12,142,0,Sports,26.9,54,0.57,610,787.08,0.2181818181818181,0.0839160839160839
CUST_2342,63,Female,UK,113.72,11,19,0,Beauty,7.1,43,0.42,1548,1250.92,0.25,0.55
CUST_3832,23,Other,Japan,109.28,11,57,0,Fashion,90.3,55,0.31,1236,1202.08,0.1964285714285714,0.1896551724137931
CUST_3824,30,Female,Japan,71.98,11,295,0,Fashion,41.1,28,0.32,1435,791.7800000000001,0.3793103448275862,0.0371621621621621
CUST_2994,53,Male,USA,200.66,7,65,0,Home,68.3,58,0.26,1716,1404.62,0.1186440677966101,0.106060606060606
CUST_4490,39,Other,USA,121.71,10,344,0,Beauty,75.8,15,0.36,1591,1217.1,0.625,0.0289855072463768
CUST_8984,35,Female,Germany,42.82,14,12,0,Beauty,79.7,24,0.04,1528,599.48,0.56,1.0769230769230769
CUST_2604,29,Male,Germany,194.11,4,61,0,Electronics,22.6,90,0.11,1469,776.44,0.0439560439560439,0.064516129032258
CUST_1235,69,Other,India,48.49,6,45,0,Fashion,65.6,62,0.29,1935,290.94,0.0952380952380952,0.1304347826086956
CUST_2908,76,Female,India,55.24,11,92,0,Sports,76.0,65,0.08,1163,607.64,0.1666666666666666,0.1182795698924731
CUST_9567,71,Female,Brazil,51.09,17,222,0,Electronics,12.0,26,0.32,1275,868.5300000000001,0.6296296296296297,0.0762331838565022
CUST_4530,47,Female,USA,89.49,10,22,0,Beauty,14.1,95,0.25,517,894.9,0.1041666666666666,0.4347826086956521
CUST_6256,70,Male,Brazil,73.62,9,356,0,Electronics,36.4,61,0.12,715,662.58,0.1451612903225806,0.0252100840336134
CUST_3635,68,Male,Japan,57.34,16,66,0,Fashion,30.2,87,0.39,1848,917.44,0.1818181818181818,0.2388059701492537
CUST_9162,57,Female,Brazil,45.73,12,113,0,Beauty,50.95,96,0.3,1014,548.76,0.1237113402061855,0.1052631578947368
CUST_3560,24,Male,Japan,223.33,8,205,0,Fashion,64.3,1,0.26,830,1786.64,4.0,0.0388349514563106
CUST_6415,49,Male,Canada,188.33,6,65,0,Electronics,49.8,82,0.14,1505,1129.98,0.072289156626506,0.0909090909090909
CUST_4391,65,Female,USA,157.27,4,49,0,Home,10.6,81,0.23,1371,629.08,0.048780487804878,0.08
CUST_6951,36,Female,Germany,109.35,17,140,0,Sports,11.3,46,0.62,861,1858.95,0.3617021276595745,0.1205673758865248
CUST_6468,23,Female,Brazil,59.21,6,257,0,Sports,51.7,92,0.18,2036,355.26,0.064516129032258,0.0232558139534883
CUST_9007,37,Female,USA,76.25,13,33,0,Home,88.3,1,0.23,2178,991.25,6.5,0.3823529411764705
CUST_7413,44,Female,Canada,75.41,8,295,0,Home,77.5,51,0.3,597,603.28,0.1538461538461538,0.027027027027027
CUST_7941,70,Female,UK,93.19,9,252,0,Home,88.2,36,0.33,784,838.71,0.2432432432432432,0.0355731225296442
CUST_5820,60,Male,Germany,52.11,12,68,0,Fashion,56.5,69,0.33,2125,625.3199999999999,0.1714285714285714,0.1739130434782608
CUST_3898,54,Male,China,179.04,8,188,0,Beauty,22.1,69,0.43,1797,1432.32,0.1142857142857142,0.0423280423280423
CUST_8546,65,Male,France,163.5,9,152,0,Home,3.2,66,0.67,769,1471.5,0.1343283582089552,0.0588235294117647
CUST_1077,24,Male,USA,56.1,16,202,0,Fashion,94.0,75,0.22,2022,897.6,0.2105263157894736,0.0788177339901477
CUST_8577,76,Male,Australia,60.9,5,76,0,Electronics,47.5,99,0.07,1492,304.5,0.05,0.0649350649350649
CUST_5227,22,Male,USA,81.97,8,190,0,Electronics,85.9,30,0.25,1361,655.76,0.2580645161290322,0.0418848167539267
CUST_1600,28,Female,Japan,93.58,6,27,0,Home,73.3,96,0.28,979,561.48,0.0618556701030927,0.2142857142857142
CUST_2065,32,Other,China,104.73,15,212,0,Electronics,83.2,8,0.29,573,1570.95,1.6666666666666667,0.0704225352112676
CUST_3136,20,Male,Australia,89.53,9,55,1,Home,21.1,2,0.29,1057,805.77,3.0,0.1607142857142857
CUST_7943,75,Female,Brazil,85.0,15,111,0,Electronics,67.9,25,0.48,1378,1275.0,0.5769230769230769,0.1339285714285714
CUST_8804,22,Female,Canada,93.19,6,242,0,Electronics,72.3,19,0.17,683,559.14,0.3,0.0246913580246913
CUST_7565,40,Male,Australia,68.58,9,153,0,Beauty,55.3,71,0.62,1314,617.22,0.125,0.0584415584415584
CUST_6984,70,Other,Brazil,95.49,9,154,0,Beauty,83.5,14,0.39,884,859.41,0.6,0.0580645161290322
CUST_6142,54,Female,Brazil,74.88,6,281,0,Electronics,98.8,4,0.11,2086,449.28,1.2,0.0212765957446808
CUST_5670,26,Male,Brazil,140.96,9,270,0,Beauty,1.1,46,0.31,1170,1268.64,0.1914893617021276,0.033210332103321
CUST_3190,32,Female,Japan,129.59,9,49,0,Home,45.5,33,0.36,1393,1166.31,0.2647058823529412,0.18
CUST_3712,20,Male,Australia,106.93,13,67,0,Sports,75.4,37,0.16,1856,1390.09,0.3421052631578947,0.1911764705882352
CUST_3192,46,Female,India,93.19,7,131,0,Home,72.6,30,0.34,2096,652.3299999999999,0.2258064516129032,0.053030303030303
CUST_2248,23,Male,Canada,231.97,14,157,0,Beauty,46.8,84,0.3,425,3247.58,0.1647058823529411,0.0886075949367088
CUST_5033,34,Female,UK,251.11,6,332,0,Fashion,84.2,78,0.25,2141,1506.66,0.0759493670886076,0.018018018018018
CUST_2997,43,Male,USA,26.13,9,264,0,Electronics,67.5,27,0.24,2102,235.17,0.3214285714285714,0.0339622641509433
CUST_4687,38,Female,Japan,91.77,14,169,0,Beauty,54.8,13,0.34,2187,1284.78,1.0,0.0823529411764705
CUST_5018,25,Male,Germany,191.46,14,269,0,Beauty,27.3,71,0.13,2066,2680.44,0.1944444444444444,0.0518518518518518
CUST_2970,38,Female,UK,61.94,7,219,0,Beauty,36.7,82,0.4,1535,433.58,0.0843373493975903,0.0318181818181818
CUST_9389,74,Female,Canada,123.56,11,39,0,Home,98.9,38,0.39,1660,1359.16,0.282051282051282,0.275
CUST_6765,28,Female,Japan,93.19,12,288,0,Electronics,90.6,52,0.29,694,1118.28,0.2264150943396226,0.0415224913494809
CUST_2202,55,Female,UK,55.04,4,78,0,Sports,69.6,73,0.42,1663,220.16,0.054054054054054,0.050632911392405
CUST_9135,25,Female,USA,112.74,8,238,0,Beauty,85.9,87,0.06,1327,901.92,0.0909090909090909,0.0334728033472803
CUST_6567,59,Female,Brazil,31.17,7,59,0,Fashion,13.6,95,0.3,1107,218.19,0.0729166666666666,0.1166666666666666
CUST_8667,41,Female,China,93.19,19,319,0,Electronics,26.8,66,0.18,943,1770.61,0.2835820895522388,0.059375
CUST_6742,78,Female,Brazil,59.97,11,317,0,Sports,88.5,40,0.22,1483,659.67,0.2682926829268293,0.0345911949685534
CUST_6788,52,Female,Canada,174.55,6,334,0,Fashion,47.1,38,0.79,1732,1047.3000000000002,0.1538461538461538,0.017910447761194
CUST_6408,72,Male,USA,165.72,9,236,0,Sports,59.1,41,0.15,1060,1491.48,0.2142857142857142,0.0379746835443038
CUST_9669,31,Male,UK,55.36,10,75,0,Sports,50.95,5,0.35,2039,553.6,1.6666666666666667,0.131578947368421
CUST_1922,72,Male,France,257.42,12,305,0,Electronics,40.4,64,0.26,2123,3089.04,0.1846153846153846,0.0392156862745098
CUST_1419,31,Female,China,70.88,5,38,0,Home,48.2,56,0.23,1998,354.4,0.087719298245614,0.1282051282051282
CUST_3204,27,Male,Brazil,59.9,9,198,0,Fashion,11.2,87,0.34,1337,539.1,0.1022727272727272,0.0452261306532663
CUST_2120,29,Female,India,15.31,7,104,0,Beauty,99.1,49,0.06,1277,107.17,0.14,0.0666666666666666
CUST_1950,55,Female,UK,93.19,13,69,0,Sports,97.3,59,0.15,1888,1211.47,0.2166666666666666,0.1857142857142857
CUST_3336,61,Male,Brazil,158.58,7,281,0,Fashion,29.7,96,0.16,677,1110.0600000000002,0.0721649484536082,0.0248226950354609
CUST_6373,72,Female,UK,83.4,10,57,0,Electronics,85.2,39,0.32,1750,834.0,0.25,0.1724137931034483
CUST_3243,63,Male,China,201.33,10,328,1,Fashion,73.7,80,0.02,702,2013.3,0.1234567901234567,0.0303951367781155
CUST_3645,51,Male,Canada,67.58,9,178,0,Beauty,14.7,55,0.26,661,608.22,0.1607142857142857,0.0502793296089385
CUST_5612,58,Female,Germany,90.67,12,307,0,Beauty,2.4,75,0.48,1541,1088.04,0.1578947368421052,0.0389610389610389
CUST_2865,27,Male,Brazil,114.56,10,221,0,Electronics,1.4,78,0.15,863,1145.6,0.1265822784810126,0.045045045045045
CUST_7028,75,Male,UK,88.25,9,143,1,Fashion,50.95,64,0.45,451,794.25,0.1384615384615384,0.0625
CUST_8326,34,Female,Germany,19.63,12,303,0,Home,62.7,3,0.31,1353,235.56,3.0,0.0394736842105263
CUST_7371,34,Male,Germany,170.16,7,26,0,Home,49.2,8,0.2,510,1191.12,0.7777777777777778,0.2592592592592592
CUST_7359,20,Other,India,99.01,10,160,0,Sports,99.7,79,0.16,1891,990.1,0.125,0.062111801242236
CUST_8863,79,Other,Germany,253.22,12,150,0,Sports,28.7,73,0.31,814,3038.64,0.1621621621621621,0.0794701986754966
CUST_4228,48,Male,China,95.84,10,172,0,Fashion,72.6,16,0.23,1846,958.4,0.5882352941176471,0.0578034682080924
CUST_4719,68,Male,USA,217.32,12,210,0,Sports,38.7,26,0.1,909,2607.84,0.4444444444444444,0.0568720379146919
CUST_3371,18,Female,Germany,82.47,12,355,0,Beauty,9.8,32,0.14,1311,989.64,0.3636363636363636,0.0337078651685393
CUST_3891,29,Female,France,275.49,9,21,0,Electronics,87.7,82,0.34,546,2479.41,0.108433734939759,0.4090909090909091
CUST_4756,56,Male,UK,184.01,9,297,0,Sports,40.0,8,0.18,567,1656.09,1.0,0.0302013422818791
CUST_5225,21,Female,Germany,127.53,12,364,0,Home,91.7,60,0.24,562,1530.36,0.1967213114754098,0.0328767123287671
CUST_1094,59,Male,Australia,118.28,16,32,0,Beauty,93.7,96,0.27,2077,1892.48,0.1649484536082474,0.4848484848484848
CUST_3674,30,Female,USA,205.99,14,108,0,Home,82.0,74,0.22,2146,2883.86,0.1866666666666666,0.128440366972477
CUST_7898,51,Male,Japan,71.5,10,46,0,Sports,2.8,12,0.13,2058,715.0,0.7692307692307693,0.2127659574468085
CUST_1793,59,Male,USA,28.58,11,95,0,Sports,96.6,76,0.38,1769,314.38,0.1428571428571428,0.1145833333333333
CUST_3116,38,Male,Canada,52.8,12,124,0,Beauty,12.4,59,0.4,678,633.5999999999999,0.2,0.096
CUST_6779,39,Other,Japan,73.81,13,334,0,Home,93.1,59,0.08,1152,959.53,0.2166666666666666,0.0388059701492537
CUST_7166,74,Female,India,149.95,17,294,0,Electronics,60.7,74,0.15,600,2549.15,0.2266666666666666,0.0576271186440678
CUST_1814,21,Female,USA,334.42,8,301,0,Electronics,37.7,34,0.47,1641,2675.36,0.2285714285714285,0.0264900662251655
CUST_1345,35,Male,Canada,163.57,9,327,0,Beauty,72.1,30,0.5,1962,1472.13,0.2903225806451613,0.0274390243902439
CUST_9554,22,Male,USA,86.03,16,306,0,Sports,50.7,44,0.38,687,1376.48,0.3555555555555555,0.0521172638436482
CUST_3443,36,Male,Germany,57.42,11,24,0,Beauty,79.4,95,0.1,980,631.62,0.1145833333333333,0.44
CUST_8783,19,Female,Brazil,259.71,6,81,0,Home,51.4,38,0.36,2191,1558.2599999999998,0.1538461538461538,0.073170731707317
CUST_1984,29,Female,Brazil,99.12,8,57,1,Electronics,36.9,25,0.09,1029,792.96,0.3076923076923077,0.1379310344827586
CUST_8790,34,Female,Canada,79.42,11,25,0,Sports,36.1,24,0.2,511,873.62,0.44,0.4230769230769231
CUST_1827,27,Male,USA,87.29,12,296,1,Home,35.4,97,0.34,1762,1047.48,0.1224489795918367,0.0404040404040404
CUST_4531,51,Other,Canada,119.31,6,43,0,Electronics,47.3,61,0.32,1823,715.86,0.0967741935483871,0.1363636363636363
CUST_8147,23,Male,India,86.38,12,84,0,Electronics,11.0,9,0.25,875,1036.56,1.2,0.1411764705882353
CUST_5451,25,Other,Brazil,55.19,11,21,0,Fashion,66.2,89,0.56,513,607.0899999999999,0.1222222222222222,0.5
CUST_4876,78,Male,Australia,93.19,7,225,0,Sports,34.1,84,0.58,972,652.3299999999999,0.0823529411764705,0.0309734513274336
CUST_6959,68,Female,Japan,76.39,9,36,0,Beauty,56.2,48,0.45,500,687.51,0.1836734693877551,0.2432432432432432
CUST_1126,28,Male,China,101.26,4,100,0,Fashion,52.7,81,0.4,1615,405.04,0.048780487804878,0.0396039603960396
CUST_4177,74,Male,Germany,91.79,11,141,0,Electronics,85.7,52,0.27,1024,1009.69,0.2075471698113207,0.0774647887323943
CUST_9795,29,Female,Australia,111.07,12,3,0,Sports,86.2,70,0.24,415,1332.84,0.1690140845070422,3.0
CUST_7024,26,Male,Australia,35.37,8,23,0,Sports,98.9,64,0.37,1474,282.96,0.123076923076923,0.3333333333333333
CUST_6109,19,Male,UK,35.98,10,190,0,Fashion,50.95,36,0.26,2190,359.79999999999995,0.2702702702702703,0.0523560209424083
CUST_5146,25,Female,Australia,85.07,9,320,0,Home,3.4,20,0.33,711,765.6299999999999,0.4285714285714285,0.02803738317757
CUST_8196,75,Female,Japan,335.3,8,321,0,Home,42.5,90,0.15,1213,2682.4,0.0879120879120879,0.0248447204968944
CUST_4368,28,Female,Japan,64.49,10,268,0,Beauty,89.7,50,0.23,1922,644.9,0.196078431372549,0.037174721189591
CUST_4797,77,Male,Germany,86.8,11,26,0,Sports,60.0,12,0.36,1398,954.8,0.8461538461538461,0.4074074074074074
CUST_2792,70,Female,Canada,93.19,5,80,0,Fashion,37.4,7,0.58,1279,465.95,0.625,0.0617283950617283
CUST_6732,53,Female,France,130.02,7,120,0,Electronics,77.2,40,0.14,916,910.14,0.1707317073170731,0.0578512396694214
CUST_4476,27,Male,France,65.9,8,364,0,Home,71.2,94,0.33,1284,527.2,0.0842105263157894,0.021917808219178
CUST_4417,38,Female,USA,36.6,13,68,0,Fashion,50.95,86,0.17,2085,475.8,0.1494252873563218,0.1884057971014492
CUST_2645,37,Male,USA,61.25,4,312,0,Beauty,51.5,42,0.29,1564,245.0,0.0930232558139534,0.0127795527156549
CUST_4030,65,Male,China,59.47,6,71,0,Beauty,53.0,93,0.15,1084,356.82,0.0638297872340425,0.0833333333333333
CUST_3872,25,Male,Japan,145.34,4,245,0,Sports,55.6,86,0.12,824,581.36,0.0459770114942528,0.016260162601626
CUST_4072,53,Male,USA,46.56,11,245,0,Beauty,55.3,88,0.18,1316,512.1600000000001,0.1235955056179775,0.0447154471544715
CUST_2854,46,Female,UK,69.8,9,252,0,Beauty,20.6,67,0.17,1954,628.1999999999999,0.1323529411764706,0.0355731225296442
CUST_5021,59,Female,USA,80.98,14,363,0,Home,24.6,50,0.77,990,1133.72,0.2745098039215686,0.0384615384615384
CUST_5662,29,Other,India,50.87,11,72,0,Home,37.4,41,0.38,777,559.5699999999999,0.2619047619047619,0.1506849315068493
CUST_7514,78,Female,India,44.48,16,273,0,Beauty,85.5,24,0.47,1818,711.68,0.64,0.0583941605839416
CUST_6031,31,Male,UK,71.18,6,15,0,Sports,46.2,90,0.36,1177,427.08,0.0659340659340659,0.375
CUST_3708,65,Female,Australia,81.19,5,178,0,Home,92.6,69,0.29,972,405.95,0.0714285714285714,0.0279329608938547
CUST_8112,71,Female,India,86.56,10,351,0,Home,79.3,13,0.15,651,865.6,0.7142857142857143,0.0284090909090909
CUST_9393,67,Male,France,33.74,8,39,0,Beauty,86.2,86,0.23,2212,269.92,0.0919540229885057,0.2
CUST_4507,38,Female,France,78.54,5,38,0,Sports,13.4,34,0.46,1354,392.7000000000001,0.1428571428571428,0.1282051282051282
CUST_7456,39,Other,India,136.72,11,55,0,Beauty,14.9,3,0.1,1887,1503.92,2.75,0.1964285714285714
CUST_5212,38,Female,USA,151.49,10,232,0,Electronics,23.7,96,0.09,2129,1514.9,0.1030927835051546,0.0429184549356223
CUST_8970,61,Other,China,78.34,9,53,0,Electronics,66.3,88,0.36,2136,705.0600000000001,0.1011235955056179,0.1666666666666666
CUST_9766,67,Male,China,31.91,9,171,0,Sports,47.6,73,0.74,1338,287.19,0.1216216216216216,0.0523255813953488
CUST_1536,47,Male,France,63.1,11,301,0,Electronics,17.0,3,0.67,1649,694.1,2.75,0.0364238410596026
CUST_2625,56,Male,India,156.02,15,188,0,Sports,74.6,86,0.56,1572,2340.3,0.1724137931034483,0.0793650793650793
CUST_8973,37,Female,Australia,52.38,5,42,0,Electronics,50.95,24,0.39,1099,261.90000000000003,0.2,0.1162790697674418
CUST_9577,41,Female,Germany,92.4,10,3,0,Fashion,73.1,74,0.2,1839,924.0,0.1333333333333333,2.5
CUST_9070,40,Other,USA,93.19,11,260,0,Home,50.95,35,0.25,426,1025.09,0.3055555555555556,0.0421455938697318
CUST_9666,24,Male,USA,118.18,16,57,0,Beauty,91.5,20,0.18,519,1890.88,0.7619047619047619,0.2758620689655172
CUST_9609,26,Male,China,28.65,15,36,0,Sports,30.1,44,0.17,805,429.75,0.3333333333333333,0.4054054054054054
CUST_7490,18,Female,India,87.95,14,234,0,Electronics,15.9,76,0.14,1247,1231.3,0.1818181818181818,0.0595744680851063
CUST_4600,43,Female,Canada,99.21,12,264,0,Fashion,43.4,48,0.76,2192,1190.52,0.2448979591836734,0.0452830188679245
CUST_7783,55,Male,Brazil,55.43,9,14,0,Electronics,8.4,43,0.36,2163,498.87,0.2045454545454545,0.6
CUST_5971,55,Female,India,146.17,9,87,0,Fashion,4.4,76,0.17,1302,1315.53,0.1168831168831168,0.1022727272727272
CUST_2205,71,Female,UK,41.55,16,98,0,Beauty,97.8,81,0.37,2018,664.8,0.1951219512195122,0.1616161616161616
CUST_2990,78,Female,India,156.64,8,104,0,Home,97.2,68,0.16,1304,1253.12,0.1159420289855072,0.0761904761904762
CUST_6299,61,Female,USA,95.57,12,216,0,Home,35.2,72,0.27,1677,1146.84,0.1643835616438356,0.0552995391705069
CUST_4572,39,Male,Germany,39.58,10,190,0,Fashion,82.1,71,0.2,1197,395.8,0.1388888888888889,0.0523560209424083
CUST_6975,61,Other,UK,81.74,3,214,0,Electronics,22.3,55,0.67,602,245.22,0.0535714285714285,0.013953488372093
CUST_7320,27,Female,China,51.38,7,197,0,Home,41.7,82,0.39,953,359.66,0.0843373493975903,0.0353535353535353
CUST_5380,72,Male,Japan,41.22,9,104,0,Electronics,72.6,26,0.48,621,370.98,0.3333333333333333,0.0857142857142857
CUST_5757,79,Male,Japan,103.9,6,26,0,Sports,55.1,31,0.12,1152,623.4000000000001,0.1875,0.2222222222222222
CUST_3713,75,Female,Canada,159.46,8,181,0,Electronics,82.1,54,0.36,808,1275.68,0.1454545454545454,0.0439560439560439
CUST_6588,23,Male,China,315.51,7,82,0,Sports,98.0,56,0.22,1212,2208.57,0.1228070175438596,0.0843373493975903
CUST_1966,34,Male,Australia,35.75,9,158,0,Sports,0.9,56,0.49,1189,321.75,0.1578947368421052,0.0566037735849056
CUST_5944,68,Female,France,55.02,8,229,0,Home,92.5,53,0.09,913,440.16,0.1481481481481481,0.0347826086956521
CUST_4432,67,Male,Canada,95.82,7,234,0,Sports,41.3,72,0.18,1115,670.74,0.0958904109589041,0.0297872340425531
CUST_1688,55,Female,Japan,176.33,7,287,0,Electronics,40.8,61,0.24,1224,1234.3100000000002,0.1129032258064516,0.0243055555555555
CUST_5243,41,Male,France,20.63,6,17,0,Beauty,0.1,34,0.09,937,123.78,0.1714285714285714,0.3333333333333333
CUST_4701,68,Female,Australia,61.75,9,283,0,Electronics,83.4,46,0.22,993,555.75,0.1914893617021276,0.0316901408450704
CUST_9533,27,Male,China,62.41,13,70,0,Fashion,75.9,80,0.35,1730,811.3299999999999,0.1604938271604938,0.1830985915492957
CUST_6182,73,Male,France,219.84,10,214,0,Fashion,89.4,84,0.28,1678,2198.4,0.1176470588235294,0.0465116279069767
CUST_7704,25,Male,China,180.23,8,116,1,Electronics,16.7,74,0.15,1091,1441.84,0.1066666666666666,0.0683760683760683
CUST_5422,38,Other,Australia,59.36,9,99,0,Fashion,21.5,50,0.32,1231,534.24,0.1764705882352941,0.09
CUST_2759,73,Female,Brazil,57.62,12,87,0,Beauty,30.4,69,0.33,679,691.4399999999999,0.1714285714285714,0.1363636363636363
CUST_3482,23,Male,UK,59.86,13,347,0,Fashion,53.0,11,0.34,1862,778.18,1.0833333333333333,0.0373563218390804
CUST_9058,38,Female,France,82.5,14,152,0,Home,34.5,86,0.56,1439,1155.0,0.160919540229885,0.0915032679738562
CUST_1951,74,Female,France,86.18,9,294,0,Beauty,30.0,75,0.22,1944,775.6200000000001,0.1184210526315789,0.0305084745762711
CUST_9914,79,Other,China,155.41,10,176,0,Home,18.3,18,0.39,1334,1554.1,0.5263157894736842,0.0564971751412429
CUST_3079,56,Male,China,17.84,11,131,0,Home,15.9,82,0.07,2188,196.24,0.1325301204819277,0.0833333333333333
CUST_3717,41,Female,France,114.3,6,307,0,Beauty,47.3,31,0.23,1710,685.8,0.1875,0.0194805194805194
CUST_5524,50,Male,China,66.7,7,121,0,Home,44.6,84,0.51,529,466.9,0.0823529411764705,0.0573770491803278
CUST_9477,76,Male,Germany,134.5,8,210,0,Fashion,78.5,62,0.26,630,1076.0,0.1269841269841269,0.0379146919431279
CUST_8311,35,Other,Germany,81.0,11,67,0,Electronics,82.4,23,0.28,758,891.0,0.4583333333333333,0.1617647058823529
CUST_8186,73,Female,Brazil,171.92,7,56,0,Beauty,70.1,53,0.17,2213,1203.4399999999998,0.1296296296296296,0.1228070175438596
CUST_3065,45,Male,Brazil,58.3,11,12,0,Electronics,83.1,62,0.1,2007,641.3,0.1746031746031746,0.8461538461538461
CUST_1768,74,Male,Brazil,65.05,14,192,0,Beauty,10.9,74,0.11,1772,910.7,0.1866666666666666,0.0725388601036269
CUST_6490,69,Female,Japan,18.95,6,62,0,Beauty,50.95,17,0.66,1274,113.7,0.3333333333333333,0.0952380952380952
CUST_7645,49,Female,Japan,79.02,7,326,0,Home,28.6,41,0.4,2077,553.14,0.1666666666666666,0.0214067278287461
CUST_6083,29,Male,India,18.07,7,152,0,Electronics,25.2,8,0.43,1486,126.49,0.7777777777777778,0.0457516339869281
CUST_6232,65,Other,Canada,107.1,10,22,0,Fashion,71.3,31,0.09,2048,1071.0,0.3125,0.4347826086956521
CUST_6797,59,Male,UK,93.19,10,29,0,Electronics,83.1,49,0.28,1431,931.9,0.2,0.3333333333333333
CUST_5926,44,Male,Germany,158.91,10,188,0,Beauty,11.5,57,0.21,2061,1589.1,0.1724137931034483,0.0529100529100529
CUST_7016,27,Other,Australia,173.07,5,309,1,Fashion,50.95,48,0.23,603,865.3499999999999,0.1020408163265306,0.0161290322580645
CUST_4335,63,Male,UK,280.64,12,108,0,Home,63.9,53,0.57,576,3367.68,0.2222222222222222,0.110091743119266
CUST_9038,74,Male,UK,184.31,7,352,0,Fashion,14.4,62,0.24,1151,1290.17,0.1111111111111111,0.0198300283286118
CUST_5873,69,Female,Australia,124.26,9,59,0,Fashion,76.8,90,0.26,1435,1118.34,0.0989010989010989,0.15
CUST_2481,59,Female,USA,81.46,15,65,0,Electronics,82.9,50,0.25,437,1221.9,0.2941176470588235,0.2272727272727272
CUST_7305,49,Male,France,93.19,9,165,0,Beauty,52.3,55,0.59,778,838.71,0.1607142857142857,0.0542168674698795
CUST_4451,59,Other,Canada,94.06,8,140,0,Beauty,90.8,9,0.12,1269,752.48,0.8,0.0567375886524822
CUST_1054,43,Female,India,155.14,8,51,0,Beauty,2.0,32,0.13,1465,1241.12,0.2424242424242424,0.1538461538461538
CUST_8643,42,Male,Brazil,287.44,10,179,0,Sports,22.6,87,0.29,1786,2874.4,0.1136363636363636,0.0555555555555555
CUST_4462,28,Female,Australia,54.31,8,31,0,Home,77.3,96,0.35,997,434.48,0.0824742268041237,0.25
CUST_1832,40,Male,Japan,166.55,12,213,0,Electronics,95.7,57,0.15,480,1998.6,0.2068965517241379,0.0560747663551401
CUST_6954,51,Male,Brazil,97.98,11,264,0,Beauty,96.1,5,0.19,449,1077.78,1.8333333333333333,0.0415094339622641
CUST_9519,74,Female,China,157.71,8,16,0,Fashion,0.0,65,0.19,1393,1261.68,0.1212121212121212,0.4705882352941176
CUST_8221,69,Other,Australia,187.31,12,125,0,Sports,63.2,50,0.05,1054,2247.7200000000003,0.2352941176470588,0.0952380952380952
CUST_4310,57,Male,Brazil,39.69,10,81,0,Home,2.7,95,0.2,1779,396.9,0.1041666666666666,0.1219512195121951
CUST_4300,79,Male,France,44.1,11,39,0,Beauty,70.0,63,0.31,1149,485.1,0.171875,0.275
CUST_7722,40,Female,France,126.45,8,103,0,Sports,76.8,95,0.09,1300,1011.6,0.0833333333333333,0.0769230769230769
CUST_8218,46,Male,France,293.23,8,218,0,Home,85.8,58,0.55,1855,2345.84,0.135593220338983,0.0365296803652968
CUST_8776,48,Male,Brazil,159.82,10,181,0,Fashion,52.9,57,0.16,2125,1598.1999999999998,0.1724137931034483,0.0549450549450549
CUST_4675,24,Male,France,52.51,8,155,0,Sports,85.0,9,0.17,1291,420.08,0.8,0.0512820512820512
CUST_4054,57,Female,Germany,104.99,6,177,0,Electronics,92.4,97,0.11,1831,629.9399999999999,0.0612244897959183,0.0337078651685393
CUST_8970,50,Male,Japan,144.24,8,17,0,Home,53.3,99,0.53,1984,1153.92,0.08,0.4444444444444444
CUST_3143,38,Male,India,54.51,20,140,0,Sports,52.4,26,0.31,1890,1090.2,0.7407407407407407,0.1418439716312056
CUST_6207,19,Female,Australia,74.6,9,160,0,Sports,50.6,63,0.07,1777,671.4,0.140625,0.0559006211180124
CUST_3538,35,Female,UK,128.28,13,213,0,Home,50.5,66,0.25,1797,1667.64,0.1940298507462686,0.0607476635514018
CUST_5547,64,Female,Brazil,48.67,9,221,0,Sports,77.5,34,0.07,1571,438.03,0.2571428571428571,0.0405405405405405
CUST_6619,50,Male,Brazil,84.51,20,261,0,Sports,6.7,81,0.41,856,1690.2,0.2439024390243902,0.0763358778625954
CUST_9356,54,Female,Japan,64.96,13,44,0,Home,45.2,6,0.46,1926,844.4799999999999,1.8571428571428568,0.2888888888888888
CUST_7612,51,Male,USA,125.09,7,186,0,Fashion,52.4,62,0.38,2085,875.63,0.1111111111111111,0.0374331550802139
CUST_6005,37,Male,Canada,77.33,13,353,0,Electronics,21.4,95,0.05,1892,1005.29,0.1354166666666666,0.0367231638418079
CUST_1822,52,Female,China,52.56,9,240,0,Home,54.1,92,0.39,1485,473.04,0.0967741935483871,0.0373443983402489
CUST_1943,68,Male,Australia,65.66,10,224,0,Beauty,45.6,85,0.27,1511,656.5999999999999,0.1162790697674418,0.0444444444444444
CUST_7150,67,Male,USA,149.66,12,333,0,Sports,73.8,75,0.25,788,1795.92,0.1578947368421052,0.0359281437125748
CUST_5425,78,Male,China,138.07,6,47,0,Electronics,35.3,41,0.26,1719,828.42,0.1428571428571428,0.125
CUST_9966,71,Male,Canada,110.49,11,110,0,Electronics,95.0,54,0.43,1242,1215.39,0.2,0.0990990990990991
CUST_3198,35,Male,UK,97.22,15,82,0,Home,41.4,36,0.42,2061,1458.3,0.4054054054054054,0.180722891566265
CUST_5242,63,Other,Brazil,98.49,5,103,0,Beauty,63.1,91,0.35,1877,492.45,0.0543478260869565,0.048076923076923
CUST_4695,79,Male,France,71.65,10,73,0,Beauty,22.2,84,0.01,730,716.5,0.1176470588235294,0.1351351351351351
CUST_4452,41,Male,Japan,108.22,1,54,0,Fashion,68.9,84,0.25,1416,108.22,0.0117647058823529,0.0181818181818181
CUST_2308,25,Male,Australia,99.86,10,316,0,Beauty,51.4,2,0.43,809,998.6,3.333333333333333,0.0315457413249211
CUST_5177,78,Other,Japan,73.72,15,1,0,Home,34.2,27,0.29,1853,1105.8,0.5357142857142857,7.5
CUST_9705,47,Female,India,175.76,10,241,0,Electronics,34.8,18,0.12,758,1757.6,0.5263157894736842,0.0413223140495867
CUST_7852,61,Male,UK,132.92,10,257,1,Electronics,37.5,77,0.36,621,1329.1999999999998,0.1282051282051282,0.0387596899224806
CUST_7035,70,Female,India,79.06,9,331,0,Beauty,43.7,82,0.44,2108,711.54,0.108433734939759,0.0271084337349397
CUST_4594,27,Male,Canada,121.17,11,9,0,Sports,24.8,11,0.15,649,1332.87,0.9166666666666666,1.1
CUST_5841,40,Male,Canada,93.19,6,75,0,Fashion,27.7,78,0.17,1642,559.14,0.0759493670886076,0.0789473684210526
CUST_2409,69,Male,Germany,207.63,10,257,0,Beauty,50.95,44,0.34,1600,2076.3,0.2222222222222222,0.0387596899224806
CUST_5566,66,Male,Canada,143.69,5,120,0,Home,30.1,4,0.3,856,718.45,1.0,0.0413223140495867
CUST_5491,28,Male,USA,215.98,12,320,0,Fashion,62.7,77,0.32,1524,2591.76,0.1538461538461538,0.0373831775700934
CUST_2555,19,Female,USA,30.59,12,214,0,Beauty,34.5,83,0.41,2111,367.08,0.1428571428571428,0.055813953488372
CUST_1804,75,Male,France,188.13,9,244,0,Fashion,81.1,43,0.37,1452,1693.17,0.2045454545454545,0.036734693877551
CUST_2279,43,Female,Brazil,138.69,10,336,0,Sports,69.6,39,0.37,840,1386.9,0.25,0.029673590504451
CUST_8083,53,Male,Japan,55.03,13,179,0,Home,32.8,59,0.05,1368,715.39,0.2166666666666666,0.0722222222222222
CUST_6986,50,Male,Brazil,70.88,7,340,0,Beauty,71.7,25,0.4,785,496.16,0.2692307692307692,0.0205278592375366
CUST_6619,64,Male,Brazil,50.93,11,299,0,Electronics,75.7,79,0.04,621,560.23,0.1375,0.0366666666666666
CUST_2387,30,Other,USA,57.82,13,289,0,Home,13.8,84,0.45,731,751.66,0.1529411764705882,0.0448275862068965
CUST_3679,57,Male,Japan,253.38,14,72,0,Sports,57.8,81,0.24,2132,3547.32,0.1707317073170731,0.1917808219178082
CUST_3106,42,Female,France,43.76,5,208,0,Sports,80.8,55,0.26,920,218.8,0.0892857142857142,0.0239234449760765
CUST_9173,21,Male,UK,132.9,17,240,0,Electronics,5.0,65,0.31,1615,2259.3,0.2575757575757575,0.0705394190871369
CUST_5223,59,Male,Germany,64.76,13,361,0,Home,50.8,93,0.26,469,841.8800000000001,0.1382978723404255,0.0359116022099447
CUST_5831,36,Male,USA,67.47,10,172,0,Beauty,84.0,83,0.27,2147,674.7,0.119047619047619,0.0578034682080924
CUST_3768,35,Male,India,32.96,12,4,0,Electronics,95.3,94,0.61,1595,395.52,0.1263157894736842,2.4
CUST_4186,54,Male,Germany,39.18,8,216,0,Beauty,65.6,25,0.26,1709,313.44,0.3076923076923077,0.0368663594470046
CUST_3573,47,Male,UK,151.34,11,213,0,Fashion,32.8,92,0.58,1319,1664.74,0.1182795698924731,0.0514018691588785
CUST_3599,36,Female,Canada,220.53,15,324,0,Beauty,60.5,37,0.38,1404,3307.95,0.3947368421052631,0.0461538461538461
CUST_5033,75,Male,Brazil,90.0,16,309,0,Fashion,2.7,75,0.28,1062,1440.0,0.2105263157894736,0.0516129032258064
CUST_9428,40,Female,Australia,39.14,12,37,0,Beauty,45.6,80,0.09,1816,469.68,0.1481481481481481,0.3157894736842105
CUST_2304,76,Male,France,80.53,13,60,1,Fashion,72.7,82,0.16,1086,1046.89,0.1566265060240964,0.2131147540983606
CUST_8368,71,Female,Brazil,84.86,12,94,0,Home,3.6,54,0.21,1540,1018.32,0.2181818181818181,0.1263157894736842
CUST_6877,33,Female,Canada,195.69,6,232,0,Sports,60.3,73,0.42,514,1174.14,0.081081081081081,0.0257510729613733
CUST_2301,18,Male,UK,132.83,9,276,0,Home,58.8,28,0.2,2160,1195.47,0.3103448275862069,0.0324909747292418
CUST_3541,29,Male,India,182.49,10,35,0,Electronics,19.0,91,0.45,436,1824.9,0.108695652173913,0.2777777777777778
CUST_3051,41,Female,France,144.67,9,0,0,Home,56.9,52,0.51,1423,1302.03,0.1698113207547169,9.0
CUST_7809,51,Female,France,93.19,10,149,0,Home,40.9,64,0.14,1453,931.9,0.1538461538461538,0.0666666666666666
CUST_9633,70,Male,UK,45.25,7,214,0,Sports,47.9,38,0.3,2206,316.75,0.1794871794871795,0.0325581395348837
CUST_9996,74,Male,Germany,39.24,12,45,0,Home,32.5,44,0.18,528,470.88,0.2666666666666666,0.2608695652173913
CUST_1074,25,Female,China,272.03,9,64,0,Electronics,81.0,87,0.08,721,2448.2699999999995,0.1022727272727272,0.1384615384615384
CUST_7981,35,Male,Brazil,123.18,12,5,0,Home,36.6,62,0.3,2218,1478.16,0.1904761904761904,2.0
CUST_6475,74,Female,Germany,72.33,8,80,0,Home,79.1,86,0.17,1869,578.64,0.0919540229885057,0.0987654320987654
CUST_9232,65,Male,USA,102.06,10,188,0,Home,7.7,68,0.46,1131,1020.6,0.144927536231884,0.0529100529100529
CUST_8184,22,Male,UK,158.34,18,150,0,Home,50.95,96,0.52,1156,2850.12,0.1855670103092783,0.119205298013245
CUST_6796,43,Female,USA,47.41,6,147,0,Sports,40.3,88,0.2,1493,284.46,0.0674157303370786,0.0405405405405405
CUST_8141,47,Female,India,101.16,13,27,0,Sports,40.5,38,0.33,1733,1315.08,0.3333333333333333,0.4642857142857143
CUST_2622,71,Male,Germany,161.48,6,164,0,Electronics,44.1,50,0.19,992,968.88,0.1176470588235294,0.0363636363636363
CUST_9041,30,Female,Australia,118.03,9,134,0,Electronics,65.2,61,0.12,1310,1062.27,0.1451612903225806,0.0666666666666666
CUST_1341,36,Female,China,79.87,15,253,0,Electronics,57.4,28,0.13,1056,1198.0500000000002,0.5172413793103449,0.0590551181102362
CUST_3074,46,Female,UK,95.91,8,304,0,Home,52.1,70,0.28,2035,767.28,0.1126760563380281,0.0262295081967213
CUST_8992,20,Male,UK,244.25,8,211,0,Beauty,83.8,97,0.17,1733,1954.0,0.0816326530612244,0.0377358490566037
CUST_1645,43,Female,China,37.31,7,279,0,Home,19.6,31,0.23,1443,261.17,0.21875,0.025
CUST_5263,57,Female,France,25.05,13,79,0,Beauty,86.0,57,0.15,1902,325.65000000000003,0.2241379310344827,0.1625
CUST_9801,76,Female,Canada,93.19,4,268,0,Electronics,81.1,10,0.17,589,372.76,0.3636363636363636,0.0148698884758364
CUST_7136,75,Female,India,171.02,7,347,1,Home,19.6,12,0.33,732,1197.14,0.5384615384615384,0.0201149425287356
CUST_9646,75,Male,Germany,94.42,12,14,0,Electronics,62.4,7,0.26,609,1133.04,1.5,0.8
CUST_3969,29,Female,UK,22.75,9,86,0,Sports,22.3,88,0.65,1714,204.75,0.1011235955056179,0.1034482758620689
CUST_4028,19,Female,UK,168.78,11,222,0,Electronics,94.3,28,0.47,1131,1856.58,0.3793103448275862,0.0493273542600896
CUST_8643,28,Male,China,206.84,8,324,0,Home,49.3,75,0.54,931,1654.72,0.1052631578947368,0.0246153846153846
CUST_3681,61,Male,Australia,66.57,7,90,0,Sports,20.4,96,0.32,2200,465.99,0.0721649484536082,0.0769230769230769
CUST_4629,45,Male,China,103.26,10,315,0,Sports,63.6,20,0.4,982,1032.6,0.4761904761904761,0.0316455696202531
CUST_5225,35,Female,China,28.44,13,265,0,Beauty,70.7,92,0.15,1952,369.72,0.1397849462365591,0.0488721804511278
CUST_4067,30,Male,Brazil,35.76,15,306,0,Fashion,60.5,65,0.17,1831,536.4,0.2272727272727272,0.0488599348534201
CUST_6941,54,Female,Germany,117.18,3,319,0,Sports,24.2,27,0.39,1274,351.54,0.1071428571428571,0.009375
CUST_2386,39,Other,France,254.95,10,105,0,Fashion,73.5,16,0.14,1942,2549.5,0.5882352941176471,0.0943396226415094
CUST_3866,29,Female,China,144.01,11,252,0,Electronics,50.95,36,0.12,1987,1584.11,0.2972972972972973,0.0434782608695652
CUST_5788,19,Other,Australia,57.14,9,198,0,Electronics,95.2,70,0.24,909,514.26,0.1267605633802817,0.0452261306532663
CUST_6490,54,Other,France,164.11,8,55,0,Sports,67.9,10,0.09,725,1312.88,0.7272727272727273,0.1428571428571428
CUST_5124,24,Male,Japan,23.38,18,238,0,Beauty,84.0,44,0.17,1300,420.84,0.4,0.0753138075313807
CUST_9340,43,Female,Germany,10.66,13,346,0,Electronics,97.9,19,0.14,509,138.58,0.65,0.0374639769452449
CUST_4850,43,Male,UK,85.38,9,340,0,Fashion,4.3,74,0.08,1181,768.42,0.12,0.0263929618768328
CUST_6415,41,Female,Japan,236.24,6,362,0,Sports,47.7,90,0.31,1890,1417.44,0.0659340659340659,0.0165289256198347
CUST_8679,29,Male,France,287.42,4,217,0,Sports,29.1,98,0.15,2063,1149.68,0.0404040404040404,0.018348623853211
CUST_7819,33,Other,France,45.87,14,211,0,Beauty,47.5,65,0.18,1960,642.18,0.2121212121212121,0.0660377358490566
CUST_9378,40,Female,Germany,93.19,7,188,0,Sports,91.7,74,0.23,1484,652.3299999999999,0.0933333333333333,0.037037037037037
CUST_2333,57,Female,Canada,21.41,10,334,0,Home,98.3,62,0.52,1921,214.1,0.1587301587301587,0.0298507462686567
CUST_5150,79,Male,Brazil,123.36,6,364,0,Fashion,90.5,33,0.67,1442,740.16,0.1764705882352941,0.0164383561643835
CUST_7766,77,Male,UK,14.76,5,101,0,Home,19.7,90,0.14,425,73.8,0.0549450549450549,0.0490196078431372
CUST_3711,26,Female,Japan,67.18,15,142,0,Home,80.3,98,0.3,2055,1007.7,0.1515151515151515,0.1048951048951049
CUST_5853,49,Male,China,121.17,15,284,0,Fashion,81.8,37,0.28,488,1817.55,0.3947368421052631,0.0526315789473684
CUST_7212,32,Female,India,67.59,7,69,0,Sports,57.9,13,0.37,2125,473.13,0.5,0.1
CUST_8479,54,Male,Canada,164.55,9,335,0,Sports,71.5,94,0.34,475,1480.95,0.0947368421052631,0.0267857142857142
CUST_6408,30,Female,UK,185.33,11,64,0,Home,90.5,88,0.38,576,2038.63,0.1235955056179775,0.1692307692307692
CUST_8715,22,Male,India,50.13,11,197,0,Fashion,99.4,98,0.36,1255,551.4300000000001,0.1111111111111111,0.0555555555555555
CUST_9942,28,Female,Brazil,103.98,15,15,0,Electronics,4.0,37,0.18,1245,1559.7,0.3947368421052631,0.9375
CUST_2762,27,Female,India,321.93,13,309,0,Fashion,25.7,19,0.11,1044,4185.09,0.65,0.0419354838709677
CUST_8101,69,Male,China,220.29,14,352,0,Home,93.5,66,0.52,467,3084.06,0.208955223880597,0.0396600566572237
CUST_8674,30,Male,India,57.95,9,262,0,Fashion,32.9,30,0.43,2077,521.5500000000001,0.2903225806451613,0.0342205323193916
CUST_7122,58,Male,Canada,35.47,5,59,0,Fashion,10.6,86,0.08,862,177.35,0.057471264367816,0.0833333333333333
CUST_1481,70,Female,USA,60.11,10,9,0,Electronics,31.3,32,0.16,1020,601.1,0.303030303030303,1.0
CUST_1153,63,Female,Canada,144.01,16,308,0,Beauty,51.8,33,0.42,1001,2304.16,0.4705882352941176,0.0517799352750809
CUST_8617,67,Female,China,46.73,13,7,0,Beauty,38.6,40,0.32,2233,607.49,0.3170731707317073,1.625
CUST_2524,32,Female,Japan,299.23,10,340,0,Electronics,78.8,15,0.06,1847,2992.3,0.625,0.0293255131964809
CUST_3120,59,Male,USA,40.69,3,89,0,Fashion,61.1,70,0.29,1439,122.07,0.0422535211267605,0.0333333333333333
CUST_3343,73,Male,Brazil,103.07,13,36,0,Home,43.5,80,0.04,1137,1339.91,0.1604938271604938,0.3513513513513513
CUST_6136,24,Male,Canada,37.48,10,83,0,Electronics,99.7,85,0.26,1762,374.8,0.1162790697674418,0.119047619047619
CUST_6760,57,Male,USA,26.32,10,233,0,Beauty,88.6,98,0.31,1872,263.2,0.101010101010101,0.0427350427350427
CUST_2240,45,Other,France,175.58,12,249,0,Beauty,50.95,38,0.07,806,2106.96,0.3076923076923077,0.048
CUST_1060,49,Female,Canada,129.04,19,239,0,Electronics,56.7,99,0.32,2200,2451.76,0.19,0.0791666666666666
CUST_2639,52,Male,USA,119.97,8,103,0,Fashion,78.0,97,0.24,608,959.76,0.0816326530612244,0.0769230769230769
CUST_7185,32,Female,Germany,35.67,12,210,0,Sports,33.6,8,0.47,2059,428.04,1.3333333333333333,0.0568720379146919
CUST_8970,65,Female,Japan,167.41,11,224,0,Home,33.0,76,0.17,1121,1841.51,0.1428571428571428,0.0488888888888888
CUST_2252,53,Male,UK,72.65,8,278,0,Sports,89.2,39,0.27,413,581.2,0.2,0.028673835125448
CUST_5203,38,Male,India,236.51,7,165,0,Home,59.7,60,0.34,684,1655.57,0.1147540983606557,0.0421686746987951
CUST_9363,23,Male,USA,155.21,6,300,0,Sports,34.4,60,0.42,1082,931.26,0.0983606557377049,0.0199335548172757
CUST_4549,18,Female,UK,78.73,14,45,0,Sports,84.5,56,0.18,1761,1102.22,0.2456140350877192,0.3043478260869565
CUST_5197,21,Other,Canada,113.44,9,1,0,Home,44.3,18,0.17,2180,1020.96,0.4736842105263157,4.5
CUST_8009,28,Female,UK,104.46,11,175,0,Home,40.0,48,0.15,655,1149.06,0.2244897959183673,0.0625
CUST_7667,61,Male,France,142.28,7,272,0,Beauty,2.6,21,0.41,1013,995.96,0.3181818181818182,0.0256410256410256
CUST_3322,43,Male,Australia,67.75,9,117,0,Fashion,67.9,56,0.25,2003,609.75,0.1578947368421052,0.0762711864406779
CUST_5090,78,Female,Australia,155.13,8,271,0,Fashion,53.3,91,0.01,1330,1241.04,0.0869565217391304,0.0294117647058823
CUST_7960,54,Female,Japan,50.05,4,172,0,Beauty,31.2,12,0.54,890,200.2,0.3076923076923077,0.0231213872832369
CUST_4004,40,Female,USA,101.23,14,303,0,Sports,13.9,6,0.51,1101,1417.22,2.0,0.0460526315789473
CUST_6136,46,Female,France,193.83,10,151,0,Home,18.2,31,0.14,1884,1938.3,0.3125,0.0657894736842105
CUST_1329,38,Male,India,131.38,9,350,0,Electronics,22.5,98,0.51,1100,1182.42,0.0909090909090909,0.0256410256410256
CUST_4640,65,Female,Brazil,74.87,15,192,0,Sports,86.5,71,0.15,1619,1123.0500000000002,0.2083333333333333,0.077720207253886
CUST_8982,62,Female,China,123.46,8,91,0,Fashion,48.1,61,0.4,953,987.68,0.1290322580645161,0.0869565217391304
CUST_5107,62,Male,Japan,85.48,7,160,0,Home,69.5,95,0.18,2118,598.36,0.0729166666666666,0.0434782608695652
CUST_2341,66,Female,China,69.95,16,105,0,Beauty,46.1,68,0.23,1907,1119.2,0.2318840579710145,0.1509433962264151
CUST_9407,44,Male,Australia,45.37,16,228,0,Sports,47.4,57,0.18,1169,725.92,0.2758620689655172,0.0698689956331877
CUST_1338,56,Male,Germany,228.59,6,102,0,Electronics,82.2,61,0.1,2073,1371.54,0.0967741935483871,0.058252427184466
CUST_6895,57,Male,Brazil,75.77,10,131,0,Sports,77.1,17,0.27,455,757.6999999999999,0.5555555555555556,0.0757575757575757
CUST_3708,30,Male,Brazil,68.51,9,256,0,Beauty,23.2,29,0.11,2179,616.59,0.3,0.0350194552529182
CUST_2750,40,Male,China,127.65,9,288,0,Electronics,62.6,67,0.1,567,1148.85,0.1323529411764706,0.0311418685121107
CUST_6604,76,Male,Germany,108.52,5,100,0,Sports,68.0,59,0.36,472,542.6,0.0833333333333333,0.0495049504950495
CUST_3421,33,Female,Canada,151.25,14,300,0,Beauty,40.5,88,0.43,1893,2117.5,0.1573033707865168,0.0465116279069767
CUST_8119,47,Female,UK,117.71,8,20,0,Sports,6.8,3,0.14,2126,941.68,2.0,0.3809523809523809
CUST_9901,78,Male,Japan,85.4,6,248,0,Home,37.1,27,0.14,1582,512.4000000000001,0.2142857142857142,0.0240963855421686
CUST_6319,21,Male,France,82.89,10,191,0,Sports,35.8,1,0.2,467,828.9,5.0,0.0520833333333333
CUST_7609,57,Female,Brazil,234.77,7,72,0,Beauty,69.1,79,0.32,2139,1643.39,0.0875,0.0958904109589041
CUST_6387,33,Male,China,49.53,13,312,0,Fashion,81.0,78,0.18,1667,643.89,0.1645569620253164,0.0415335463258785
CUST_4993,48,Male,UK,185.46,11,167,0,Beauty,39.6,4,0.48,1644,2040.06,2.2,0.0654761904761904
CUST_9680,70,Female,Australia,93.19,10,61,0,Sports,64.6,4,0.35,875,931.9,2.0,0.1612903225806451
CUST_9044,59,Female,France,63.47,11,170,0,Home,64.3,89,0.32,1647,698.17,0.1222222222222222,0.0643274853801169
CUST_9238,42,Female,China,49.74,6,120,0,Fashion,64.8,75,0.2,1135,298.44,0.0789473684210526,0.0495867768595041
CUST_5873,61,Female,Japan,109.85,13,215,0,Beauty,55.4,33,0.27,1937,1428.05,0.3823529411764705,0.0601851851851851
CUST_5806,29,Male,India,67.24,9,173,0,Fashion,62.9,11,0.48,1469,605.16,0.75,0.0517241379310344
CUST_9592,43,Female,Brazil,93.19,14,23,0,Home,86.8,76,0.19,1672,1304.66,0.1818181818181818,0.5833333333333334
CUST_6913,54,Male,Australia,39.59,9,137,0,Electronics,92.2,79,0.53,1121,356.31000000000006,0.1125,0.0652173913043478
CUST_8124,65,Male,Japan,47.78,15,98,0,Fashion,9.2,57,0.27,1680,716.7,0.2586206896551724,0.1515151515151515
CUST_4157,50,Male,USA,61.27,13,323,0,Beauty,1.2,26,0.31,1243,796.51,0.4814814814814814,0.0401234567901234
CUST_1390,45,Female,Australia,41.11,10,56,0,Home,50.95,88,0.24,952,411.1,0.1123595505617977,0.175438596491228
CUST_5430,26,Male,France,185.57,7,246,0,Beauty,41.3,26,0.14,1870,1298.99,0.2592592592592592,0.0283400809716599
CUST_9820,29,Other,USA,84.28,8,171,0,Home,45.1,54,0.04,1993,674.24,0.1454545454545454,0.0465116279069767
CUST_8686,22,Female,Australia,66.91,9,200,0,Beauty,45.9,27,0.15,1882,602.1899999999999,0.3214285714285714,0.044776119402985
CUST_5232,71,Female,China,45.93,5,330,0,Home,89.5,91,0.4,981,229.65,0.0543478260869565,0.0151057401812688
CUST_9007,69,Female,India,208.98,10,106,0,Sports,63.7,54,0.8,776,2089.8,0.1818181818181818,0.0934579439252336
CUST_2521,71,Female,UK,79.79,7,47,0,Beauty,44.2,2,0.14,1755,558.5300000000001,2.333333333333333,0.1458333333333333
CUST_2500,45,Female,India,93.19,8,332,0,Home,45.5,87,0.41,1581,745.52,0.0909090909090909,0.024024024024024
CUST_7737,73,Male,India,41.69,7,285,0,Electronics,84.5,9,0.03,1835,291.83,0.7,0.0244755244755244
CUST_4294,52,Female,China,48.95,5,45,0,Home,21.7,72,0.19,2219,244.75,0.0684931506849315,0.108695652173913
CUST_6085,22,Female,Germany,99.31,10,119,0,Electronics,1.5,64,0.38,1840,993.1,0.1538461538461538,0.0833333333333333
CUST_3419,51,Other,Australia,49.05,13,59,0,Fashion,47.8,65,0.36,2074,637.65,0.1969696969696969,0.2166666666666666
CUST_4042,63,Female,UK,45.97,18,146,0,Home,96.0,21,0.25,1039,827.46,0.8181818181818182,0.1224489795918367
CUST_5497,51,Female,Canada,93.19,13,103,0,Fashion,81.4,26,0.25,2197,1211.47,0.4814814814814814,0.125
CUST_2466,30,Female,China,168.37,11,67,0,Fashion,40.8,15,0.1,456,1852.07,0.6875,0.1617647058823529
CUST_4561,56,Female,Germany,69.06,5,161,0,Sports,17.5,43,0.19,1447,345.3,0.1136363636363636,0.0308641975308641
CUST_1614,59,Female,China,23.39,15,214,0,Home,57.0,89,0.15,1120,350.85,0.1666666666666666,0.0697674418604651
CUST_6392,62,Male,Germany,23.89,9,117,0,Sports,88.0,39,0.68,490,215.01,0.225,0.0762711864406779
CUST_8693,65,Female,India,93.19,17,236,0,Sports,71.7,16,0.35,1777,1584.23,1.0,0.0717299578059071
CUST_4223,75,Other,Brazil,130.64,8,217,0,Fashion,50.95,35,0.31,1200,1045.12,0.2222222222222222,0.036697247706422
CUST_8138,31,Female,Brazil,64.75,6,123,0,Beauty,73.5,23,0.13,1123,388.5,0.25,0.0483870967741935
CUST_3667,28,Female,USA,93.19,9,116,0,Fashion,96.5,12,0.31,1933,838.71,0.6923076923076923,0.0769230769230769
CUST_8980,59,Male,Canada,95.52,10,262,0,Fashion,55.3,56,0.27,719,955.2,0.175438596491228,0.0380228136882129
CUST_1130,55,Female,UK,53.6,9,337,1,Electronics,55.5,52,0.33,806,482.4,0.1698113207547169,0.0266272189349112
CUST_3983,21,Female,Germany,47.09,6,169,0,Beauty,47.9,19,0.42,472,282.54,0.3,0.0352941176470588
CUST_5278,70,Female,Australia,199.42,14,195,0,Fashion,56.7,98,0.21,1144,2791.88,0.1414141414141414,0.0714285714285714
CUST_8126,50,Male,India,67.4,8,308,0,Beauty,63.5,62,0.19,1459,539.2,0.1269841269841269,0.0258899676375404
CUST_9230,24,Female,France,93.19,6,149,0,Electronics,20.4,8,0.16,912,559.14,0.6666666666666666,0.04
CUST_8694,73,Female,Australia,64.66,7,245,0,Beauty,56.8,87,0.25,1003,452.62,0.0795454545454545,0.0284552845528455
CUST_7640,58,Male,Australia,39.91,7,281,0,Home,1.3,11,0.21,1252,279.37,0.5833333333333334,0.0248226950354609
CUST_6468,25,Male,Germany,166.67,5,190,0,Electronics,93.8,43,0.21,457,833.3499999999999,0.1136363636363636,0.0261780104712041
CUST_1920,54,Male,UK,102.43,8,173,0,Beauty,3.8,98,0.81,2103,819.44,0.0808080808080808,0.0459770114942528
CUST_8564,68,Female,India,165.09,12,80,0,Sports,95.8,69,0.33,1913,1981.08,0.1714285714285714,0.1481481481481481
CUST_9684,27,Male,India,194.66,10,171,0,Beauty,96.9,37,0.33,1590,1946.6,0.2631578947368421,0.0581395348837209
CUST_9502,60,Male,UK,93.19,12,163,0,Electronics,52.7,25,0.27,534,1118.28,0.4615384615384615,0.073170731707317
CUST_9930,74,Female,Brazil,161.21,6,296,0,Sports,33.2,88,0.11,2193,967.26,0.0674157303370786,0.0202020202020202
CUST_4241,32,Male,Japan,87.72,5,110,0,Beauty,18.5,24,0.06,532,438.6,0.2,0.045045045045045
CUST_1545,55,Male,USA,68.56,6,206,0,Beauty,16.2,34,0.32,1924,411.36,0.1714285714285714,0.0289855072463768
CUST_5346,32,Female,China,142.87,9,337,0,Electronics,23.8,82,0.15,1158,1285.83,0.108433734939759,0.0266272189349112
CUST_4810,22,Female,USA,93.19,10,69,0,Sports,47.6,12,0.2,1741,931.9,0.7692307692307693,0.1428571428571428
CUST_8206,46,Female,Brazil,107.54,10,97,0,Sports,74.3,42,0.46,2210,1075.4,0.2325581395348837,0.1020408163265306
CUST_3032,36,Male,Germany,34.59,10,4,1,Beauty,39.9,79,0.37,628,345.90000000000003,0.125,2.0
CUST_9436,71,Female,Germany,89.35,7,184,0,Home,50.95,12,0.37,750,625.4499999999999,0.5384615384615384,0.0378378378378378
CUST_1271,68,Female,Canada,239.41,8,203,0,Electronics,56.5,29,0.36,1793,1915.28,0.2666666666666666,0.0392156862745098
CUST_4511,27,Male,USA,244.06,9,11,0,Electronics,1.9,93,0.46,1926,2196.54,0.0957446808510638,0.75
CUST_2771,29,Male,USA,182.62,17,238,0,Fashion,13.2,20,0.2,1628,3104.54,0.8095238095238095,0.0711297071129707
CUST_5361,71,Male,China,159.44,7,330,0,Sports,57.2,79,0.27,1799,1116.08,0.0875,0.0211480362537764
CUST_8069,21,Male,Germany,106.62,7,279,0,Sports,16.1,3,0.3,2083,746.34,1.75,0.025
CUST_1920,48,Female,Australia,59.02,8,114,0,Fashion,60.8,80,0.72,1173,472.16,0.0987654320987654,0.0695652173913043
CUST_9190,35,Female,USA,132.35,7,209,0,Beauty,50.95,61,0.24,951,926.45,0.1129032258064516,0.0333333333333333
CUST_4430,33,Male,China,60.2,6,318,0,Beauty,69.0,83,0.19,1075,361.2000000000001,0.0714285714285714,0.018808777429467
CUST_5435,57,Male,UK,27.79,8,132,0,Electronics,29.1,71,0.09,1989,222.32,0.1111111111111111,0.0601503759398496
CUST_4760,53,Male,France,398.16,10,222,0,Beauty,82.2,22,0.32,916,3981.6,0.4347826086956521,0.0448430493273542
CUST_3050,42,Female,UK,122.13,13,344,0,Home,38.9,79,0.4,1881,1587.69,0.1625,0.0376811594202898
CUST_2165,40,Male,China,234.83,10,180,0,Home,79.7,73,0.1,631,2348.3,0.1351351351351351,0.0552486187845303
CUST_9567,29,Female,Australia,70.27,12,27,1,Home,1.9,17,0.29,961,843.24,0.6666666666666666,0.4285714285714285
CUST_3033,51,Male,Canada,233.86,14,192,0,Fashion,39.3,97,0.14,914,3274.04,0.1428571428571428,0.0725388601036269
CUST_7467,53,Female,Germany,90.38,4,300,0,Home,22.0,2,0.27,499,361.52,1.3333333333333333,0.0132890365448504
CUST_1145,54,Female,Canada,137.6,10,255,0,Fashion,44.4,7,0.19,655,1376.0,1.25,0.0390625
CUST_5388,20,Male,Canada,63.31,11,110,0,Electronics,94.7,95,0.41,819,696.4100000000001,0.1145833333333333,0.0990990990990991
CUST_8832,26,Female,China,44.8,11,193,0,Electronics,15.9,14,0.25,1720,492.8,0.7333333333333333,0.056701030927835
CUST_9623,78,Other,Germany,125.43,12,123,0,Home,8.8,4,0.51,1760,1505.16,2.4,0.0967741935483871
CUST_9896,70,Male,India,343.49,9,90,0,Fashion,5.8,45,0.3,682,3091.41,0.1956521739130435,0.0989010989010989
CUST_9173,35,Female,France,231.03,9,135,0,Home,12.3,63,0.12,1019,2079.27,0.140625,0.0661764705882353
CUST_3632,60,Male,USA,77.87,12,282,0,Beauty,6.2,10,0.75,1072,934.44,1.0909090909090908,0.0424028268551236
CUST_5494,52,Female,Canada,62.58,7,228,0,Fashion,68.5,45,0.23,761,438.06,0.1521739130434782,0.0305676855895196
CUST_9056,79,Male,UK,128.3,11,144,0,Fashion,11.7,86,0.13,2073,1411.3000000000002,0.1264367816091954,0.0758620689655172
CUST_8511,74,Other,India,242.07,10,241,0,Fashion,19.7,88,0.26,1567,2420.7,0.1123595505617977,0.0413223140495867
CUST_2828,72,Female,India,93.19,11,30,0,Fashion,64.6,44,0.22,1354,1025.09,0.2444444444444444,0.3548387096774194
CUST_5805,51,Female,Australia,122.11,10,260,0,Beauty,44.6,55,0.48,2174,1221.1,0.1785714285714285,0.0383141762452107
CUST_1806,58,Female,Canada,93.79,6,59,0,Home,5.5,18,0.39,429,562.74,0.3157894736842105,0.1
CUST_8486,31,Female,Canada,82.46,12,88,0,Electronics,97.1,11,0.22,1143,989.52,1.0,0.1348314606741573
CUST_9202,21,Male,Japan,114.9,4,100,0,Sports,60.0,54,0.31,650,459.6,0.0727272727272727,0.0396039603960396
CUST_2868,46,Female,China,107.61,8,297,0,Sports,61.4,1,0.49,1627,860.88,4.0,0.0268456375838926
CUST_8878,58,Other,Australia,86.23,9,278,0,Fashion,85.3,53,0.32,748,776.07,0.1666666666666666,0.032258064516129
CUST_6690,62,Female,India,43.96,11,120,0,Fashion,90.9,96,0.43,659,483.56,0.1134020618556701,0.0909090909090909
CUST_8827,67,Other,India,216.95,16,242,0,Electronics,5.7,80,0.18,483,3471.2,0.1975308641975308,0.0658436213991769
CUST_6429,32,Female,Japan,211.83,13,364,0,Sports,6.8,78,0.22,553,2753.79,0.1645569620253164,0.0356164383561643
CUST_4564,45,Female,USA,32.94,16,76,0,Fashion,77.7,33,0.35,1293,527.04,0.4705882352941176,0.2077922077922078
CUST_2389,59,Female,Brazil,83.14,11,272,0,Beauty,69.6,7,0.36,1093,914.54,1.375,0.0402930402930402
CUST_8274,33,Male,UK,40.08,8,57,0,Sports,21.7,83,0.29,2093,320.64,0.0952380952380952,0.1379310344827586
CUST_1824,29,Male,Brazil,97.17,14,246,0,Beauty,32.1,25,0.44,428,1360.38,0.5384615384615384,0.0566801619433198
CUST_3265,69,Male,Canada,73.61,10,95,0,Electronics,61.1,69,0.44,1241,736.1,0.1428571428571428,0.1041666666666666
CUST_1936,22,Female,Germany,157.46,14,44,0,Electronics,78.9,49,0.31,784,2204.44,0.28,0.3111111111111111
CUST_7402,51,Male,Australia,53.61,5,290,0,Sports,60.3,74,0.33,500,268.05,0.0666666666666666,0.0171821305841924
CUST_4845,59,Male,Canada,184.22,5,257,0,Home,79.2,4,0.31,529,921.1,1.0,0.0193798449612403
CUST_2796,18,Other,USA,82.14,9,302,0,Sports,22.9,24,0.09,513,739.26,0.36,0.0297029702970297
CUST_9245,56,Male,Brazil,100.87,10,258,0,Beauty,33.1,46,0.14,787,1008.7,0.2127659574468085,0.0386100386100386
CUST_8214,49,Female,Canada,51.17,12,245,0,Home,10.2,70,0.22,1245,614.04,0.1690140845070422,0.048780487804878
CUST_1726,43,Male,UK,49.47,14,239,0,Beauty,98.5,12,0.28,1525,692.5799999999999,1.0769230769230769,0.0583333333333333
CUST_3736,34,Male,India,93.19,12,127,0,Beauty,80.9,62,0.37,545,1118.28,0.1904761904761904,0.09375
CUST_2913,65,Female,China,169.99,8,201,0,Beauty,71.6,84,0.17,818,1359.92,0.0941176470588235,0.0396039603960396
CUST_8657,76,Female,France,39.61,15,275,0,Fashion,19.5,90,0.21,780,594.15,0.1648351648351648,0.0543478260869565
CUST_3466,44,Female,Canada,51.68,7,206,0,Home,69.9,76,0.42,1787,361.76,0.0909090909090909,0.0338164251207729
CUST_8312,41,Male,USA,89.76,9,39,0,Fashion,86.2,62,0.37,704,807.84,0.1428571428571428,0.225
CUST_9194,52,Female,Australia,41.7,8,364,0,Fashion,81.0,97,0.83,606,333.6,0.0816326530612244,0.021917808219178
CUST_8906,63,Male,Germany,153.5,10,320,0,Beauty,75.5,62,0.16,1411,1535.0,0.1587301587301587,0.0311526479750778
CUST_5876,59,Male,UK,122.62,9,345,0,Electronics,38.7,76,0.18,1435,1103.58,0.1168831168831168,0.0260115606936416
CUST_8287,71,Male,Japan,73.37,10,318,0,Sports,76.7,58,0.12,697,733.7,0.1694915254237288,0.0313479623824451
CUST_1892,56,Male,USA,183.71,11,55,0,Electronics,48.5,38,0.42,784,2020.81,0.282051282051282,0.1964285714285714
CUST_5675,43,Male,Brazil,40.38,8,159,0,Beauty,40.5,68,0.13,848,323.04,0.1159420289855072,0.05
CUST_2933,66,Male,China,37.24,11,321,0,Sports,96.5,17,0.2,2026,409.64,0.6111111111111112,0.0341614906832298
CUST_2380,79,Other,Brazil,125.27,12,95,0,Sports,14.7,10,0.12,1025,1503.24,1.0909090909090908,0.125
CUST_2290,55,Male,India,40.36,8,115,0,Beauty,50.95,83,0.58,1402,322.88,0.0952380952380952,0.0689655172413793
CUST_2640,40,Male,China,67.09,11,211,0,Fashion,32.2,43,0.15,506,737.99,0.25,0.0518867924528301
CUST_8490,39,Male,Brazil,367.38,11,86,0,Sports,51.6,33,0.7,1821,4041.18,0.3235294117647059,0.1264367816091954
CUST_2218,21,Female,Australia,118.74,5,306,0,Sports,36.3,37,0.43,1286,593.6999999999999,0.131578947368421,0.01628664495114
CUST_6016,66,Male,Brazil,107.25,12,267,0,Sports,50.3,28,0.18,831,1287.0,0.4137931034482758,0.044776119402985
CUST_7881,76,Female,UK,526.84,8,43,0,Sports,81.8,46,0.05,1428,4214.72,0.1702127659574468,0.1818181818181818
CUST_1954,26,Other,UK,253.08,9,82,0,Home,18.3,2,0.48,1733,2277.7200000000003,3.0,0.108433734939759
CUST_8291,21,Male,France,88.65,20,210,0,Fashion,75.5,46,0.64,985,1773.0,0.425531914893617,0.0947867298578199
CUST_1974,24,Female,Brazil,143.66,15,345,0,Home,44.6,38,0.28,908,2154.9,0.3846153846153846,0.0433526011560693
CUST_5133,40,Male,Australia,58.42,9,8,0,Home,93.5,38,0.45,1722,525.78,0.2307692307692307,1.0
CUST_6370,19,Female,Australia,90.87,13,156,0,Beauty,54.7,21,0.36,674,1181.31,0.5909090909090909,0.0828025477707006
CUST_4972,66,Male,Canada,147.07,10,347,0,Fashion,4.1,23,0.24,1326,1470.6999999999998,0.4166666666666667,0.028735632183908
CUST_6295,41,Male,Germany,64.69,9,188,0,Electronics,91.0,33,0.2,1628,582.21,0.2647058823529412,0.0476190476190476
CUST_9228,57,Male,China,48.46,8,319,0,Fashion,92.4,90,0.32,1461,387.68,0.0879120879120879,0.025
CUST_4020,72,Female,USA,168.95,10,130,0,Electronics,18.0,43,0.21,640,1689.5,0.2272727272727272,0.0763358778625954
CUST_9987,79,Male,Japan,98.4,7,214,0,Sports,97.3,94,0.3,1229,688.8000000000001,0.0736842105263157,0.0325581395348837
CUST_5036,48,Male,China,63.62,12,114,0,Electronics,44.6,68,0.43,761,763.4399999999999,0.1739130434782608,0.1043478260869565
CUST_6068,64,Female,China,111.87,7,122,0,Electronics,91.4,70,0.18,753,783.09,0.0985915492957746,0.056910569105691
CUST_6233,48,Female,India,56.06,9,357,0,Electronics,36.4,98,0.34,1903,504.54,0.0909090909090909,0.0251396648044692
CUST_1317,64,Female,China,97.52,10,332,0,Sports,2.3,64,0.24,1876,975.2,0.1538461538461538,0.03003003003003
CUST_3396,57,Male,India,106.36,13,318,0,Sports,79.5,84,0.55,1726,1382.68,0.1529411764705882,0.0407523510971786
CUST_3162,65,Female,Canada,36.81,12,363,0,Home,88.6,64,0.55,927,441.72,0.1846153846153846,0.0329670329670329
CUST_3745,68,Female,Germany,222.59,12,191,0,Electronics,16.3,37,0.2,852,2671.08,0.3157894736842105,0.0625
CUST_2591,60,Male,Australia,93.19,13,147,0,Fashion,55.4,79,0.15,1960,1211.47,0.1625,0.0878378378378378
CUST_7183,51,Female,France,166.06,9,27,0,Beauty,83.2,23,0.13,1028,1494.54,0.375,0.3214285714285714
CUST_4930,72,Male,Australia,51.57,13,123,0,Home,46.2,73,0.25,2139,670.41,0.1756756756756756,0.1048387096774193
CUST_2312,41,Other,Brazil,156.54,12,76,0,Electronics,78.8,34,0.22,1660,1878.48,0.3428571428571428,0.1558441558441558
CUST_5311,66,Male,Japan,127.9,11,74,0,Home,63.8,34,0.13,1704,1406.9,0.3142857142857143,0.1466666666666666
CUST_8314,77,Female,Germany,58.95,6,357,0,Electronics,72.1,27,0.46,2201,353.70000000000005,0.2142857142857142,0.0167597765363128
CUST_3383,43,Male,Germany,44.69,10,185,0,Electronics,91.9,80,0.53,1828,446.9,0.1234567901234567,0.053763440860215
CUST_4239,33,Other,Canada,116.95,9,38,0,Home,41.7,4,0.38,1411,1052.55,1.8,0.2307692307692307
CUST_3139,74,Male,Japan,101.62,8,233,1,Electronics,77.1,92,0.17,2159,812.96,0.086021505376344,0.0341880341880341
CUST_2704,64,Other,Brazil,71.69,12,247,0,Electronics,71.3,81,0.13,812,860.28,0.1463414634146341,0.0483870967741935
CUST_7924,30,Other,Brazil,230.03,8,328,0,Beauty,43.9,76,0.28,455,1840.24,0.1038961038961039,0.0243161094224924
CUST_1362,32,Male,France,105.5,7,130,0,Fashion,38.1,69,0.06,592,738.5,0.1,0.0534351145038167
CUST_3604,44,Female,USA,89.64,8,4,0,Sports,88.1,99,0.27,1419,717.12,0.08,1.6
CUST_5286,21,Other,Australia,63.36,8,347,0,Beauty,20.5,94,0.14,1796,506.88,0.0842105263157894,0.0229885057471264
CUST_4738,33,Male,China,230.17,10,258,0,Sports,31.9,63,0.18,552,2301.7,0.15625,0.0386100386100386
CUST_3469,47,Male,Japan,189.35,13,244,0,Sports,97.4,78,0.18,865,2461.55,0.1645569620253164,0.0530612244897959
CUST_5795,61,Female,Brazil,49.79,13,349,0,Fashion,27.7,14,0.14,1539,647.27,0.8666666666666667,0.0371428571428571
CUST_7150,47,Male,Brazil,135.23,14,77,0,Beauty,87.2,66,0.46,851,1893.22,0.208955223880597,0.1794871794871795
CUST_1556,53,Male,USA,130.18,5,335,0,Electronics,37.1,28,0.59,1327,650.9000000000001,0.1724137931034483,0.0148809523809523
CUST_3808,20,Male,Germany,133.81,13,114,0,Fashion,55.1,21,0.07,722,1739.53,0.5909090909090909,0.1130434782608695
CUST_6150,39,Male,Brazil,114.4,12,3,0,Electronics,39.8,79,0.19,1089,1372.8000000000002,0.15,3.0
CUST_8561,66,Male,France,21.75,13,130,0,Electronics,22.1,87,0.19,955,282.75,0.1477272727272727,0.099236641221374
CUST_3719,39,Male,Brazil,73.83,9,226,0,Electronics,69.1,10,0.52,2048,664.47,0.8181818181818182,0.039647577092511
CUST_7506,67,Female,Brazil,141.49,11,127,0,Electronics,96.7,26,0.26,614,1556.39,0.4074074074074074,0.0859375
CUST_4741,74,Female,USA,85.46,9,8,0,Beauty,89.3,35,0.47,961,769.14,0.25,1.0
CUST_4998,67,Male,France,28.74,8,323,0,Sports,98.5,34,0.53,1416,229.92,0.2285714285714285,0.0246913580246913
CUST_3403,72,Female,UK,143.3,8,117,0,Sports,69.1,2,0.24,1565,1146.4,2.6666666666666665,0.0677966101694915
CUST_9780,77,Female,India,104.58,10,343,0,Beauty,3.4,95,0.35,838,1045.8,0.1041666666666666,0.0290697674418604
CUST_1294,66,Other,USA,131.35,6,187,0,Sports,55.4,43,0.33,1955,788.0999999999999,0.1363636363636363,0.0319148936170212
CUST_6343,29,Male,Germany,93.19,6,138,0,Fashion,50.95,44,0.25,2176,559.14,0.1333333333333333,0.0431654676258992
CUST_2136,72,Male,Germany,120.81,12,124,0,Electronics,12.0,44,0.31,885,1449.72,0.2666666666666666,0.096
CUST_3064,38,Other,Japan,238.56,9,222,0,Electronics,82.8,43,0.35,1832,2147.04,0.2045454545454545,0.0403587443946188
CUST_8009,73,Other,USA,153.63,11,327,0,Electronics,73.0,52,0.04,2237,1689.9299999999998,0.2075471698113207,0.0335365853658536
CUST_5543,21,Female,Canada,304.66,8,305,0,Home,44.8,5,0.27,1759,2437.28,1.3333333333333333,0.0261437908496732
CUST_2007,48,Female,USA,115.36,14,258,0,Fashion,29.2,19,0.18,757,1615.04,0.7,0.054054054054054
CUST_6445,61,Male,UK,62.89,15,66,0,Home,22.2,30,0.12,671,943.35,0.4838709677419355,0.2238805970149253
CUST_6352,48,Female,Brazil,102.57,12,84,0,Beauty,96.4,49,0.28,2000,1230.84,0.24,0.1411764705882353
CUST_2435,75,Male,USA,103.8,12,61,0,Home,80.2,63,0.16,576,1245.6,0.1875,0.1935483870967742
CUST_1571,40,Male,Canada,55.78,11,13,0,Sports,69.3,81,0.29,1543,613.58,0.1341463414634146,0.7857142857142857
CUST_3382,71,Female,China,71.46,14,121,0,Sports,94.8,29,0.17,1321,1000.44,0.4666666666666667,0.1147540983606557
CUST_6084,70,Male,Canada,93.19,9,278,0,Fashion,20.4,76,0.33,2083,838.71,0.1168831168831168,0.032258064516129
CUST_1277,37,Female,Germany,143.79,12,122,0,Home,85.8,72,0.59,780,1725.48,0.1643835616438356,0.0975609756097561
CUST_8059,32,Other,UK,173.19,9,76,0,Home,58.3,79,0.06,582,1558.71,0.1125,0.1168831168831168
CUST_2887,40,Male,Brazil,73.58,11,271,0,Electronics,93.3,53,0.78,1681,809.38,0.2037037037037037,0.0404411764705882
CUST_2265,45,Other,Canada,269.05,12,145,0,Fashion,66.1,98,0.16,799,3228.6000000000004,0.1212121212121212,0.0821917808219178
CUST_8491,33,Other,UK,69.2,10,268,0,Electronics,74.2,28,0.42,1521,692.0,0.3448275862068966,0.037174721189591
CUST_2040,54,Female,China,18.73,11,55,0,Fashion,22.2,85,0.1,896,206.03,0.127906976744186,0.1964285714285714
CUST_9073,38,Male,France,253.43,17,217,0,Fashion,34.5,53,0.66,691,4308.31,0.3148148148148148,0.0779816513761468
CUST_3752,32,Male,France,29.71,13,172,0,Home,30.2,17,0.1,778,386.23,0.7222222222222222,0.0751445086705202
CUST_9213,34,Male,France,208.73,9,39,0,Electronics,69.4,82,0.66,2044,1878.57,0.108433734939759,0.225
CUST_5569,67,Male,China,126.58,12,358,0,Beauty,41.1,24,0.51,914,1518.96,0.48,0.0334261838440111
CUST_7353,54,Male,Brazil,180.0,14,158,0,Electronics,86.0,88,0.5,1894,2520.0,0.1573033707865168,0.0880503144654088
CUST_3353,30,Other,India,359.85,9,359,0,Beauty,21.3,76,0.21,1494,3238.65,0.1168831168831168,0.025
CUST_8437,36,Male,India,32.53,13,31,0,Sports,79.6,65,0.34,1946,422.89,0.1969696969696969,0.40625
CUST_5799,47,Female,UK,118.52,8,247,0,Fashion,81.3,36,0.22,2005,948.16,0.2162162162162162,0.032258064516129
CUST_1686,62,Male,France,123.97,13,128,0,Electronics,62.8,32,0.19,1763,1611.61,0.3939393939393939,0.1007751937984496
CUST_9476,35,Female,Germany,57.07,5,290,0,Fashion,14.8,69,0.34,1435,285.35,0.0714285714285714,0.0171821305841924
CUST_5811,31,Other,Brazil,95.94,8,35,0,Electronics,32.7,26,0.07,1881,767.52,0.2962962962962963,0.2222222222222222
CUST_9954,79,Male,India,119.44,6,347,0,Sports,39.8,56,0.1,965,716.64,0.1052631578947368,0.0172413793103448
CUST_6346,53,Male,USA,55.2,9,65,0,Electronics,46.5,67,0.36,1721,496.8,0.1323529411764706,0.1363636363636363
CUST_6043,53,Female,Japan,18.69,12,284,0,Sports,73.7,33,0.08,470,224.28000000000003,0.3529411764705882,0.0421052631578947
CUST_3428,37,Female,Australia,123.51,13,156,0,Fashion,33.8,39,0.28,493,1605.63,0.325,0.0828025477707006
CUST_6126,69,Female,China,16.34,6,42,0,Home,1.8,84,0.48,1691,98.04,0.0705882352941176,0.1395348837209302
CUST_9220,36,Male,China,40.05,10,274,0,Beauty,86.6,58,0.28,657,400.5,0.1694915254237288,0.0363636363636363
CUST_8813,62,Male,India,125.22,15,120,0,Fashion,43.2,12,0.12,1919,1878.3,1.1538461538461535,0.1239669421487603
CUST_4356,61,Other,China,137.66,13,191,0,Home,28.3,84,0.37,567,1789.58,0.1529411764705882,0.0677083333333333
CUST_9707,24,Other,France,226.74,11,353,0,Fashion,50.95,81,0.33,873,2494.1400000000003,0.1341463414634146,0.0310734463276836
CUST_8266,74,Female,Australia,135.01,7,30,0,Fashion,87.9,43,0.21,1782,945.07,0.1590909090909091,0.2258064516129032
CUST_7540,61,Female,Germany,186.14,8,356,0,Electronics,50.95,72,0.15,744,1489.12,0.1095890410958904,0.0224089635854341
CUST_1038,70,Female,USA,71.07,12,18,0,Sports,35.4,13,0.27,1732,852.8399999999999,0.8571428571428571,0.631578947368421
CUST_4342,21,Male,UK,141.45,8,284,0,Sports,23.1,73,0.66,636,1131.6,0.1081081081081081,0.0280701754385964
CUST_3844,76,Male,Australia,37.56,11,72,0,Electronics,71.3,83,0.32,1161,413.16,0.1309523809523809,0.1506849315068493
CUST_2098,51,Male,Germany,102.64,10,75,0,Electronics,5.7,90,0.28,1538,1026.4,0.1098901098901098,0.131578947368421
CUST_8027,19,Female,China,120.9,7,187,0,Fashion,39.1,5,0.41,1320,846.3000000000001,1.1666666666666667,0.0372340425531914
CUST_2823,22,Male,India,184.5,9,178,0,Sports,75.9,45,0.29,1404,1660.5,0.1956521739130435,0.0502793296089385
CUST_4155,72,Male,Canada,29.5,9,337,0,Fashion,58.5,89,0.29,549,265.5,0.1,0.0266272189349112
CUST_4093,27,Female,UK,124.32,6,305,0,Home,73.4,5,0.37,1229,745.92,1.0,0.0196078431372549
CUST_6658,49,Female,Brazil,55.1,14,136,0,Home,57.3,23,0.26,1521,771.4,0.5833333333333334,0.1021897810218978
CUST_4778,59,Female,Japan,81.61,6,161,0,Electronics,24.0,35,0.38,1005,489.66,0.1666666666666666,0.037037037037037
CUST_3896,58,Other,India,88.37,13,289,0,Sports,48.3,96,0.25,598,1148.81,0.134020618556701,0.0448275862068965
CUST_1988,30,Male,China,283.57,10,46,0,Home,77.3,54,0.32,1720,2835.7,0.1818181818181818,0.2127659574468085
CUST_5116,56,Female,India,134.16,13,23,0,Sports,23.0,49,0.41,1761,1744.08,0.26,0.5416666666666666
CUST_7446,22,Female,France,85.44,4,335,0,Sports,96.3,70,0.25,2187,341.76,0.056338028169014,0.0119047619047619
CUST_5179,75,Female,China,68.13,9,283,0,Beauty,20.3,78,0.12,2161,613.17,0.1139240506329113,0.0316901408450704
CUST_2682,27,Male,India,56.45,15,173,0,Home,1.4,93,0.06,2198,846.75,0.1595744680851064,0.0862068965517241
CUST_6626,27,Male,Australia,60.73,11,306,0,Home,77.8,37,0.46,1724,668.03,0.2894736842105263,0.0358306188925081
CUST_8424,55,Female,Australia,139.02,9,261,0,Fashion,92.8,22,0.47,1929,1251.18,0.391304347826087,0.0343511450381679
CUST_1933,44,Female,USA,65.63,3,229,0,Fashion,24.7,84,0.3,2015,196.89,0.0352941176470588,0.0130434782608695
CUST_4598,77,Female,USA,18.03,13,190,0,Sports,15.5,8,0.6,1315,234.39,1.4444444444444444,0.0680628272251308
CUST_2980,68,Female,UK,31.24,10,117,0,Electronics,22.4,91,0.25,1528,312.4,0.108695652173913,0.0847457627118644
CUST_4056,38,Female,India,113.19,5,52,0,Fashion,62.8,57,0.44,1834,565.95,0.0862068965517241,0.0943396226415094
CUST_9984,25,Female,USA,35.24,7,191,0,Fashion,57.9,71,0.56,1093,246.68,0.0972222222222222,0.0364583333333333
CUST_1791,18,Female,France,57.56,12,59,0,Sports,50.95,60,0.23,2022,690.72,0.1967213114754098,0.2
CUST_6390,45,Male,Germany,149.34,12,10,0,Home,0.8,55,0.56,2193,1792.08,0.2142857142857142,1.0909090909090908
CUST_7635,66,Female,USA,93.21,3,259,0,Fashion,15.7,34,0.19,651,279.63,0.0857142857142857,0.0115384615384615
CUST_3255,56,Female,India,34.87,14,269,0,Electronics,24.3,41,0.52,1997,488.18,0.3333333333333333,0.0518518518518518
CUST_4610,31,Male,Australia,172.89,8,140,0,Sports,69.7,28,0.28,830,1383.12,0.2758620689655172,0.0567375886524822
CUST_2607,38,Male,Japan,119.08,11,142,0,Home,60.9,31,0.64,865,1309.88,0.34375,0.0769230769230769
CUST_6179,47,Male,Canada,29.09,9,112,0,Beauty,62.4,21,0.37,1791,261.81,0.4090909090909091,0.079646017699115
CUST_7573,38,Other,Brazil,23.68,14,263,0,Electronics,57.1,74,0.13,1458,331.52,0.1866666666666666,0.053030303030303
CUST_1984,66,Male,USA,182.37,14,343,0,Home,74.5,51,0.06,1635,2553.1800000000003,0.2692307692307692,0.0406976744186046
CUST_6776,26,Female,Brazil,67.73,7,10,0,Sports,94.2,36,0.57,994,474.11,0.1891891891891892,0.6363636363636364
CUST_4676,34,Male,Canada,67.6,12,98,0,Beauty,67.4,77,0.21,1998,811.1999999999999,0.1538461538461538,0.1212121212121212
CUST_4380,22,Male,UK,70.41,13,22,0,Electronics,74.5,26,0.64,1729,915.33,0.4814814814814814,0.5652173913043478
CUST_9711,75,Female,Australia,97.73,17,238,0,Fashion,50.95,98,0.51,580,1661.41,0.1717171717171717,0.0711297071129707
CUST_9782,74,Male,Australia,42.45,7,108,0,Fashion,79.8,19,0.05,1629,297.15000000000003,0.35,0.0642201834862385
CUST_2050,79,Female,Canada,105.95,13,262,0,Electronics,94.3,6,0.31,1575,1377.35,1.8571428571428568,0.0494296577946768
CUST_4633,48,Female,India,32.35,5,324,0,Fashion,60.5,48,0.1,611,161.75,0.1020408163265306,0.0153846153846153
CUST_7342,69,Female,Brazil,163.27,8,159,0,Sports,18.1,15,0.15,1574,1306.16,0.5,0.05
CUST_1959,78,Male,Brazil,54.24,6,219,0,Electronics,77.0,49,0.37,1356,325.44,0.12,0.0272727272727272
CUST_7059,57,Female,Canada,92.75,11,171,0,Electronics,65.1,18,0.25,1811,1020.25,0.5789473684210527,0.063953488372093
CUST_9884,55,Female,Brazil,48.37,13,93,0,Fashion,93.4,84,0.08,1840,628.81,0.1529411764705882,0.1382978723404255
CUST_6655,60,Female,India,157.37,8,121,0,Electronics,27.2,65,0.34,2217,1258.96,0.1212121212121212,0.0655737704918032
CUST_5473,36,Female,Australia,45.11,4,299,0,Beauty,97.0,22,0.4,1876,180.44,0.1739130434782608,0.0133333333333333
CUST_3946,53,Female,UK,74.45,9,196,0,Electronics,55.2,60,0.46,1401,670.0500000000001,0.1475409836065573,0.0456852791878172
CUST_8725,67,Other,France,132.27,8,50,0,Fashion,50.95,36,0.17,1801,1058.16,0.2162162162162162,0.1568627450980392
CUST_1526,50,Female,Australia,101.7,9,316,0,Fashion,78.4,82,0.5,2132,915.3,0.108433734939759,0.028391167192429
CUST_4224,30,Male,Germany,22.69,8,306,0,Fashion,86.6,10,0.33,1302,181.52,0.7272727272727273,0.0260586319218241
CUST_2875,31,Male,Germany,113.36,13,19,0,Fashion,32.4,20,0.18,1839,1473.68,0.6190476190476191,0.65
CUST_2763,73,Male,Australia,134.67,12,29,0,Sports,21.9,70,0.14,698,1616.04,0.1690140845070422,0.4
CUST_9712,50,Male,India,57.35,11,299,0,Fashion,62.4,61,0.28,1711,630.85,0.1774193548387097,0.0366666666666666
CUST_6797,79,Male,France,143.75,8,85,0,Beauty,37.4,59,0.33,685,1150.0,0.1333333333333333,0.0930232558139534
CUST_8099,46,Male,UK,25.26,13,229,0,Electronics,98.6,22,0.27,657,328.38,0.5652173913043478,0.0565217391304347
CUST_6109,60,Female,Brazil,27.08,12,156,0,Home,49.5,68,0.24,2002,324.96,0.1739130434782608,0.0764331210191082
CUST_7644,66,Male,Germany,60.66,8,180,0,Home,11.0,4,0.41,1329,485.28,1.6,0.0441988950276243
CUST_1116,53,Female,Germany,62.27,9,111,0,Sports,49.9,83,0.51,1313,560.4300000000001,0.1071428571428571,0.0803571428571428
CUST_3433,75,Male,Germany,140.68,14,138,0,Home,53.5,29,0.18,1070,1969.52,0.4666666666666667,0.1007194244604316
CUST_6463,61,Male,China,26.41,10,9,0,Fashion,0.5,58,0.03,1152,264.1,0.1694915254237288,1.0
CUST_1583,27,Male,India,79.33,7,290,0,Home,24.5,58,0.21,756,555.31,0.1186440677966101,0.0240549828178694
CUST_9586,48,Male,Australia,145.14,8,237,0,Beauty,0.1,54,0.19,1758,1161.12,0.1454545454545454,0.0336134453781512
CUST_4788,23,Female,France,52.46,9,131,0,Fashion,56.1,28,0.16,2094,472.14,0.3103448275862069,0.0681818181818181
CUST_5167,74,Female,Australia,200.85,5,329,0,Home,29.2,77,0.38,2063,1004.25,0.0641025641025641,0.0151515151515151
CUST_9465,18,Male,China,108.94,8,184,0,Fashion,17.3,39,0.06,617,871.52,0.2,0.0432432432432432
CUST_2389,24,Female,Germany,42.66,10,294,0,Sports,83.9,57,0.31,546,426.6,0.1724137931034483,0.0338983050847457
CUST_9357,75,Female,Canada,194.08,9,207,0,Beauty,3.0,64,0.36,1149,1746.72,0.1384615384615384,0.0432692307692307
CUST_7154,44,Female,China,129.59,10,249,0,Electronics,69.2,92,0.37,1218,1295.9,0.1075268817204301,0.04
CUST_6420,38,Female,India,128.28,5,349,0,Fashion,57.3,30,0.15,2200,641.4,0.1612903225806451,0.0142857142857142
CUST_9920,45,Female,UK,110.13,8,322,0,Beauty,77.2,86,0.25,1886,881.04,0.0919540229885057,0.0247678018575851
CUST_3043,33,Female,Brazil,56.89,9,88,0,Sports,13.2,50,0.52,2053,512.01,0.1764705882352941,0.1011235955056179
CUST_5197,73,Female,Japan,145.11,9,357,0,Sports,87.2,54,0.54,1805,1305.9900000000002,0.1636363636363636,0.0251396648044692
CUST_4496,63,Male,France,36.83,10,361,0,Beauty,32.2,23,0.18,737,368.3,0.4166666666666667,0.0276243093922651
CUST_1778,40,Male,China,33.9,7,35,0,Home,0.9,18,0.17,689,237.3,0.3684210526315789,0.1944444444444444
CUST_1213,69,Other,UK,87.84,11,3,0,Beauty,65.7,81,0.43,797,966.24,0.1341463414634146,2.75
CUST_4762,37,Female,Japan,70.14,8,233,0,Home,85.9,54,0.11,1480,561.12,0.1454545454545454,0.0341880341880341
CUST_7731,55,Female,UK,139.79,12,329,0,Home,35.4,95,0.14,1207,1677.48,0.125,0.0363636363636363
CUST_4117,71,Female,Australia,92.67,6,268,0,Beauty,52.8,28,0.15,764,556.02,0.2068965517241379,0.0223048327137546
CUST_6791,42,Male,Australia,136.48,17,69,0,Sports,41.2,8,0.25,1920,2320.16,1.8888888888888888,0.2428571428571428
CUST_9783,45,Female,Germany,119.82,9,6,0,Electronics,4.2,32,0.48,813,1078.38,0.2727272727272727,1.2857142857142858
CUST_3720,22,Female,USA,65.21,10,155,0,Electronics,75.3,6,0.47,1067,652.0999999999999,1.4285714285714286,0.0641025641025641
CUST_9905,73,Male,Brazil,64.18,9,292,0,Beauty,94.1,72,0.59,1396,577.6200000000001,0.1232876712328767,0.030716723549488
CUST_7047,38,Female,India,154.08,11,285,0,Fashion,42.0,86,0.11,797,1694.88,0.1264367816091954,0.0384615384615384
CUST_9032,35,Female,India,42.81,18,359,0,Beauty,14.4,40,0.2,1292,770.58,0.4390243902439024,0.05
CUST_1001,64,Male,Germany,112.85,9,73,0,Electronics,50.5,51,0.37,1569,1015.65,0.173076923076923,0.1216216216216216
CUST_7368,23,Female,Australia,87.75,11,11,0,Beauty,90.5,47,0.62,2114,965.25,0.2291666666666666,0.9166666666666666
CUST_2949,74,Male,Germany,99.98,9,336,0,Sports,60.6,95,0.35,807,899.82,0.09375,0.0267062314540059
CUST_7732,46,Female,Canada,93.79,10,111,0,Electronics,21.2,70,0.24,452,937.9,0.1408450704225352,0.0892857142857142
CUST_8833,36,Male,China,155.9,14,29,0,Electronics,55.3,68,0.15,1276,2182.6,0.2028985507246377,0.4666666666666667
CUST_1917,50,Female,China,61.85,8,35,0,Electronics,32.7,7,0.36,430,494.8,1.0,0.2222222222222222
CUST_4174,18,Female,France,58.62,9,343,0,Sports,2.4,98,0.07,684,527.5799999999999,0.0909090909090909,0.0261627906976744
CUST_8014,62,Male,Australia,86.54,4,229,0,Electronics,91.4,27,0.07,676,346.16,0.1428571428571428,0.017391304347826
CUST_1089,20,Other,USA,86.08,11,276,0,Fashion,79.4,66,0.28,850,946.88,0.1641791044776119,0.03971119133574
CUST_2709,59,Other,Canada,72.4,11,105,0,Electronics,92.4,54,0.45,2070,796.4000000000001,0.2,0.1037735849056603
CUST_4041,38,Male,Canada,99.52,16,287,0,Beauty,68.3,14,0.43,2041,1592.32,1.0666666666666669,0.0555555555555555
CUST_1105,52,Male,Australia,82.1,9,249,0,Fashion,45.0,93,0.08,743,738.9,0.0957446808510638,0.036
CUST_9619,58,Other,China,97.44,8,62,0,Home,49.3,22,0.18,929,779.52,0.3478260869565217,0.1269841269841269
CUST_2895,57,Other,Japan,365.38,10,43,0,Electronics,20.5,69,0.25,516,3653.8,0.1428571428571428,0.2272727272727272
CUST_7090,20,Male,China,73.87,10,148,0,Home,38.6,56,0.21,1496,738.7,0.175438596491228,0.0671140939597315
CUST_9508,42,Male,France,137.2,5,45,0,Home,16.4,82,0.64,1866,686.0,0.0602409638554216,0.108695652173913
CUST_7082,62,Male,France,87.27,10,174,0,Sports,47.3,60,0.57,2236,872.6999999999999,0.1639344262295081,0.0571428571428571
CUST_1634,55,Other,Australia,118.01,15,153,0,Beauty,64.6,51,0.37,784,1770.15,0.2884615384615384,0.0974025974025974
CUST_2925,62,Male,Brazil,219.73,17,260,0,Beauty,25.7,16,0.19,2122,3735.41,1.0,0.0651340996168582
CUST_3056,72,Female,Brazil,107.18,11,132,0,Home,94.4,6,0.45,689,1178.98,1.5714285714285714,0.0827067669172932
CUST_7917,37,Female,USA,55.77,11,286,0,Sports,64.7,1,0.27,645,613.47,5.5,0.0383275261324041
CUST_4144,69,Male,Brazil,174.38,16,155,0,Fashion,22.0,12,0.28,559,2790.08,1.2307692307692308,0.1025641025641025
CUST_1552,61,Female,UK,69.28,9,332,0,Electronics,16.7,24,0.1,1012,623.52,0.36,0.027027027027027
CUST_9907,62,Male,UK,71.53,7,240,0,Fashion,17.0,75,0.57,429,500.71,0.0921052631578947,0.0290456431535269
CUST_6383,51,Female,India,186.26,5,330,0,Electronics,97.4,43,0.07,1951,931.3,0.1136363636363636,0.0151057401812688
CUST_4911,38,Male,UK,135.31,5,126,0,Home,23.7,34,0.4,1603,676.55,0.1428571428571428,0.0393700787401574
CUST_4389,73,Female,Japan,102.71,10,192,0,Sports,16.8,93,0.2,1021,1027.1,0.1063829787234042,0.0518134715025906
CUST_9442,72,Female,Japan,159.37,9,268,0,Sports,16.4,96,0.21,424,1434.33,0.0927835051546391,0.0334572490706319
CUST_3430,65,Male,Japan,37.18,16,121,0,Beauty,34.4,57,0.28,600,594.88,0.2758620689655172,0.1311475409836065
CUST_1458,40,Male,UK,100.26,7,145,0,Beauty,61.5,21,0.28,2061,701.82,0.3181818181818182,0.047945205479452
CUST_1207,23,Male,USA,36.42,8,151,0,Fashion,7.9,40,0.3,1612,291.36,0.1951219512195122,0.0526315789473684
CUST_1899,68,Male,China,229.17,10,156,0,Beauty,15.9,33,0.07,1818,2291.7,0.2941176470588235,0.0636942675159235
CUST_1021,70,Female,Australia,88.24,7,155,0,Electronics,97.6,33,0.66,2142,617.68,0.2058823529411764,0.0448717948717948
CUST_9601,30,Female,Germany,93.19,11,101,0,Sports,61.8,28,0.31,1803,1025.09,0.3793103448275862,0.1078431372549019
CUST_1894,66,Female,India,54.4,6,339,0,Sports,14.0,65,0.15,1983,326.4,0.0909090909090909,0.0176470588235294
CUST_1514,40,Female,France,72.33,8,251,0,Home,55.0,76,0.2,1510,578.64,0.1038961038961039,0.0317460317460317
CUST_8294,26,Female,Canada,51.02,6,266,0,Home,24.1,46,0.05,810,306.12,0.1276595744680851,0.0224719101123595
CUST_5904,34,Female,France,55.66,9,306,0,Fashion,50.95,33,0.1,976,500.94,0.2647058823529412,0.0293159609120521
CUST_8867,78,Male,India,37.39,11,58,0,Home,38.9,69,0.31,523,411.29,0.1571428571428571,0.1864406779661017
CUST_5109,19,Male,France,125.11,11,339,0,Electronics,14.2,66,0.36,1626,1376.21,0.1641791044776119,0.0323529411764705
CUST_8179,36,Male,China,44.56,7,104,0,Beauty,61.3,36,0.26,2078,311.92,0.1891891891891892,0.0666666666666666
CUST_2560,36,Female,France,141.31,8,268,0,Beauty,13.7,88,0.48,1148,1130.48,0.0898876404494382,0.0297397769516728
CUST_2266,73,Male,France,245.71,7,46,0,Fashion,51.8,54,0.09,553,1719.97,0.1272727272727272,0.1489361702127659
CUST_4638,24,Male,China,100.82,13,87,0,Beauty,85.2,50,0.19,1100,1310.66,0.2549019607843137,0.1477272727272727
CUST_9941,71,Male,China,63.76,10,170,0,Sports,34.6,51,0.09,416,637.6,0.1923076923076923,0.0584795321637426
CUST_4427,59,Female,UK,112.82,9,151,0,Beauty,50.95,52,0.47,774,1015.38,0.1698113207547169,0.0592105263157894
CUST_5780,59,Male,China,45.95,10,175,0,Home,10.8,21,0.15,1641,459.5,0.4545454545454545,0.0568181818181818
CUST_2927,76,Male,Germany,82.44,6,318,0,Sports,64.6,30,0.41,1290,494.64,0.1935483870967742,0.018808777429467
CUST_3356,37,Male,Brazil,63.68,12,144,0,Home,11.2,15,0.08,1199,764.16,0.75,0.0827586206896551
CUST_5790,26,Male,Germany,84.16,17,324,0,Home,32.7,9,0.22,2031,1430.72,1.7,0.0523076923076923
CUST_1306,34,Female,France,257.38,6,309,0,Fashion,84.1,32,0.46,1857,1544.28,0.1818181818181818,0.0193548387096774
CUST_8979,44,Male,Germany,62.4,11,221,0,Fashion,15.0,72,0.1,1452,686.4,0.1506849315068493,0.0495495495495495
CUST_4665,64,Male,India,121.85,12,14,0,Sports,84.0,23,0.66,2189,1462.1999999999998,0.5,0.8
CUST_8057,19,Female,Australia,169.5,6,137,0,Beauty,63.1,27,0.31,1985,1017.0,0.2142857142857142,0.0434782608695652
CUST_1661,79,Male,Brazil,85.61,7,249,0,Electronics,14.1,42,0.44,619,599.27,0.1627906976744186,0.028
CUST_5644,53,Male,Australia,132.86,7,149,0,Beauty,16.8,8,0.08,1007,930.02,0.7777777777777778,0.0466666666666666
CUST_9503,36,Female,Canada,88.31,7,350,0,Sports,66.3,93,0.4,2097,618.1700000000001,0.0744680851063829,0.0199430199430199
CUST_3920,34,Male,Germany,206.14,7,268,0,Electronics,72.9,11,0.06,977,1442.98,0.5833333333333334,0.0260223048327137
CUST_9946,22,Male,Australia,87.24,9,80,0,Home,65.6,21,0.3,1241,785.16,0.4090909090909091,0.1111111111111111
CUST_7236,56,Male,China,143.52,10,64,0,Home,71.4,44,0.14,934,1435.2,0.2222222222222222,0.1538461538461538
CUST_7078,35,Female,USA,48.19,16,141,0,Electronics,36.2,39,0.34,1420,771.04,0.4,0.1126760563380281
CUST_1352,70,Female,USA,36.64,12,299,0,Home,0.1,94,0.52,917,439.68,0.1263157894736842,0.04
CUST_8005,71,Female,China,165.24,13,246,0,Beauty,52.9,33,0.08,2102,2148.12,0.3823529411764705,0.0526315789473684
CUST_1158,76,Female,Australia,124.33,6,192,0,Fashion,59.5,67,0.47,1781,745.98,0.088235294117647,0.0310880829015544
CUST_1956,24,Male,France,75.98,10,282,0,Beauty,68.8,55,0.11,1399,759.8000000000001,0.1785714285714285,0.0353356890459364
CUST_3071,34,Male,China,44.92,14,253,0,Home,23.1,13,0.31,924,628.88,1.0,0.0551181102362204
CUST_9595,56,Female,Brazil,193.02,12,172,0,Fashion,50.95,36,0.24,606,2316.24,0.3243243243243243,0.0693641618497109
CUST_4453,53,Other,Japan,93.19,11,312,0,Beauty,83.0,87,0.17,1728,1025.09,0.125,0.0351437699680511
CUST_7675,57,Male,India,76.95,12,277,0,Home,84.1,26,0.11,1239,923.4,0.4444444444444444,0.0431654676258992
CUST_1955,62,Female,France,150.06,10,289,0,Beauty,98.8,74,0.29,1326,1500.6,0.1333333333333333,0.0344827586206896
CUST_7295,21,Male,Brazil,64.38,8,305,0,Home,34.0,38,0.19,2192,515.04,0.2051282051282051,0.0261437908496732
CUST_2712,55,Male,Australia,83.67,13,309,0,Sports,5.9,23,0.2,2084,1087.71,0.5416666666666666,0.0419354838709677
CUST_5703,42,Male,France,30.6,9,185,0,Electronics,47.6,8,0.41,799,275.40000000000003,1.0,0.0483870967741935
CUST_7563,22,Male,France,98.56,8,355,0,Home,48.0,14,0.45,1150,788.48,0.5333333333333333,0.0224719101123595
CUST_6631,47,Female,Australia,317.57,12,223,0,Beauty,3.7,24,0.04,2159,3810.84,0.48,0.0535714285714285
CUST_2394,29,Female,China,92.15,15,61,0,Home,57.5,82,0.25,1818,1382.25,0.180722891566265,0.2419354838709677
CUST_5732,21,Male,Australia,119.84,11,83,0,Home,26.1,40,0.43,930,1318.24,0.2682926829268293,0.1309523809523809
CUST_4714,41,Male,Germany,129.33,13,26,0,Beauty,11.9,25,0.22,1647,1681.2900000000002,0.5,0.4814814814814814
CUST_1529,46,Female,Germany,26.05,6,319,0,Beauty,60.5,84,0.07,1545,156.3,0.0705882352941176,0.01875
CUST_3958,26,Male,India,81.86,9,130,0,Fashion,28.2,25,0.61,1733,736.74,0.3461538461538461,0.0687022900763358
CUST_8904,21,Female,USA,20.54,17,126,0,Home,56.2,17,0.23,1798,349.18,0.9444444444444444,0.1338582677165354
CUST_4591,68,Male,UK,61.6,12,10,0,Sports,1.5,4,0.15,750,739.2,2.4,1.0909090909090908
CUST_7895,41,Female,India,66.53,5,279,0,Electronics,36.6,85,0.25,1021,332.65,0.0581395348837209,0.0178571428571428
CUST_1525,31,Male,India,100.77,5,284,0,Home,86.5,84,0.08,459,503.85,0.0588235294117647,0.0175438596491228
CUST_7477,22,Male,Japan,21.62,7,196,0,Beauty,65.0,81,0.45,586,151.34,0.0853658536585365,0.0355329949238578
CUST_1001,35,Male,UK,252.38,13,224,0,Fashion,86.8,99,0.15,2193,3280.94,0.13,0.0577777777777777
CUST_1374,59,Male,USA,127.74,15,263,0,Home,74.0,41,0.33,512,1916.1,0.3571428571428571,0.0568181818181818
CUST_5648,74,Male,France,15.72,12,274,0,Sports,72.0,60,0.46,1701,188.64,0.1967213114754098,0.0436363636363636
CUST_3365,36,Female,UK,33.54,7,67,0,Beauty,87.0,87,0.27,1116,234.78,0.0795454545454545,0.1029411764705882
CUST_2525,29,Male,Japan,70.82,9,232,0,Sports,2.0,85,0.18,1433,637.3799999999999,0.1046511627906976,0.03862660944206
CUST_2646,35,Male,Canada,154.57,13,98,0,Sports,42.0,43,0.2,2074,2009.41,0.2954545454545454,0.1313131313131313
CUST_1013,34,Female,India,75.03,10,221,0,Electronics,96.0,54,0.31,584,750.3,0.1818181818181818,0.045045045045045
CUST_5599,47,Female,Australia,166.29,9,123,0,Electronics,17.7,52,0.34,1652,1496.61,0.1698113207547169,0.0725806451612903
CUST_3278,41,Other,India,206.09,10,303,0,Home,65.4,21,0.23,1873,2060.9,0.4545454545454545,0.0328947368421052
CUST_4155,28,Female,China,70.98,10,101,0,Electronics,79.0,24,0.36,893,709.8000000000001,0.4,0.0980392156862745
CUST_9321,52,Female,Japan,35.51,7,319,0,Home,93.4,37,0.59,1477,248.57,0.1842105263157894,0.021875
CUST_4814,40,Female,India,32.99,6,263,0,Home,87.2,82,0.07,1309,197.94,0.072289156626506,0.0227272727272727
CUST_4216,34,Other,India,54.1,11,364,0,Beauty,67.7,44,0.15,2212,595.1,0.2444444444444444,0.0301369863013698
CUST_9219,18,Female,UK,189.48,7,229,0,Beauty,71.1,83,0.13,690,1326.36,0.0833333333333333,0.0304347826086956
CUST_3113,32,Male,UK,67.57,14,122,0,Fashion,34.3,5,0.43,1347,945.98,2.333333333333333,0.1138211382113821
CUST_5356,49,Male,Australia,89.67,10,226,0,Electronics,22.4,61,0.12,903,896.7,0.1612903225806451,0.0440528634361233
CUST_6543,77,Male,Brazil,235.59,11,227,0,Fashion,95.9,44,0.29,1500,2591.49,0.2444444444444444,0.0482456140350877
CUST_5555,26,Female,China,122.06,12,152,0,Sports,97.6,91,0.33,1294,1464.72,0.1304347826086956,0.0784313725490196
CUST_8062,32,Female,Australia,28.53,9,308,0,Home,42.5,6,0.16,1051,256.77,1.2857142857142858,0.029126213592233
CUST_4374,45,Female,Canada,138.49,16,304,0,Home,41.1,78,0.67,1384,2215.84,0.2025316455696202,0.0524590163934426
CUST_7430,41,Male,China,39.31,10,327,0,Beauty,45.2,3,0.04,1312,393.1,2.5,0.0304878048780487
CUST_4466,77,Female,UK,93.19,16,148,0,Sports,46.1,65,0.33,1547,1491.04,0.2424242424242424,0.1073825503355704
CUST_4081,78,Female,India,78.29,5,306,0,Home,84.2,31,0.15,973,391.4500000000001,0.15625,0.01628664495114
CUST_1629,52,Male,France,111.84,9,8,0,Home,43.1,55,0.16,433,1006.56,0.1607142857142857,1.0
CUST_1269,39,Female,India,76.76,10,319,0,Sports,88.2,45,0.02,1625,767.6,0.217391304347826,0.03125
CUST_6724,44,Male,USA,180.06,5,223,0,Sports,69.5,74,0.18,464,900.3,0.0666666666666666,0.0223214285714285
CUST_6897,36,Female,Australia,65.12,15,22,0,Home,96.5,55,0.08,1149,976.8,0.2678571428571428,0.6521739130434783
CUST_4432,62,Female,China,98.6,8,191,0,Sports,67.5,60,0.23,1061,788.8,0.1311475409836065,0.0416666666666666
CUST_7276,29,Female,France,91.99,10,226,0,Electronics,50.95,31,0.57,941,919.9,0.3125,0.0440528634361233
CUST_6895,37,Female,USA,59.63,12,53,0,Sports,91.8,81,0.19,1630,715.5600000000001,0.1463414634146341,0.2222222222222222
CUST_8115,18,Female,Canada,70.72,8,91,0,Fashion,23.0,39,0.27,2223,565.76,0.2,0.0869565217391304
CUST_7656,38,Female,India,128.49,6,14,0,Fashion,96.5,48,0.46,1383,770.94,0.1224489795918367,0.4
CUST_1575,66,Male,Brazil,302.3,13,307,0,Home,4.3,80,0.1,1488,3929.9,0.1604938271604938,0.0422077922077922
CUST_8029,62,Female,Japan,93.19,7,178,0,Home,64.1,27,0.3,922,652.3299999999999,0.25,0.0391061452513966
CUST_7099,18,Male,USA,118.71,13,3,0,Beauty,1.8,16,0.25,2096,1543.23,0.7647058823529411,3.25
CUST_4192,27,Male,India,14.31,8,100,0,Sports,20.4,52,0.35,1230,114.48,0.1509433962264151,0.0792079207920792
CUST_4178,64,Female,India,111.08,5,129,0,Fashion,46.4,4,0.41,1014,555.4,1.0,0.0384615384615384
CUST_7052,76,Female,China,93.19,11,6,0,Beauty,15.8,42,0.28,723,1025.09,0.2558139534883721,1.5714285714285714
CUST_3734,76,Male,China,240.3,6,183,0,Home,98.9,91,0.03,1584,1441.8000000000002,0.0652173913043478,0.0326086956521739
CUST_7116,49,Male,Brazil,67.91,10,330,0,Electronics,77.3,54,0.06,988,679.0999999999999,0.1818181818181818,0.0302114803625377
CUST_4568,79,Male,USA,311.27,23,331,0,Sports,85.1,9,0.41,2122,7159.209999999999,2.3,0.0692771084337349
CUST_3203,56,Male,UK,180.36,8,34,1,Beauty,50.95,25,0.18,1778,1442.88,0.3076923076923077,0.2285714285714285
CUST_2390,77,Male,China,77.88,10,231,0,Electronics,67.5,88,0.2,628,778.8,0.1123595505617977,0.043103448275862
CUST_2742,39,Female,Japan,63.72,11,153,0,Home,26.7,58,0.3,2137,700.92,0.1864406779661017,0.0714285714285714
CUST_2925,35,Male,India,57.2,9,63,0,Fashion,75.7,92,0.08,1826,514.8000000000001,0.0967741935483871,0.140625
CUST_1619,65,Female,India,52.77,10,246,0,Beauty,58.4,18,0.59,1494,527.7,0.5263157894736842,0.0404858299595141
CUST_2274,63,Male,Canada,134.05,9,55,0,Beauty,26.7,44,0.5,1586,1206.45,0.2,0.1607142857142857
CUST_1956,49,Other,Canada,58.28,7,228,0,Home,36.7,90,0.37,1950,407.96,0.0769230769230769,0.0305676855895196
CUST_2939,44,Male,Brazil,24.74,13,310,0,Home,60.8,74,0.14,1487,321.62,0.1733333333333333,0.0418006430868167
CUST_4953,45,Male,USA,56.84,10,252,0,Fashion,39.5,49,0.46,1201,568.4000000000001,0.2,0.0395256916996047
CUST_1968,35,Male,Germany,65.04,19,292,0,Fashion,23.5,44,0.18,1466,1235.7600000000002,0.4222222222222222,0.0648464163822525
CUST_1281,76,Female,France,201.18,11,51,0,Fashion,43.0,98,0.11,1890,2212.98,0.1111111111111111,0.2115384615384615
CUST_7262,56,Female,China,99.78,10,14,0,Electronics,23.4,75,0.5,1434,997.8,0.131578947368421,0.6666666666666666
CUST_2058,66,Male,USA,32.02,4,341,0,Electronics,87.5,78,0.49,518,128.08,0.050632911392405,0.0116959064327485
CUST_5293,46,Male,India,39.03,10,339,0,Home,69.4,38,0.24,1190,390.3,0.2564102564102564,0.0294117647058823
CUST_6178,35,Male,Australia,81.61,8,362,0,Beauty,37.7,65,0.37,1177,652.88,0.1212121212121212,0.0220385674931129
CUST_7980,61,Female,Canada,407.34,11,179,0,Electronics,94.5,81,0.41,847,4480.74,0.1341463414634146,0.0611111111111111
CUST_2229,25,Female,France,54.1,6,76,0,Home,38.9,81,0.16,1427,324.6,0.073170731707317,0.0779220779220779
CUST_5585,71,Male,China,22.79,6,214,0,Electronics,57.4,10,0.28,1105,136.74,0.5454545454545454,0.027906976744186
CUST_9467,48,Male,UK,44.95,8,222,0,Fashion,51.2,63,0.11,1701,359.6,0.125,0.0358744394618834
CUST_3740,79,Male,UK,33.49,11,153,0,Home,12.2,94,0.25,1783,368.39,0.1157894736842105,0.0714285714285714
CUST_3289,51,Male,Canada,24.89,12,44,0,Fashion,42.4,46,0.17,1797,298.68,0.2553191489361702,0.2666666666666666
CUST_2239,24,Female,USA,89.84,11,351,0,Sports,7.8,97,0.76,880,988.24,0.1122448979591836,0.03125
CUST_6370,53,Male,China,53.64,7,20,0,Beauty,17.1,2,0.33,1077,375.48,2.333333333333333,0.3333333333333333
CUST_1125,35,Male,France,22.69,14,80,0,Fashion,78.8,20,0.51,2141,317.66,0.6666666666666666,0.1728395061728395
CUST_8473,77,Male,India,67.94,10,52,0,Beauty,30.3,96,0.23,2185,679.4,0.1030927835051546,0.1886792452830188
CUST_6342,55,Other,USA,138.31,10,156,0,Home,8.9,3,0.27,1056,1383.1,2.5,0.0636942675159235
CUST_8351,76,Female,Canada,93.19,11,146,0,Sports,71.9,36,0.12,1667,1025.09,0.2972972972972973,0.0748299319727891
CUST_7638,26,Male,Brazil,157.52,13,181,0,Beauty,80.2,5,0.08,980,2047.76,2.1666666666666665,0.0714285714285714
CUST_7570,76,Male,Germany,141.21,10,77,0,Electronics,57.8,20,0.07,1028,1412.1,0.4761904761904761,0.1282051282051282
CUST_4249,26,Male,USA,44.12,12,118,0,Home,91.6,3,0.39,488,529.4399999999999,3.0,0.1008403361344537
CUST_8595,63,Female,Japan,152.27,14,358,0,Sports,84.9,3,0.47,1526,2131.78,3.5,0.0389972144846796
CUST_7294,25,Male,China,112.74,14,342,0,Electronics,55.3,70,0.3,674,1578.36,0.1971830985915492,0.0408163265306122
CUST_7527,68,Female,UK,75.26,16,104,0,Electronics,73.7,88,0.33,1941,1204.16,0.1797752808988764,0.1523809523809524
CUST_6757,52,Female,Japan,75.81,4,1,0,Sports,32.9,47,0.23,2064,303.24,0.0833333333333333,2.0
CUST_2969,35,Female,USA,213.76,6,114,0,Fashion,63.6,37,0.16,1450,1282.56,0.1578947368421052,0.0521739130434782
CUST_1891,22,Male,USA,149.38,13,31,0,Sports,97.7,8,0.54,2183,1941.94,1.4444444444444444,0.40625
CUST_5470,31,Female,Japan,62.17,13,357,0,Sports,80.0,80,0.0,1749,808.21,0.1604938271604938,0.0363128491620111
CUST_8175,45,Female,Brazil,59.32,13,61,0,Sports,37.5,1,0.14,728,771.16,6.5,0.2096774193548387
CUST_9320,47,Male,Japan,26.67,10,96,0,Beauty,93.2,78,0.29,1114,266.70000000000005,0.1265822784810126,0.1030927835051546
CUST_7812,21,Male,India,96.14,7,134,0,Fashion,82.5,45,0.24,1709,672.98,0.1521739130434782,0.0518518518518518
CUST_8519,56,Male,France,100.23,11,97,0,Home,3.7,74,0.51,1103,1102.53,0.1466666666666666,0.1122448979591836
CUST_5612,37,Male,Japan,202.34,11,214,0,Electronics,74.6,10,0.11,790,2225.74,1.0,0.0511627906976744
CUST_2198,42,Male,Japan,107.84,13,83,0,Beauty,97.6,86,0.47,2229,1401.92,0.1494252873563218,0.1547619047619047
CUST_6238,45,Female,China,66.91,8,156,0,Fashion,31.8,95,0.4,1302,535.28,0.0833333333333333,0.0509554140127388
CUST_7089,29,Male,France,52.13,17,106,0,Sports,27.5,68,0.52,2212,886.21,0.2463768115942029,0.1588785046728972
CUST_7257,19,Other,Germany,119.69,12,356,0,Beauty,64.0,43,0.24,1060,1436.28,0.2727272727272727,0.0336134453781512
CUST_8705,60,Male,Japan,214.83,14,130,0,Beauty,11.0,87,0.15,651,3007.6200000000003,0.1590909090909091,0.1068702290076335
CUST_4719,31,Other,Japan,31.33,12,21,0,Electronics,67.5,41,0.24,794,375.96,0.2857142857142857,0.5454545454545454
CUST_1302,39,Male,India,115.31,8,83,1,Home,22.7,12,0.25,2187,922.48,0.6153846153846154,0.0952380952380952
CUST_1986,48,Female,UK,93.19,13,88,0,Fashion,45.2,8,0.64,1363,1211.47,1.4444444444444444,0.146067415730337
CUST_5440,40,Male,India,27.47,13,225,0,Fashion,89.2,45,0.41,1145,357.11,0.2826086956521739,0.0575221238938053
CUST_5909,65,Male,Japan,106.1,9,105,0,Fashion,79.7,88,0.08,1940,954.9,0.1011235955056179,0.0849056603773584
CUST_4072,37,Female,China,53.23,7,348,0,Sports,10.8,1,0.13,1552,372.61,3.5,0.0200573065902578
CUST_4124,78,Male,India,27.34,17,358,0,Sports,76.1,26,0.18,1787,464.78,0.6296296296296297,0.0473537604456824
CUST_9125,55,Female,China,71.2,8,100,0,Beauty,41.2,86,0.06,500,569.6,0.0919540229885057,0.0792079207920792
CUST_4291,72,Female,France,17.39,11,295,0,Home,99.4,89,0.29,599,191.29,0.1222222222222222,0.0371621621621621
CUST_5033,21,Female,China,124.67,10,147,0,Electronics,30.0,31,0.34,523,1246.7,0.3125,0.0675675675675675
CUST_6105,32,Female,Brazil,32.27,8,229,0,Electronics,47.1,56,0.43,412,258.16,0.1403508771929824,0.0347826086956521
CUST_1703,41,Female,Australia,204.8,11,86,0,Home,34.1,98,0.21,2022,2252.8,0.1111111111111111,0.1264367816091954
CUST_9133,42,Male,France,55.91,20,10,0,Fashion,58.6,37,0.08,1880,1118.1999999999998,0.5263157894736842,1.818181818181818
CUST_1574,18,Female,Australia,69.18,5,135,0,Home,26.6,75,0.12,790,345.90000000000003,0.0657894736842105,0.0367647058823529
CUST_6704,24,Female,Japan,48.71,12,92,0,Electronics,91.3,4,0.68,1463,584.52,2.4,0.1290322580645161
CUST_8848,74,Male,Japan,45.46,11,291,0,Sports,61.7,72,0.3,1852,500.06,0.1506849315068493,0.0376712328767123
CUST_6208,48,Male,Brazil,108.38,7,152,0,Home,94.3,44,0.22,2152,758.66,0.1555555555555555,0.0457516339869281
CUST_7924,29,Female,USA,152.66,11,353,0,Beauty,68.1,99,0.33,1805,1679.26,0.11,0.0310734463276836
CUST_4828,59,Male,Australia,176.36,9,95,0,Sports,18.6,89,0.04,483,1587.2400000000002,0.1,0.09375
CUST_4230,22,Male,India,93.19,10,61,0,Beauty,1.5,95,0.71,550,931.9,0.1041666666666666,0.1612903225806451
CUST_1488,61,Male,Brazil,194.48,12,360,0,Beauty,40.8,49,0.4,2067,2333.76,0.24,0.0332409972299169
CUST_8114,67,Female,France,38.99,8,86,0,Home,99.4,87,0.28,2131,311.92,0.0909090909090909,0.0919540229885057
CUST_4173,59,Male,Germany,124.7,5,210,0,Beauty,87.7,40,0.2,1443,623.5,0.1219512195121951,0.0236966824644549
CUST_2667,55,Female,India,85.43,9,82,0,Fashion,84.7,68,0.42,1330,768.8700000000001,0.1304347826086956,0.108433734939759
CUST_5114,77,Female,China,279.23,10,226,0,Home,56.9,71,0.34,2220,2792.3,0.1388888888888889,0.0440528634361233
CUST_4553,29,Male,Japan,157.03,13,11,0,Electronics,9.5,10,0.38,1109,2041.39,1.181818181818182,1.0833333333333333
CUST_8761,56,Female,France,93.54,11,358,0,Fashion,1.5,70,0.32,997,1028.94,0.1549295774647887,0.0306406685236768
CUST_2000,35,Other,Brazil,39.98,14,152,0,Sports,83.9,95,0.36,1857,559.7199999999999,0.1458333333333333,0.0915032679738562
CUST_2388,19,Female,Australia,47.22,12,4,0,Home,17.7,4,0.05,950,566.64,2.4,2.4
CUST_6450,27,Female,Australia,73.41,14,75,0,Electronics,7.7,21,0.24,1311,1027.74,0.6363636363636364,0.1842105263157894
CUST_4712,32,Male,Canada,101.23,12,3,0,Electronics,71.0,42,0.41,2076,1214.76,0.2790697674418604,3.0
CUST_2367,47,Female,Japan,93.99,13,82,0,Home,0.1,84,0.13,1672,1221.87,0.1529411764705882,0.1566265060240964
CUST_9189,61,Male,India,41.59,11,361,0,Fashion,74.1,81,0.43,1641,457.49,0.1341463414634146,0.0303867403314917
CUST_1454,75,Male,China,38.4,15,34,0,Electronics,19.2,6,0.1,906,576.0,2.142857142857143,0.4285714285714285
CUST_3772,34,Male,China,96.28,8,241,0,Home,32.1,11,0.74,2128,770.24,0.6666666666666666,0.0330578512396694
CUST_4726,21,Male,Japan,87.02,11,143,0,Home,17.2,82,0.26,1768,957.22,0.1325301204819277,0.0763888888888889
CUST_8232,24,Female,Canada,125.46,10,79,0,Beauty,77.7,73,0.64,874,1254.6,0.1351351351351351,0.125
CUST_5806,79,Male,Canada,62.79,8,74,0,Home,50.95,12,0.32,1591,502.32,0.6153846153846154,0.1066666666666666
CUST_3190,58,Female,India,44.92,8,298,0,Electronics,16.6,31,0.24,1998,359.36,0.25,0.0267558528428093
CUST_3875,48,Female,Canada,72.23,10,283,0,Beauty,3.9,31,0.44,2167,722.3000000000001,0.3125,0.0352112676056338
CUST_6592,68,Female,Brazil,80.57,9,214,0,Electronics,98.7,43,0.29,1160,725.1299999999999,0.2045454545454545,0.041860465116279
CUST_2440,77,Male,Canada,11.48,9,245,0,Fashion,71.4,58,0.15,1999,103.32,0.1525423728813559,0.0365853658536585
CUST_9927,76,Female,Australia,120.79,7,237,0,Fashion,68.0,50,0.27,715,845.5300000000001,0.1372549019607843,0.0294117647058823
CUST_7059,72,Male,UK,32.0,10,336,0,Electronics,50.3,98,0.15,1296,320.0,0.101010101010101,0.029673590504451
CUST_8010,56,Male,USA,238.9,11,18,0,Sports,43.5,80,0.14,1503,2627.9,0.1358024691358024,0.5789473684210527
CUST_8117,72,Other,Australia,244.94,11,73,0,Sports,79.6,41,0.41,1949,2694.34,0.2619047619047619,0.1486486486486486
CUST_3989,51,Male,Australia,25.37,7,54,0,Sports,50.95,76,0.7,1130,177.59,0.0909090909090909,0.1272727272727272
CUST_7228,23,Male,Germany,72.27,7,82,0,Electronics,6.1,77,0.14,769,505.89,0.0897435897435897,0.0843373493975903
CUST_7471,67,Female,Germany,60.01,5,163,0,Home,85.9,36,0.61,1520,300.05,0.1351351351351351,0.0304878048780487
CUST_3863,55,Male,Japan,57.09,9,317,0,Beauty,76.2,77,0.38,1368,513.8100000000001,0.1153846153846153,0.0283018867924528
CUST_2177,62,Female,Germany,115.19,9,362,0,Home,48.6,44,0.23,1714,1036.71,0.2,0.024793388429752
CUST_5760,75,Male,Japan,40.3,11,166,0,Electronics,50.95,66,0.35,482,443.3,0.1641791044776119,0.0658682634730539
CUST_1011,68,Male,Australia,58.97,8,115,0,Home,83.5,15,0.15,1551,471.76,0.5,0.0689655172413793
CUST_6252,79,Male,USA,42.42,9,296,0,Fashion,79.4,77,0.31,770,381.78,0.1153846153846153,0.0303030303030303
CUST_5399,51,Male,India,151.72,14,187,0,Beauty,13.9,34,0.34,1543,2124.08,0.4,0.0744680851063829
CUST_9234,61,Male,India,269.46,9,254,0,Electronics,54.9,90,0.11,2161,2425.14,0.0989010989010989,0.0352941176470588
CUST_6445,32,Female,UK,63.86,10,341,0,Beauty,96.9,70,0.25,564,638.6,0.1408450704225352,0.0292397660818713
CUST_7570,31,Female,France,123.13,5,321,0,Sports,73.5,85,0.04,476,615.65,0.0581395348837209,0.015527950310559
CUST_9212,23,Other,India,208.57,7,352,0,Sports,97.3,44,0.22,1344,1459.99,0.1555555555555555,0.0198300283286118
CUST_1406,67,Male,France,64.12,13,18,0,Fashion,77.6,33,0.3,1915,833.5600000000001,0.3823529411764705,0.6842105263157895
CUST_5431,54,Female,Canada,109.57,10,310,0,Electronics,52.5,79,0.01,1428,1095.6999999999998,0.125,0.0321543408360128
CUST_6243,67,Female,China,96.68,8,301,0,Sports,60.5,99,0.18,466,773.44,0.08,0.0264900662251655
CUST_7542,49,Other,Australia,126.78,15,3,0,Beauty,70.9,92,0.15,1142,1901.7,0.1612903225806451,3.75
CUST_7936,20,Male,USA,93.19,10,189,0,Beauty,72.9,6,0.14,2077,931.9,1.4285714285714286,0.0526315789473684
CUST_9906,20,Female,Japan,144.18,12,280,0,Fashion,74.8,40,0.51,1975,1730.16,0.2926829268292683,0.0427046263345195
CUST_5146,39,Female,France,38.93,6,62,0,Sports,50.95,6,0.19,1426,233.58,0.8571428571428571,0.0952380952380952
CUST_1140,39,Male,UK,119.0,11,268,0,Home,30.9,75,0.25,1408,1309.0,0.1447368421052631,0.0408921933085501
CUST_5882,27,Female,India,55.24,14,253,0,Sports,82.9,14,0.14,1883,773.36,0.9333333333333332,0.0551181102362204
CUST_7012,68,Male,Brazil,66.13,12,114,1,Fashion,57.0,85,0.45,1264,793.56,0.1395348837209302,0.1043478260869565
CUST_1963,20,Female,India,177.36,9,341,0,Sports,88.5,84,0.24,1672,1596.2400000000002,0.1058823529411764,0.0263157894736842
CUST_8151,78,Other,Germany,51.5,8,259,0,Electronics,63.1,5,0.23,1796,412.0,1.3333333333333333,0.0307692307692307
CUST_9564,29,Female,Australia,86.9,6,1,0,Fashion,93.5,45,0.38,1420,521.4000000000001,0.1304347826086956,3.0
CUST_4610,46,Male,Germany,139.14,15,66,0,Home,42.4,59,0.07,1782,2087.1,0.25,0.2238805970149253
CUST_7894,65,Male,India,63.8,9,285,1,Beauty,50.95,73,0.76,2104,574.1999999999999,0.1216216216216216,0.0314685314685314
CUST_8311,34,Other,Brazil,131.94,8,131,0,Sports,64.5,94,0.27,886,1055.52,0.0842105263157894,0.0606060606060606
CUST_1105,24,Female,Germany,94.65,7,47,0,Beauty,77.5,43,0.46,1378,662.5500000000001,0.1590909090909091,0.1458333333333333
CUST_6539,30,Male,USA,122.8,12,42,0,Fashion,69.1,53,0.29,517,1473.6,0.2222222222222222,0.2790697674418604
CUST_7787,73,Female,Germany,146.11,9,92,0,Beauty,72.5,27,0.39,704,1314.9900000000002,0.3214285714285714,0.0967741935483871
CUST_3137,19,Female,Brazil,129.84,10,140,0,Electronics,2.9,69,0.1,1642,1298.4,0.1428571428571428,0.0709219858156028
CUST_5445,21,Male,Germany,239.44,10,46,0,Fashion,96.5,69,0.45,1359,2394.4,0.1428571428571428,0.2127659574468085
CUST_4530,27,Male,France,99.02,8,230,0,Fashion,26.4,48,0.17,859,792.16,0.1632653061224489,0.0346320346320346
CUST_2286,56,Male,Canada,52.4,12,223,0,Sports,41.4,79,0.23,1360,628.8,0.15,0.0535714285714285
CUST_8052,41,Female,Japan,150.4,8,283,0,Fashion,41.8,73,0.16,2217,1203.2,0.1081081081081081,0.028169014084507
CUST_4654,34,Female,India,93.19,9,36,0,Electronics,90.7,25,0.41,1568,838.71,0.3461538461538461,0.2432432432432432
CUST_8102,69,Female,France,102.7,12,27,0,Sports,74.4,8,0.36,1115,1232.4,1.3333333333333333,0.4285714285714285
CUST_3359,23,Female,Japan,108.8,11,157,0,Electronics,62.0,78,0.28,526,1196.8,0.1392405063291139,0.0696202531645569
CUST_9105,36,Female,Canada,99.35,13,221,0,Home,12.0,32,0.09,1615,1291.55,0.3939393939393939,0.0585585585585585
CUST_9636,22,Female,France,93.17,14,8,0,Sports,32.3,95,0.38,1306,1304.38,0.1458333333333333,1.5555555555555556
CUST_7441,49,Male,UK,43.64,11,69,0,Fashion,49.2,61,0.17,2177,480.04,0.1774193548387097,0.1571428571428571
CUST_6047,27,Female,France,149.02,12,341,0,Fashion,11.5,87,0.34,1730,1788.2400000000002,0.1363636363636363,0.0350877192982456
CUST_9227,26,Male,USA,38.67,9,65,0,Fashion,57.1,1,0.06,2161,348.03000000000003,4.5,0.1363636363636363
CUST_6203,44,Female,Brazil,42.94,14,94,0,Home,21.4,31,0.23,1706,601.16,0.4375,0.1473684210526315
CUST_2798,30,Female,India,105.37,10,180,0,Electronics,82.4,71,0.13,1194,1053.7,0.1388888888888889,0.0552486187845303
CUST_6291,36,Male,Australia,129.76,6,69,0,Fashion,82.9,15,0.69,1880,778.56,0.375,0.0857142857142857
CUST_6495,38,Other,Japan,33.7,8,233,0,Beauty,59.9,70,0.22,1331,269.6,0.1126760563380281,0.0341880341880341
CUST_7284,41,Male,Germany,94.31,12,260,0,Fashion,36.0,16,0.59,1947,1131.72,0.7058823529411765,0.0459770114942528
CUST_8285,55,Female,India,93.19,13,19,0,Sports,4.5,78,0.54,1933,1211.47,0.1645569620253164,0.65
CUST_2300,21,Male,Australia,130.26,10,357,0,Sports,62.9,81,0.14,839,1302.6,0.1219512195121951,0.0279329608938547
CUST_7869,41,Other,Canada,74.97,5,357,1,Beauty,78.5,74,0.46,571,374.85,0.0666666666666666,0.0139664804469273
CUST_4097,76,Male,France,158.47,11,185,0,Home,79.0,93,0.36,2212,1743.17,0.1170212765957446,0.0591397849462365
CUST_5616,52,Male,Australia,145.8,9,304,0,Sports,48.4,72,0.54,1352,1312.2,0.1232876712328767,0.0295081967213114
CUST_1009,20,Male,UK,151.42,8,63,0,Home,14.0,57,0.27,1577,1211.36,0.1379310344827586,0.125
CUST_6752,21,Male,India,113.97,9,177,0,Home,6.5,11,0.25,1828,1025.73,0.75,0.0505617977528089
CUST_7295,74,Male,India,57.88,9,234,0,Beauty,5.6,18,0.43,967,520.9200000000001,0.4736842105263157,0.0382978723404255
CUST_5815,54,Female,India,137.68,7,352,0,Sports,24.9,45,0.37,2106,963.76,0.1521739130434782,0.0198300283286118
CUST_2072,57,Male,Brazil,54.63,12,249,0,Fashion,14.1,20,0.3,2037,655.5600000000001,0.5714285714285714,0.048
CUST_4225,65,Male,Canada,72.99,10,294,0,Home,16.9,80,0.29,472,729.9,0.1234567901234567,0.0338983050847457
CUST_2316,71,Male,Brazil,135.57,15,39,0,Home,69.9,91,0.33,840,2033.55,0.1630434782608695,0.375
CUST_6699,52,Female,India,257.71,11,286,0,Sports,18.0,87,0.23,895,2834.81,0.125,0.0383275261324041
CUST_7807,48,Female,UK,156.37,11,258,0,Sports,69.2,14,0.16,1675,1720.0700000000002,0.7333333333333333,0.0424710424710424
CUST_7674,73,Female,Germany,117.08,9,239,0,Beauty,35.2,76,0.21,514,1053.72,0.1168831168831168,0.0375
CUST_4683,61,Female,UK,59.46,11,71,0,Electronics,77.5,27,0.22,1814,654.0600000000001,0.3928571428571428,0.1527777777777778
CUST_8227,42,Male,Japan,57.96,12,29,0,Electronics,15.9,77,0.3,2124,695.52,0.1538461538461538,0.4
CUST_4273,57,Male,Canada,124.67,19,350,0,Electronics,2.3,80,0.49,475,2368.73,0.2345679012345679,0.0541310541310541
CUST_8000,30,Male,France,99.49,9,28,0,Home,8.9,97,0.08,961,895.41,0.0918367346938775,0.3103448275862069
CUST_1145,21,Female,India,31.16,11,311,0,Beauty,96.6,88,0.61,1236,342.76,0.1235955056179775,0.0352564102564102
CUST_6010,63,Other,Australia,93.19,12,86,0,Electronics,53.8,76,0.31,1376,1118.28,0.1558441558441558,0.1379310344827586
CUST_4040,31,Female,Germany,174.17,9,107,0,Sports,60.7,9,0.1,693,1567.53,0.9,0.0833333333333333
CUST_1482,30,Male,France,105.22,5,318,0,Home,96.7,13,0.13,435,526.1,0.3571428571428571,0.0156739811912225
CUST_4179,44,Male,China,57.57,11,29,1,Home,77.6,45,0.08,1540,633.27,0.2391304347826087,0.3666666666666666
CUST_2249,23,Male,UK,137.83,4,308,0,Sports,11.3,8,0.49,1773,551.32,0.4444444444444444,0.0129449838187702
CUST_1630,34,Female,Germany,200.9,18,45,0,Beauty,42.2,56,0.29,1869,3616.2,0.3157894736842105,0.391304347826087
CUST_9853,53,Male,China,150.62,12,358,0,Beauty,82.1,82,0.29,1241,1807.44,0.144578313253012,0.0334261838440111
CUST_3852,57,Other,Brazil,117.43,9,136,0,Electronics,66.5,91,0.42,668,1056.87,0.0978260869565217,0.0656934306569343
CUST_1987,66,Male,China,56.51,10,262,0,Sports,21.6,97,0.18,1388,565.1,0.1020408163265306,0.0380228136882129
CUST_8622,52,Other,France,72.28,15,62,0,Fashion,80.6,7,0.14,844,1084.2,1.875,0.238095238095238
CUST_8327,34,Female,Canada,82.51,9,43,0,Beauty,55.9,77,0.49,2116,742.59,0.1153846153846153,0.2045454545454545
CUST_9841,58,Female,UK,44.56,11,250,0,Electronics,78.8,15,0.07,921,490.16,0.6875,0.0438247011952191
CUST_2100,19,Female,Germany,93.24,6,334,0,Home,62.6,98,0.6,616,559.4399999999999,0.0606060606060606,0.017910447761194
CUST_7652,74,Female,China,143.43,11,206,0,Beauty,46.3,56,0.03,631,1577.73,0.1929824561403508,0.0531400966183574
CUST_9632,30,Female,UK,190.93,11,58,0,Fashion,72.9,84,0.01,1888,2100.23,0.1294117647058823,0.1864406779661017
CUST_8421,69,Female,Germany,18.35,9,205,0,Home,86.6,56,0.19,876,165.15,0.1578947368421052,0.0436893203883495
CUST_6016,19,Female,Germany,68.52,11,330,0,Home,46.6,37,0.09,1033,753.7199999999999,0.2894736842105263,0.0332326283987915
CUST_1769,69,Other,France,126.86,7,83,0,Sports,3.0,64,0.36,1822,888.02,0.1076923076923077,0.0833333333333333
CUST_2343,45,Female,UK,96.4,7,12,0,Sports,59.3,17,0.3,1939,674.8000000000001,0.3888888888888889,0.5384615384615384
CUST_5358,60,Female,France,167.1,10,236,0,Beauty,9.0,93,0.05,1795,1671.0,0.1063829787234042,0.0421940928270042
CUST_7780,76,Female,China,110.66,7,157,0,Fashion,32.5,21,0.05,1631,774.62,0.3181818181818182,0.0443037974683544
CUST_7602,43,Male,Japan,171.71,6,103,0,Sports,55.0,78,0.3,467,1030.26,0.0759493670886076,0.0576923076923076
CUST_3349,39,Male,Canada,124.72,11,358,0,Electronics,34.5,93,0.24,2119,1371.92,0.1170212765957446,0.0306406685236768
CUST_6699,64,Female,Japan,93.19,15,339,0,Home,28.1,86,0.4,1294,1397.85,0.1724137931034483,0.0441176470588235
CUST_2241,60,Female,USA,77.86,5,364,0,Electronics,2.0,52,0.48,1660,389.3,0.0943396226415094,0.0136986301369863
CUST_2125,72,Female,India,59.63,7,42,0,Home,26.9,33,0.16,533,417.41,0.2058823529411764,0.1627906976744186
CUST_7764,20,Male,Japan,31.91,6,178,0,Electronics,38.5,77,0.24,597,191.46,0.0769230769230769,0.0335195530726257
CUST_6101,52,Female,Brazil,225.1,6,357,0,Home,29.0,95,0.21,1666,1350.6,0.0625,0.0167597765363128
CUST_8843,77,Female,Canada,45.14,10,263,1,Sports,62.8,12,0.15,474,451.4,0.7692307692307693,0.0378787878787878
CUST_1072,75,Male,India,73.02,15,242,0,Electronics,66.6,96,0.35,477,1095.3,0.1546391752577319,0.0617283950617283
CUST_6472,29,Female,China,93.19,12,36,0,Beauty,78.0,46,0.53,1108,1118.28,0.2553191489361702,0.3243243243243243
CUST_6189,41,Female,France,405.36,12,361,0,Beauty,18.6,70,0.14,1476,4864.32,0.1690140845070422,0.0331491712707182
CUST_3472,22,Male,Brazil,200.72,8,352,0,Fashion,61.9,75,0.47,890,1605.76,0.1052631578947368,0.0226628895184136
CUST_1707,37,Female,India,128.1,12,345,1,Fashion,43.0,87,0.15,931,1537.1999999999998,0.1363636363636363,0.0346820809248554
CUST_2804,56,Female,India,93.19,14,363,0,Fashion,32.3,71,0.54,1857,1304.66,0.1944444444444444,0.0384615384615384
CUST_7704,56,Male,Germany,93.19,11,249,0,Electronics,48.3,57,0.2,1398,1025.09,0.1896551724137931,0.044
CUST_4713,30,Male,USA,262.54,14,119,0,Home,48.1,20,0.41,999,3675.56,0.6666666666666666,0.1166666666666666
CUST_6051,58,Other,France,99.85,8,191,0,Fashion,63.9,68,0.22,1144,798.8,0.1159420289855072,0.0416666666666666
CUST_3475,74,Male,China,165.64,10,294,0,Sports,55.9,85,0.08,2184,1656.4,0.1162790697674418,0.0338983050847457
CUST_4610,70,Male,UK,76.08,9,61,0,Beauty,63.1,44,0.49,1740,684.72,0.2,0.1451612903225806
CUST_5255,62,Male,Japan,160.29,11,209,0,Beauty,98.0,30,0.18,1756,1763.1899999999998,0.3548387096774194,0.0523809523809523
CUST_8397,29,Female,Canada,38.85,14,294,0,Sports,81.0,25,0.05,1669,543.9,0.5384615384615384,0.047457627118644
CUST_2735,30,Female,USA,100.09,6,51,0,Beauty,50.95,31,0.35,1837,600.54,0.1875,0.1153846153846153
CUST_9258,73,Female,Germany,67.45,8,209,0,Electronics,50.95,2,0.37,1456,539.6,2.6666666666666665,0.0380952380952381
CUST_8979,27,Male,Germany,95.2,12,312,0,Sports,22.9,84,0.22,1356,1142.4,0.1411764705882353,0.0383386581469648
CUST_3428,50,Female,India,184.47,16,278,0,Electronics,51.9,54,0.2,1962,2951.52,0.2909090909090909,0.057347670250896
CUST_8426,74,Male,Australia,77.49,17,201,0,Beauty,71.2,14,0.45,1734,1317.33,1.1333333333333333,0.0841584158415841
CUST_9533,57,Male,Japan,345.0,14,138,0,Sports,50.95,23,0.2,2186,4830.0,0.5833333333333334,0.1007194244604316
CUST_6249,71,Female,USA,327.06,10,339,0,Sports,13.7,69,0.59,1423,3270.6,0.1428571428571428,0.0294117647058823
CUST_6291,33,Male,India,250.17,11,18,0,Sports,50.95,52,0.37,479,2751.87,0.2075471698113207,0.5789473684210527
CUST_3817,62,Female,USA,109.9,11,320,0,Beauty,37.9,83,0.19,1242,1208.9,0.1309523809523809,0.0342679127725856
CUST_4874,52,Other,Brazil,358.69,8,94,0,Beauty,76.7,50,0.18,1754,2869.52,0.1568627450980392,0.0842105263157894
CUST_5211,20,Male,France,148.87,8,129,0,Beauty,45.0,71,0.44,1240,1190.96,0.1111111111111111,0.0615384615384615
CUST_1661,73,Female,Canada,21.75,12,104,0,Fashion,50.95,85,0.29,1741,261.0,0.1395348837209302,0.1142857142857142
CUST_4374,22,Female,Japan,93.19,15,196,0,Fashion,59.0,33,0.27,633,1397.85,0.4411764705882353,0.0761421319796954
CUST_1207,43,Other,Germany,116.21,19,259,1,Home,50.95,84,0.34,2037,2207.99,0.2235294117647059,0.073076923076923
CUST_3665,28,Male,Australia,35.74,8,38,0,Sports,17.4,9,0.69,1554,285.92,0.8,0.2051282051282051
CUST_3493,79,Female,China,254.75,12,304,0,Beauty,91.5,95,0.13,1413,3057.0,0.125,0.0393442622950819
CUST_7813,24,Male,UK,40.52,9,130,0,Sports,45.9,8,0.05,2057,364.68,1.0,0.0687022900763358
CUST_1632,70,Female,France,69.24,12,153,0,Electronics,41.9,75,0.31,1003,830.8799999999999,0.1578947368421052,0.0779220779220779
CUST_4083,73,Male,Japan,93.19,12,40,1,Electronics,75.1,7,0.35,1915,1118.28,1.5,0.2926829268292683
CUST_4719,27,Female,Brazil,72.64,8,320,0,Beauty,4.5,21,0.3,698,581.12,0.3636363636363636,0.0249221183800623
CUST_8123,59,Male,Japan,174.39,14,121,0,Fashion,84.1,92,0.08,429,2441.46,0.1505376344086021,0.1147540983606557
CUST_2679,69,Male,China,114.01,10,243,0,Home,67.0,53,0.29,2112,1140.1,0.1851851851851851,0.040983606557377
CUST_1236,51,Female,Canada,166.59,7,244,0,Fashion,14.5,15,0.13,1269,1166.13,0.4375,0.0285714285714285
CUST_8446,20,Female,Canada,74.42,12,143,0,Sports,6.5,72,0.6,669,893.04,0.1643835616438356,0.0833333333333333
CUST_5443,25,Female,USA,72.93,7,185,0,Fashion,0.3,52,0.21,1187,510.5100000000001,0.1320754716981132,0.0376344086021505
CUST_7770,48,Female,India,65.82,6,34,0,Beauty,29.4,76,0.36,487,394.92,0.0779220779220779,0.1714285714285714
CUST_7099,28,Male,Canada,51.58,11,210,0,Fashion,32.5,69,0.47,1889,567.38,0.1571428571428571,0.0521327014218009
CUST_9555,62,Female,Australia,43.42,8,32,0,Electronics,17.7,72,0.08,705,347.36,0.1095890410958904,0.2424242424242424
CUST_3368,24,Female,UK,55.28,8,158,0,Beauty,28.7,37,0.13,1314,442.24,0.2105263157894736,0.050314465408805
CUST_1285,62,Male,Brazil,33.17,6,316,0,Beauty,56.2,78,0.5,783,199.02,0.0759493670886076,0.0189274447949526
CUST_1148,19,Female,China,149.42,11,363,0,Beauty,11.3,4,0.12,1696,1643.62,2.2,0.0302197802197802
CUST_5037,23,Female,Germany,222.47,7,191,0,Fashion,20.1,91,0.03,1240,1557.29,0.0760869565217391,0.0364583333333333
CUST_7549,58,Female,Canada,26.65,12,162,0,Electronics,56.2,79,0.52,2161,319.79999999999995,0.15,0.0736196319018405
CUST_8121,49,Female,Germany,107.61,5,251,0,Fashion,70.4,84,0.27,1258,538.05,0.0588235294117647,0.0198412698412698
CUST_5895,37,Female,Canada,146.12,8,38,1,Sports,93.1,61,0.41,2235,1168.96,0.1290322580645161,0.2051282051282051
CUST_6280,74,Male,Australia,120.62,10,130,0,Home,51.1,22,0.18,904,1206.2,0.4347826086956521,0.0763358778625954
CUST_2012,51,Male,Germany,19.09,6,95,0,Home,11.3,49,0.13,2099,114.54,0.12,0.0625
CUST_3785,67,Female,India,148.42,15,140,0,Home,59.2,36,0.21,785,2226.3,0.4054054054054054,0.1063829787234042
CUST_4725,33,Male,Brazil,194.72,12,269,1,Sports,99.5,94,0.51,615,2336.64,0.1263157894736842,0.0444444444444444
CUST_5576,42,Male,UK,114.7,17,168,0,Sports,88.3,97,0.2,730,1949.9,0.173469387755102,0.1005917159763313
CUST_6782,29,Male,Australia,52.61,14,274,0,Sports,78.0,63,0.31,614,736.54,0.21875,0.0509090909090909
CUST_7257,24,Female,India,56.8,9,364,0,Electronics,73.5,92,0.13,1153,511.2,0.0967741935483871,0.0246575342465753
CUST_3408,56,Male,UK,27.64,14,98,0,Beauty,75.6,38,0.21,676,386.96,0.358974358974359,0.1414141414141414
CUST_1340,34,Female,India,93.19,14,60,0,Sports,9.1,40,0.08,2184,1304.66,0.3414634146341463,0.2295081967213114
CUST_3817,62,Female,India,160.15,14,322,0,Home,50.95,64,0.24,811,2242.1,0.2153846153846154,0.0433436532507739
CUST_3496,28,Male,India,103.09,6,216,0,Home,69.0,68,0.21,1840,618.54,0.0869565217391304,0.0276497695852534
CUST_6962,23,Female,USA,103.82,10,76,0,Fashion,7.3,56,0.52,1500,1038.1999999999998,0.175438596491228,0.1298701298701298
CUST_6299,78,Female,UK,35.57,12,207,0,Beauty,91.5,14,0.25,1853,426.84,0.8,0.0576923076923076
CUST_8574,40,Female,India,59.91,11,347,0,Sports,12.8,2,0.56,1640,659.01,3.6666666666666665,0.0316091954022988
CUST_2689,44,Female,France,93.19,10,44,0,Beauty,8.8,63,0.13,545,931.9,0.15625,0.2222222222222222
CUST_4267,63,Male,France,61.54,5,346,0,Sports,12.3,19,0.67,2230,307.7,0.25,0.0144092219020172
CUST_5406,23,Female,Canada,114.44,10,201,0,Home,50.95,78,0.17,2123,1144.4,0.1265822784810126,0.0495049504950495
CUST_9453,55,Male,Brazil,94.15,7,209,0,Beauty,50.95,71,0.26,828,659.0500000000001,0.0972222222222222,0.0333333333333333
CUST_2442,19,Other,Germany,72.24,14,327,0,Beauty,9.5,9,0.33,1413,1011.36,1.4,0.0426829268292682
CUST_9597,39,Female,Canada,354.7,12,134,0,Sports,78.6,33,0.38,1019,4256.4,0.3529411764705882,0.0888888888888888
CUST_5437,37,Female,USA,102.21,13,21,0,Sports,20.0,88,0.19,1793,1328.73,0.146067415730337,0.5909090909090909
CUST_6435,42,Male,France,107.76,8,357,0,Beauty,50.95,61,0.29,1024,862.08,0.1290322580645161,0.0223463687150838
CUST_9435,32,Male,UK,93.19,9,59,0,Sports,49.1,85,0.37,827,838.71,0.1046511627906976,0.15
CUST_5107,77,Male,Brazil,74.62,9,297,0,Beauty,90.6,44,0.53,1622,671.58,0.2,0.0302013422818791
CUST_1560,66,Female,Brazil,50.36,14,58,0,Fashion,89.3,65,0.16,1737,705.04,0.2121212121212121,0.2372881355932203
CUST_9785,46,Male,Germany,170.36,12,230,0,Beauty,23.8,85,0.26,1794,2044.32,0.1395348837209302,0.0519480519480519
CUST_6548,25,Female,UK,99.75,15,284,0,Electronics,53.8,57,0.49,2171,1496.25,0.2586206896551724,0.0526315789473684
CUST_2826,54,Male,China,12.5,10,182,0,Beauty,98.5,24,0.31,2105,125.0,0.4,0.0546448087431694
CUST_8629,66,Other,Germany,93.19,14,100,0,Fashion,33.2,44,0.2,540,1304.66,0.3111111111111111,0.1386138613861386
CUST_9325,69,Male,Brazil,32.2,10,113,0,Fashion,50.95,68,0.44,766,322.0,0.144927536231884,0.087719298245614
CUST_4138,50,Other,USA,57.06,12,41,0,Home,71.8,6,0.6,704,684.72,1.7142857142857142,0.2857142857142857
CUST_8693,39,Other,Australia,21.14,11,28,0,Home,50.3,67,0.17,1172,232.54,0.1617647058823529,0.3793103448275862
CUST_9264,67,Female,Australia,72.71,14,276,0,Electronics,94.0,34,0.4,729,1017.94,0.4,0.0505415162454873
CUST_8842,64,Female,France,307.41,5,96,0,Sports,57.5,25,0.35,913,1537.0500000000002,0.1923076923076923,0.0515463917525773
CUST_7721,22,Male,Brazil,68.57,8,190,1,Sports,51.1,27,0.3,895,548.56,0.2857142857142857,0.0418848167539267
CUST_8002,56,Female,USA,197.58,10,318,0,Fashion,91.5,18,0.39,902,1975.8,0.5263157894736842,0.0313479623824451
CUST_5225,35,Male,Germany,93.19,10,37,0,Fashion,38.0,5,0.37,1172,931.9,1.6666666666666667,0.2631578947368421
CUST_3978,55,Male,USA,55.37,10,206,0,Home,59.7,88,0.08,844,553.6999999999999,0.1123595505617977,0.0483091787439613
CUST_8373,71,Female,Japan,74.78,15,193,0,Fashion,84.6,96,0.35,1415,1121.7,0.1546391752577319,0.0773195876288659
CUST_6907,70,Female,Germany,76.37,10,139,0,Beauty,59.8,85,0.59,1032,763.7,0.1162790697674418,0.0714285714285714
CUST_7097,54,Female,India,31.55,6,288,0,Beauty,29.8,44,0.45,1024,189.3,0.1333333333333333,0.0207612456747404
CUST_6656,47,Male,Germany,131.85,10,256,0,Electronics,55.8,98,0.5,948,1318.5,0.101010101010101,0.0389105058365758
CUST_9984,68,Male,France,93.19,10,224,0,Beauty,43.2,93,0.3,777,931.9,0.1063829787234042,0.0444444444444444
CUST_5259,48,Male,Australia,93.19,13,27,0,Electronics,98.5,5,0.42,1532,1211.47,2.1666666666666665,0.4642857142857143
CUST_9286,27,Male,Germany,146.37,7,189,0,Home,5.1,61,0.38,572,1024.59,0.1129032258064516,0.0368421052631578
CUST_6901,32,Male,India,88.56,16,244,0,Beauty,76.8,92,0.05,967,1416.96,0.1720430107526881,0.0653061224489796
CUST_5917,59,Male,Japan,47.09,7,333,0,Electronics,2.4,6,0.34,1985,329.63,1.0,0.0209580838323353
CUST_9429,76,Male,USA,36.6,16,314,0,Sports,60.4,75,0.55,1280,585.6,0.2105263157894736,0.0507936507936507
CUST_3530,65,Female,UK,37.72,12,48,0,Electronics,43.1,39,0.07,1403,452.64,0.3,0.2448979591836734
CUST_2960,61,Male,Australia,166.36,10,300,0,Beauty,91.0,8,0.52,1516,1663.6,1.1111111111111112,0.0332225913621262
CUST_8045,35,Female,USA,331.76,13,203,0,Electronics,53.9,99,0.14,437,4312.88,0.13,0.0637254901960784
CUST_2048,40,Male,Japan,27.87,6,114,0,Home,82.7,75,0.1,735,167.22,0.0789473684210526,0.0521739130434782
CUST_6772,50,Female,UK,79.77,15,19,0,Fashion,67.2,84,0.57,1769,1196.55,0.1764705882352941,0.75
CUST_3529,33,Female,Brazil,52.74,8,84,0,Sports,44.7,43,0.7,1884,421.92,0.1818181818181818,0.0941176470588235
CUST_3964,71,Male,Canada,93.19,11,252,0,Home,33.8,86,0.1,1637,1025.09,0.1264367816091954,0.0434782608695652
CUST_8137,55,Female,France,149.71,9,51,0,Sports,11.7,41,0.5,2232,1347.39,0.2142857142857142,0.173076923076923
CUST_1963,52,Male,USA,23.65,11,147,0,Sports,1.4,76,0.55,1924,260.15,0.1428571428571428,0.0743243243243243
CUST_1536,51,Female,China,88.03,4,185,0,Electronics,0.1,69,0.26,1662,352.12,0.0571428571428571,0.021505376344086
CUST_8340,45,Male,UK,85.48,14,172,0,Fashion,50.95,98,0.83,1830,1196.72,0.1414141414141414,0.0809248554913294
CUST_8179,19,Other,Brazil,53.85,11,352,0,Electronics,56.1,98,0.27,1822,592.35,0.1111111111111111,0.0311614730878186
CUST_8967,47,Male,China,144.62,14,113,0,Electronics,97.5,30,0.36,1117,2024.68,0.4516129032258064,0.1228070175438596
CUST_9734,30,Male,Canada,111.56,14,1,0,Beauty,70.5,59,0.31,1204,1561.84,0.2333333333333333,7.0
CUST_1845,58,Female,Canada,32.6,13,33,0,Electronics,7.1,23,0.32,881,423.8,0.5416666666666666,0.3823529411764705
CUST_6777,33,Male,Australia,93.19,11,281,0,Fashion,64.5,57,0.25,2066,1025.09,0.1896551724137931,0.0390070921985815
CUST_4036,76,Female,China,196.87,9,160,0,Home,48.5,25,0.31,1750,1771.83,0.3461538461538461,0.0559006211180124
CUST_6947,22,Female,Australia,49.17,10,169,0,Electronics,63.6,48,0.82,434,491.7000000000001,0.2040816326530612,0.0588235294117647
CUST_3494,72,Female,Australia,215.25,16,93,0,Fashion,62.3,70,0.13,1013,3444.0,0.2253521126760563,0.1702127659574468
CUST_3719,45,Male,Australia,61.86,9,247,0,Electronics,14.4,42,0.01,1530,556.74,0.2093023255813953,0.0362903225806451
CUST_2884,70,Female,Australia,17.12,15,320,0,Sports,91.9,29,0.15,1359,256.8,0.5,0.0467289719626168
CUST_5349,56,Female,Brazil,110.81,3,7,0,Electronics,55.5,85,0.35,490,332.43,0.0348837209302325,0.375
CUST_6179,62,Male,France,91.5,10,320,0,Beauty,70.1,71,0.33,1436,915.0,0.1388888888888889,0.0311526479750778
CUST_7610,37,Male,Germany,17.07,11,109,0,Sports,38.7,45,0.54,870,187.77,0.2391304347826087,0.1
CUST_7430,41,Male,Brazil,208.79,8,31,0,Fashion,12.2,41,0.05,711,1670.32,0.1904761904761904,0.25
CUST_8154,78,Other,Japan,187.57,8,50,0,Electronics,50.95,73,0.43,799,1500.56,0.1081081081081081,0.1568627450980392
CUST_7488,44,Male,Australia,86.95,6,167,0,Sports,94.2,63,0.25,1965,521.7,0.09375,0.0357142857142857
CUST_5737,47,Female,UK,93.19,7,65,0,Sports,58.1,47,0.03,1516,652.3299999999999,0.1458333333333333,0.106060606060606
CUST_7525,75,Male,UK,27.37,11,30,0,Home,19.9,1,0.31,968,301.07,5.5,0.3548387096774194
CUST_4850,62,Male,China,28.68,16,323,0,Sports,62.3,95,0.13,2194,458.88,0.1666666666666666,0.0493827160493827
CUST_1689,44,Female,China,46.28,7,11,0,Fashion,42.9,20,0.62,1450,323.96000000000004,0.3333333333333333,0.5833333333333334
CUST_6175,43,Other,Japan,42.28,11,286,0,Electronics,39.9,92,0.39,1090,465.08,0.1182795698924731,0.0383275261324041
CUST_9648,24,Female,Brazil,58.99,14,22,0,Sports,91.4,19,0.13,858,825.86,0.7,0.6086956521739131
CUST_6078,59,Female,UK,56.06,6,160,0,Fashion,73.7,65,0.16,1435,336.36,0.0909090909090909,0.0372670807453416
CUST_6448,64,Female,India,50.26,9,263,0,Home,50.9,93,0.11,2124,452.34,0.0957446808510638,0.034090909090909
CUST_2179,70,Male,India,113.3,18,189,0,Electronics,41.8,74,0.42,759,2039.4,0.24,0.0947368421052631
CUST_7406,76,Male,Germany,82.87,6,240,0,Beauty,24.3,36,0.32,1952,497.22,0.1621621621621621,0.0248962655601659
CUST_9591,55,Female,India,93.19,7,79,0,Sports,34.3,23,0.12,1518,652.3299999999999,0.2916666666666667,0.0875
CUST_7907,22,Other,USA,73.69,12,270,0,Sports,54.1,82,0.56,1034,884.28,0.144578313253012,0.044280442804428
CUST_9800,40,Female,Australia,202.76,10,103,0,Home,4.8,29,0.59,2019,2027.6,0.3333333333333333,0.0961538461538461
CUST_2638,45,Male,Japan,161.67,8,77,0,Fashion,35.8,92,0.41,1426,1293.36,0.086021505376344,0.1025641025641025
CUST_6671,51,Male,China,138.4,8,11,0,Home,49.4,44,0.35,2216,1107.2,0.1777777777777777,0.6666666666666666
CUST_7928,70,Male,USA,67.28,11,282,0,Fashion,60.8,7,0.31,1552,740.08,1.375,0.03886925795053
CUST_2382,32,Other,France,65.65,8,110,0,Electronics,74.3,31,0.05,1672,525.2,0.25,0.072072072072072
CUST_2403,49,Female,Australia,154.54,11,259,0,Sports,1.4,38,0.24,570,1699.9399999999998,0.282051282051282,0.0423076923076923
CUST_4292,43,Female,UK,78.41,13,309,0,Beauty,29.5,66,0.1,1201,1019.33,0.1940298507462686,0.0419354838709677
CUST_1419,65,Male,Australia,226.08,8,350,0,Home,26.1,79,0.37,2036,1808.64,0.1,0.0227920227920227
CUST_5517,48,Female,China,73.56,9,195,1,Beauty,52.1,22,0.15,734,662.04,0.391304347826087,0.0459183673469387
CUST_4302,36,Female,Canada,79.75,4,339,0,Beauty,46.6,75,0.18,1088,319.0,0.0526315789473684,0.0117647058823529
CUST_8857,26,Male,Canada,110.21,12,183,0,Sports,8.0,54,0.21,761,1322.52,0.2181818181818181,0.0652173913043478
CUST_8870,46,Female,USA,111.5,7,145,0,Sports,76.1,54,0.24,521,780.5,0.1272727272727272,0.047945205479452
CUST_6693,71,Male,Brazil,68.68,17,174,0,Beauty,68.7,83,0.45,1525,1167.5600000000002,0.2023809523809523,0.0971428571428571
CUST_1767,78,Male,UK,116.38,8,199,0,Electronics,82.1,6,0.59,2133,931.04,1.1428571428571428,0.04
CUST_3044,75,Female,China,114.17,8,187,0,Beauty,50.95,73,0.28,1986,913.36,0.1081081081081081,0.0425531914893617
CUST_2549,68,Female,China,139.44,6,105,0,Fashion,50.6,62,0.19,2068,836.64,0.0952380952380952,0.0566037735849056
CUST_7140,56,Male,China,81.35,3,72,0,Fashion,60.4,29,0.19,808,244.05,0.1,0.0410958904109589
CUST_4716,21,Female,India,54.94,10,271,0,Fashion,4.9,43,0.11,1898,549.4,0.2272727272727272,0.0367647058823529
CUST_5481,79,Male,China,12.87,8,213,0,Fashion,95.9,67,0.53,2058,102.96,0.1176470588235294,0.0373831775700934
CUST_8898,20,Female,Canada,289.68,5,185,0,Home,79.4,62,0.28,535,1448.4,0.0793650793650793,0.0268817204301075
CUST_7548,73,Female,France,138.86,7,139,1,Electronics,24.4,13,0.34,1768,972.02,0.5,0.05
CUST_3293,46,Female,Japan,123.62,9,166,0,Home,62.9,64,0.27,1530,1112.58,0.1384615384615384,0.0538922155688622
CUST_5837,69,Female,Australia,98.01,9,142,0,Home,14.3,47,0.58,493,882.09,0.1875,0.0629370629370629
CUST_8758,28,Male,Japan,114.39,9,71,1,Fashion,87.3,60,0.32,1840,1029.51,0.1475409836065573,0.125
CUST_7793,50,Male,Canada,200.83,13,343,0,Electronics,9.8,15,0.23,1401,2610.79,0.8125,0.0377906976744186
CUST_8638,55,Female,Canada,100.13,6,146,0,Electronics,90.4,5,0.5,1460,600.78,1.0,0.0408163265306122
CUST_8993,75,Male,France,97.75,8,100,0,Beauty,82.8,69,0.04,1538,782.0,0.1142857142857142,0.0792079207920792
CUST_7007,28,Female,Germany,162.77,10,337,0,Home,47.8,2,0.5,2201,1627.7,3.333333333333333,0.029585798816568
CUST_6542,44,Male,USA,45.31,7,84,0,Electronics,65.3,38,0.3,2006,317.17,0.1794871794871795,0.0823529411764705
CUST_7356,50,Male,India,32.89,6,304,0,Sports,24.6,94,0.28,441,197.34,0.0631578947368421,0.0196721311475409
CUST_9433,38,Male,Brazil,78.44,9,294,0,Home,38.4,54,0.42,1182,705.96,0.1636363636363636,0.0305084745762711
CUST_8380,56,Other,China,49.34,8,333,0,Electronics,21.7,92,0.23,955,394.72,0.086021505376344,0.0239520958083832
CUST_3385,48,Male,China,140.5,9,142,0,Sports,52.8,39,0.31,489,1264.5,0.225,0.0629370629370629
CUST_5268,55,Female,France,116.73,9,310,0,Sports,31.9,96,0.3,1506,1050.57,0.0927835051546391,0.0289389067524115
CUST_1671,63,Male,Germany,205.15,9,194,0,Sports,35.2,20,0.33,1063,1846.35,0.4285714285714285,0.0461538461538461
CUST_1163,19,Male,China,115.7,13,183,0,Fashion,44.3,20,0.31,900,1504.1,0.6190476190476191,0.0706521739130434
CUST_9656,44,Female,India,167.84,7,300,0,Beauty,87.3,29,0.48,744,1174.88,0.2333333333333333,0.0232558139534883
CUST_5592,53,Female,USA,190.56,7,66,0,Beauty,54.9,35,0.33,1902,1333.92,0.1944444444444444,0.1044776119402985
CUST_5795,28,Female,India,55.01,9,221,0,Electronics,80.7,32,0.25,1357,495.09,0.2727272727272727,0.0405405405405405
CUST_5798,64,Female,Germany,61.13,10,261,0,Electronics,84.9,17,0.25,1476,611.3000000000001,0.5555555555555556,0.0381679389312977
CUST_7036,35,Male,Canada,43.9,7,325,0,Beauty,24.5,51,0.25,2062,307.3,0.1346153846153846,0.0214723926380368
CUST_3355,76,Male,India,71.17,8,21,0,Sports,77.8,8,0.21,804,569.36,0.8888888888888888,0.3636363636363636
CUST_6887,18,Other,Japan,85.36,10,340,0,Electronics,64.9,21,0.25,1824,853.6,0.4545454545454545,0.0293255131964809
CUST_8961,52,Male,India,164.34,12,165,0,Fashion,50.7,23,0.46,1639,1972.08,0.5,0.072289156626506
CUST_6827,52,Female,Canada,105.85,9,101,0,Fashion,8.9,51,0.18,874,952.65,0.173076923076923,0.088235294117647
CUST_9737,48,Female,China,40.89,9,313,0,Beauty,57.2,91,0.45,1156,368.01,0.0978260869565217,0.0286624203821656
CUST_5719,45,Male,Australia,276.57,8,109,0,Electronics,15.5,6,0.08,648,2212.56,1.1428571428571428,0.0727272727272727
CUST_1593,56,Female,Australia,410.59,12,341,0,Electronics,81.6,52,0.37,1901,4927.08,0.2264150943396226,0.0350877192982456
CUST_5839,18,Male,Australia,15.74,7,315,0,Sports,93.5,8,0.54,1949,110.18,0.7777777777777778,0.0221518987341772
CUST_8394,42,Male,China,123.59,14,178,0,Electronics,47.8,99,0.39,2211,1730.26,0.14,0.0782122905027933
CUST_4493,60,Male,France,51.71,16,166,0,Beauty,44.1,69,0.42,601,827.36,0.2285714285714285,0.0958083832335329
CUST_7164,55,Female,USA,59.87,6,133,0,Electronics,48.9,33,0.1,1328,359.22,0.1764705882352941,0.044776119402985
CUST_3672,37,Male,USA,127.22,7,29,0,Electronics,6.7,62,0.32,802,890.54,0.1111111111111111,0.2333333333333333
CUST_5200,20,Female,China,257.82,13,362,0,Fashion,23.7,65,0.63,1375,3351.66,0.1969696969696969,0.0358126721763085
CUST_1016,68,Other,India,86.01,12,85,0,Beauty,94.1,63,0.17,1671,1032.12,0.1875,0.1395348837209302
CUST_4191,19,Female,Brazil,125.37,11,8,0,Home,34.5,88,0.31,2012,1379.0700000000002,0.1235955056179775,1.2222222222222223
CUST_1392,35,Female,USA,65.34,15,135,0,Beauty,59.1,32,0.2,546,980.1,0.4545454545454545,0.1102941176470588
CUST_9616,79,Female,Japan,82.84,10,289,0,Beauty,64.9,55,0.22,2080,828.4000000000001,0.1785714285714285,0.0344827586206896
CUST_7272,61,Male,Japan,153.96,15,135,0,Home,87.7,33,0.17,1076,2309.4,0.4411764705882353,0.1102941176470588
CUST_1571,78,Female,UK,122.69,9,139,0,Home,23.8,38,0.42,1116,1104.21,0.2307692307692307,0.0642857142857142
CUST_4631,27,Female,Japan,93.19,10,42,0,Fashion,89.0,2,0.3,511,931.9,3.333333333333333,0.2325581395348837
CUST_7172,22,Other,USA,68.92,12,104,0,Sports,39.2,81,0.33,1590,827.04,0.1463414634146341,0.1142857142857142
CUST_8177,26,Other,Brazil,71.66,9,311,0,Beauty,92.2,10,0.12,2141,644.9399999999999,0.8181818181818182,0.0288461538461538
CUST_9433,19,Female,Canada,123.11,7,30,0,Beauty,41.1,66,0.27,675,861.77,0.1044776119402985,0.2258064516129032
CUST_4897,51,Female,Australia,66.27,7,169,0,Beauty,10.4,76,0.34,586,463.89,0.0909090909090909,0.0411764705882352
CUST_9123,77,Female,India,139.65,6,160,0,Beauty,5.2,94,0.32,2164,837.9000000000001,0.0631578947368421,0.0372670807453416
CUST_3279,55,Female,Canada,24.44,10,274,0,Fashion,96.7,15,0.13,1762,244.4,0.625,0.0363636363636363
CUST_9980,78,Female,Brazil,196.95,6,252,0,Beauty,12.1,87,0.14,1841,1181.6999999999998,0.0681818181818181,0.0237154150197628
CUST_8451,48,Male,France,122.16,6,218,0,Home,54.1,82,0.29,834,732.96,0.072289156626506,0.0273972602739726
CUST_9906,27,Other,Australia,138.04,9,112,0,Home,52.7,61,0.17,1364,1242.36,0.1451612903225806,0.079646017699115
CUST_1775,67,Male,UK,60.8,10,219,0,Electronics,40.1,31,0.23,514,608.0,0.3125,0.0454545454545454
CUST_7869,29,Female,France,150.41,8,182,0,Fashion,41.8,38,0.21,1497,1203.28,0.2051282051282051,0.0437158469945355
CUST_3247,53,Female,USA,80.25,8,259,0,Electronics,47.6,29,0.3,2231,642.0,0.2666666666666666,0.0307692307692307
CUST_8088,71,Other,Brazil,85.34,8,11,0,Beauty,10.0,78,0.6,1113,682.72,0.1012658227848101,0.6666666666666666
CUST_1078,38,Male,Australia,46.98,11,339,0,Fashion,79.1,43,0.15,973,516.78,0.25,0.0323529411764705
CUST_9080,66,Female,UK,43.76,15,359,0,Fashion,37.7,23,0.53,1180,656.4,0.625,0.0416666666666666
CUST_8099,64,Female,India,47.61,14,245,0,Sports,24.5,25,0.2,940,666.54,0.5384615384615384,0.056910569105691
CUST_4926,23,Male,India,82.35,9,249,0,Sports,31.8,28,0.14,1824,741.15,0.3103448275862069,0.036
CUST_8340,65,Female,China,49.53,6,57,0,Electronics,61.2,99,0.2,2202,297.18,0.06,0.1034482758620689
CUST_8083,66,Female,USA,87.14,15,303,0,Electronics,77.5,94,0.13,1227,1307.1,0.1578947368421052,0.0493421052631578
CUST_7230,20,Female,Japan,77.31,9,0,0,Home,15.3,91,0.18,1968,695.79,0.0978260869565217,9.0
CUST_5940,27,Male,Brazil,205.57,7,360,0,Home,59.3,72,0.19,2033,1438.99,0.0958904109589041,0.0193905817174515
CUST_4271,22,Female,UK,73.38,12,202,0,Home,42.2,83,0.35,952,880.56,0.1428571428571428,0.0591133004926108
CUST_4456,63,Female,UK,71.18,9,43,0,Fashion,86.2,1,0.29,1240,640.6200000000001,4.5,0.2045454545454545
CUST_8788,43,Male,Japan,91.3,12,318,0,Beauty,94.9,20,0.21,441,1095.6,0.5714285714285714,0.0376175548589341
CUST_9599,78,Male,Japan,78.75,11,94,0,Electronics,67.9,94,0.26,844,866.25,0.1157894736842105,0.1157894736842105
CUST_8650,38,Other,France,81.21,6,293,0,Home,59.0,29,0.02,2198,487.26,0.2,0.0204081632653061
CUST_3711,62,Female,Australia,93.19,8,8,0,Fashion,50.95,8,0.12,1506,745.52,0.8888888888888888,0.8888888888888888
CUST_2668,43,Female,France,95.05,13,261,0,Sports,49.6,62,0.26,1429,1235.65,0.2063492063492063,0.049618320610687
CUST_1147,55,Male,Germany,63.35,8,325,0,Beauty,5.5,14,0.38,1742,506.8,0.5333333333333333,0.0245398773006134
CUST_7420,61,Male,Germany,108.19,11,252,0,Sports,70.1,38,0.36,675,1190.09,0.282051282051282,0.0434782608695652
CUST_1365,43,Male,USA,124.64,7,307,0,Sports,58.0,3,0.58,1280,872.48,1.75,0.0227272727272727
CUST_5531,25,Male,China,40.82,8,322,0,Beauty,15.1,3,0.24,1586,326.56,2.0,0.0247678018575851
CUST_6330,22,Female,Brazil,56.22,10,95,0,Fashion,21.3,55,0.15,857,562.2,0.1785714285714285,0.1041666666666666
CUST_6510,79,Female,UK,29.74,9,354,0,Sports,23.1,78,0.19,2124,267.66,0.1139240506329113,0.0253521126760563
CUST_9754,32,Female,Australia,43.68,14,129,0,Fashion,73.2,21,0.09,1813,611.52,0.6363636363636364,0.1076923076923077
CUST_9964,76,Male,India,167.89,8,35,0,Sports,51.8,35,0.28,1368,1343.12,0.2222222222222222,0.2222222222222222
CUST_7493,33,Female,India,271.65,10,104,0,Home,4.8,44,0.14,2142,2716.5,0.2222222222222222,0.0952380952380952
CUST_6439,18,Male,Canada,64.95,12,198,0,Beauty,83.8,44,0.48,639,779.4000000000001,0.2666666666666666,0.0603015075376884
CUST_7511,33,Male,Japan,47.45,8,290,0,Electronics,64.5,43,0.47,1479,379.6,0.1818181818181818,0.0274914089347079
CUST_8504,54,Other,USA,93.19,9,29,0,Beauty,73.3,41,0.2,1196,838.71,0.2142857142857142,0.3
CUST_2246,20,Female,Canada,101.71,10,92,0,Sports,93.7,27,0.41,2095,1017.1,0.3571428571428571,0.1075268817204301
CUST_4839,69,Female,Canada,192.34,14,235,0,Sports,26.0,92,0.37,1127,2692.76,0.1505376344086021,0.059322033898305
CUST_9551,64,Male,China,60.72,11,360,0,Home,59.0,28,0.18,939,667.92,0.3793103448275862,0.0304709141274238
CUST_3376,48,Other,Brazil,81.59,12,194,0,Home,76.0,5,0.13,998,979.08,2.0,0.0615384615384615
CUST_4009,30,Female,UK,41.23,13,255,0,Beauty,51.3,43,0.12,2103,535.99,0.2954545454545454,0.05078125
CUST_2827,73,Female,Australia,88.61,7,355,0,Electronics,48.6,63,0.23,1642,620.27,0.109375,0.0196629213483146
CUST_7979,33,Male,India,66.15,9,358,0,Beauty,92.9,39,0.2,605,595.35,0.225,0.0250696378830083
CUST_9569,72,Other,India,139.18,8,30,0,Electronics,24.4,10,0.12,1389,1113.44,0.7272727272727273,0.2580645161290322
CUST_5285,60,Female,India,97.01,10,24,0,Fashion,65.3,63,0.2,1648,970.1,0.15625,0.4
CUST_7910,38,Female,Germany,93.19,9,302,0,Sports,97.0,9,0.34,1592,838.71,0.9,0.0297029702970297
CUST_9561,19,Male,Brazil,40.9,14,0,0,Fashion,22.0,84,0.23,808,572.6,0.1647058823529411,14.0
CUST_3196,71,Male,USA,323.35,7,357,0,Beauty,46.2,93,0.08,1091,2263.4500000000003,0.0744680851063829,0.0195530726256983
CUST_4747,44,Male,India,132.59,8,117,1,Electronics,97.5,29,0.28,1133,1060.72,0.2666666666666666,0.0677966101694915
CUST_9843,55,Male,China,58.63,10,164,0,Electronics,3.6,28,0.51,1543,586.3000000000001,0.3448275862068966,0.0606060606060606
CUST_6978,43,Female,India,53.15,10,112,0,Fashion,63.0,11,0.18,1202,531.5,0.8333333333333334,0.0884955752212389
CUST_6607,75,Male,USA,226.54,9,194,0,Home,40.5,85,0.28,1373,2038.86,0.1046511627906976,0.0461538461538461
CUST_1769,79,Male,Germany,168.81,11,139,0,Home,77.1,99,0.27,1112,1856.91,0.11,0.0785714285714285
CUST_1780,76,Male,China,177.28,9,19,0,Fashion,32.3,87,0.13,1391,1595.52,0.1022727272727272,0.45
CUST_7303,55,Male,Canada,101.85,11,285,0,Home,37.3,93,0.13,2140,1120.35,0.1170212765957446,0.0384615384615384
CUST_4983,63,Male,USA,166.76,13,230,0,Electronics,51.6,15,0.35,1532,2167.88,0.8125,0.0562770562770562
CUST_9714,42,Female,Canada,117.31,7,78,0,Beauty,34.6,81,0.29,1732,821.1700000000001,0.0853658536585365,0.0886075949367088
CUST_1521,28,Female,Japan,119.79,9,127,0,Home,26.0,24,0.18,1821,1078.11,0.36,0.0703125
CUST_8569,25,Male,France,33.04,6,84,0,Electronics,35.5,35,0.64,462,198.24,0.1666666666666666,0.0705882352941176
CUST_6784,25,Male,India,38.1,17,63,0,Beauty,90.8,61,0.35,1250,647.7,0.2741935483870967,0.265625
CUST_5583,50,Male,USA,45.18,12,273,0,Electronics,34.3,20,0.18,630,542.16,0.5714285714285714,0.0437956204379562
CUST_6946,70,Male,France,42.53,7,287,0,Sports,89.9,58,0.29,2055,297.71000000000004,0.1186440677966101,0.0243055555555555
CUST_5941,24,Female,Australia,17.73,9,252,0,Beauty,20.5,63,0.37,1149,159.57,0.140625,0.0355731225296442
CUST_7267,55,Female,China,46.25,5,93,0,Sports,67.2,75,0.41,1106,231.25,0.0657894736842105,0.0531914893617021
CUST_8128,38,Female,Brazil,104.21,10,288,0,Home,74.5,94,0.12,1134,1042.1,0.1052631578947368,0.0346020761245674
CUST_3461,25,Female,Japan,207.04,12,149,0,Home,11.1,60,0.35,1055,2484.48,0.1967213114754098,0.08
CUST_1685,68,Male,Australia,72.36,6,364,0,Electronics,54.4,39,0.13,989,434.16,0.15,0.0164383561643835
CUST_3160,71,Other,Australia,93.19,7,156,0,Fashion,1.3,20,0.32,1473,652.3299999999999,0.3333333333333333,0.0445859872611464
CUST_8031,38,Female,Japan,101.09,9,215,0,Electronics,92.8,86,0.2,898,909.81,0.1034482758620689,0.0416666666666666
CUST_6341,73,Other,Canada,33.41,6,259,0,Sports,52.4,88,0.59,798,200.46,0.0674157303370786,0.023076923076923
CUST_1038,37,Male,USA,25.5,12,99,0,Beauty,3.7,58,0.36,2178,306.0,0.2033898305084746,0.12
CUST_5875,25,Other,UK,148.56,11,121,0,Fashion,68.3,64,0.06,1272,1634.16,0.1692307692307692,0.0901639344262295
CUST_2256,75,Female,India,108.63,11,131,0,Electronics,50.95,14,0.28,1584,1194.9299999999998,0.7333333333333333,0.0833333333333333
CUST_8697,63,Female,China,30.84,10,4,0,Sports,73.8,36,0.31,1271,308.4,0.2702702702702703,2.0
CUST_3196,48,Male,Germany,239.18,6,232,0,Sports,13.4,13,0.11,1631,1435.08,0.4285714285714285,0.0257510729613733
CUST_8165,67,Female,USA,95.37,14,166,0,Home,50.95,1,0.36,1942,1335.18,7.0,0.0838323353293413
CUST_1301,74,Other,India,53.81,14,56,0,Electronics,73.3,91,0.25,1564,753.34,0.1521739130434782,0.2456140350877192
CUST_8527,46,Female,USA,63.39,11,30,0,Electronics,80.1,13,0.41,710,697.29,0.7857142857142857,0.3548387096774194
CUST_7381,65,Female,Australia,86.36,15,6,0,Sports,1.6,35,0.12,1598,1295.4,0.4166666666666667,2.142857142857143
CUST_1646,26,Other,UK,303.35,9,11,0,Electronics,28.4,8,0.17,1114,2730.15,1.0,0.75
CUST_9789,32,Male,Germany,131.6,12,9,0,Home,88.5,18,0.22,923,1579.1999999999998,0.631578947368421,1.2
CUST_9853,47,Female,USA,294.39,15,156,0,Fashion,25.8,34,0.25,1528,4415.849999999999,0.4285714285714285,0.0955414012738853
CUST_5330,43,Female,India,165.01,5,212,0,Sports,50.95,52,0.51,710,825.05,0.0943396226415094,0.0234741784037558
CUST_8003,27,Other,Germany,137.42,17,140,0,Home,69.7,70,0.3,641,2336.14,0.2394366197183098,0.1205673758865248
CUST_4537,46,Male,Germany,16.98,15,126,0,Home,98.6,58,0.24,536,254.7,0.2542372881355932,0.1181102362204724
CUST_5558,71,Female,Brazil,79.93,13,197,0,Beauty,50.95,27,0.05,1533,1039.09,0.4642857142857143,0.0656565656565656
CUST_7579,33,Female,China,30.52,17,136,0,Fashion,50.95,18,0.55,940,518.84,0.8947368421052632,0.1240875912408759
CUST_9474,53,Female,Australia,93.19,10,178,0,Home,55.9,57,0.42,721,931.9,0.1724137931034483,0.0558659217877094
CUST_5082,37,Female,Brazil,106.99,6,87,0,Beauty,23.4,9,0.07,2230,641.9399999999999,0.6,0.0681818181818181
CUST_5183,62,Other,India,72.91,14,266,0,Beauty,36.9,64,0.06,951,1020.74,0.2153846153846154,0.0524344569288389
CUST_9652,71,Other,India,149.62,9,163,0,Electronics,43.4,79,0.12,824,1346.58,0.1125,0.0548780487804878
CUST_4754,54,Male,Canada,61.5,15,248,0,Home,1.9,23,0.1,1680,922.5,0.625,0.0602409638554216
CUST_2724,39,Male,USA,56.59,8,0,0,Sports,0.8,59,0.21,1390,452.72,0.1333333333333333,8.0
CUST_2376,24,Male,USA,168.61,17,276,0,Electronics,22.4,67,0.15,2027,2866.3700000000003,0.25,0.0613718411552346
CUST_9706,40,Male,Canada,99.97,8,171,0,Fashion,51.2,73,0.04,471,799.76,0.1081081081081081,0.0465116279069767
CUST_9894,58,Female,France,68.64,9,355,0,Sports,95.6,22,0.31,1693,617.76,0.391304347826087,0.0252808988764044
CUST_2653,57,Other,Japan,160.84,15,261,0,Sports,97.3,50,0.26,1812,2412.6,0.2941176470588235,0.0572519083969465
CUST_3066,46,Female,USA,93.19,12,141,0,Beauty,64.7,23,0.14,2134,1118.28,0.5,0.0845070422535211
CUST_1022,33,Male,Japan,316.06,10,92,0,Home,82.7,84,0.16,2116,3160.6,0.1176470588235294,0.1075268817204301
CUST_3460,55,Male,USA,127.07,6,128,0,Beauty,90.1,52,0.35,1191,762.42,0.1132075471698113,0.0465116279069767
CUST_6926,45,Female,China,198.33,13,135,0,Beauty,83.9,7,0.41,875,2578.29,1.625,0.0955882352941176
CUST_7251,65,Female,France,231.54,10,110,0,Home,54.4,17,0.09,1965,2315.4,0.5555555555555556,0.09009009009009
CUST_8295,55,Male,UK,46.63,7,43,0,Home,70.4,3,0.33,1104,326.41,1.75,0.1590909090909091
CUST_4300,48,Female,France,264.04,10,210,0,Home,0.4,7,0.15,1167,2640.4,1.25,0.0473933649289099
CUST_7279,31,Other,India,86.07,9,342,0,Beauty,64.8,77,0.04,871,774.6299999999999,0.1153846153846153,0.0262390670553935
CUST_9553,70,Male,Canada,149.3,5,358,0,Home,42.6,41,0.24,1672,746.5,0.119047619047619,0.0139275766016713
CUST_8353,50,Female,India,215.78,7,360,0,Home,64.5,23,0.07,1898,1510.46,0.2916666666666667,0.0193905817174515
CUST_4727,74,Male,UK,188.51,11,330,0,Sports,69.4,37,0.03,1208,2073.61,0.2894736842105263,0.0332326283987915
CUST_7272,26,Female,Brazil,75.56,13,246,0,Beauty,9.8,68,0.13,1359,982.28,0.1884057971014492,0.0526315789473684
CUST_6995,74,Female,India,125.42,14,231,0,Home,87.5,73,0.43,1602,1755.88,0.1891891891891892,0.0603448275862069
CUST_1514,44,Male,India,54.49,10,291,0,Beauty,17.6,70,0.27,2119,544.9,0.1408450704225352,0.0342465753424657
CUST_1448,41,Other,India,46.48,7,169,0,Fashion,1.0,64,0.25,533,325.36,0.1076923076923077,0.0411764705882352
CUST_7019,30,Female,Germany,107.94,8,233,0,Electronics,43.0,18,0.25,1549,863.52,0.4210526315789473,0.0341880341880341
CUST_6343,43,Female,Japan,119.57,4,7,0,Sports,9.0,35,0.38,2144,478.28,0.1111111111111111,0.5
CUST_9033,46,Male,France,55.71,11,301,0,Sports,95.6,23,0.15,1834,612.8100000000001,0.4583333333333333,0.0364238410596026
CUST_3520,68,Male,Brazil,93.19,7,99,0,Beauty,28.4,95,0.61,1571,652.3299999999999,0.0729166666666666,0.07
CUST_4081,66,Male,France,120.46,5,252,0,Home,22.4,84,0.44,2218,602.3,0.0588235294117647,0.0197628458498023
CUST_2428,60,Female,China,86.52,5,307,0,Beauty,26.2,7,0.38,760,432.6,0.625,0.0162337662337662
CUST_4967,45,Female,Japan,38.17,6,281,0,Electronics,28.3,61,0.1,566,229.02,0.0967741935483871,0.0212765957446808
CUST_7445,45,Male,Brazil,66.35,6,290,0,Sports,6.3,76,0.17,1039,398.1,0.0779220779220779,0.0206185567010309
CUST_3159,25,Female,China,73.18,8,187,0,Sports,54.0,49,0.37,524,585.44,0.16,0.0425531914893617
CUST_6132,40,Female,Australia,85.64,15,122,0,Electronics,1.8,57,0.42,720,1284.6,0.2586206896551724,0.1219512195121951
CUST_3547,46,Female,Germany,101.67,13,131,0,Beauty,74.7,68,0.29,939,1321.71,0.1884057971014492,0.0984848484848484
CUST_3979,22,Female,India,174.57,12,235,0,Sports,76.8,12,0.62,424,2094.84,0.9230769230769232,0.0508474576271186
CUST_3649,59,Other,Germany,69.58,8,220,0,Home,40.0,15,0.29,2050,556.64,0.5,0.0361990950226244
CUST_9505,24,Female,France,54.74,11,61,0,Beauty,97.1,2,0.35,2054,602.14,3.6666666666666665,0.1774193548387097
CUST_4083,59,Female,Brazil,29.76,9,319,0,Home,78.2,47,0.18,1863,267.84000000000003,0.1875,0.028125
CUST_2037,53,Male,China,231.66,7,177,0,Fashion,12.3,75,0.12,1531,1621.62,0.0921052631578947,0.0393258426966292
CUST_4489,58,Male,UK,134.35,8,219,0,Electronics,50.95,56,0.08,479,1074.8,0.1403508771929824,0.0363636363636363
CUST_8604,44,Male,China,10.7,6,170,0,Sports,84.5,97,0.19,529,64.19999999999999,0.0612244897959183,0.0350877192982456
CUST_8544,75,Female,Germany,108.88,18,81,0,Electronics,70.4,14,0.4,1984,1959.84,1.2,0.2195121951219512
CUST_3634,63,Male,India,250.01,16,13,0,Electronics,65.3,27,0.29,1203,4000.16,0.5714285714285714,1.1428571428571428
CUST_4983,19,Male,UK,86.0,19,269,0,Home,60.5,4,0.14,485,1634.0,3.8,0.0703703703703703
CUST_2778,42,Female,France,127.18,11,53,0,Sports,99.0,38,0.28,1373,1398.98,0.282051282051282,0.2037037037037037
CUST_8902,26,Male,UK,42.95,8,130,0,Fashion,47.8,84,0.54,825,343.6,0.0941176470588235,0.0610687022900763
CUST_6110,70,Male,Japan,26.36,11,97,0,Electronics,16.6,2,0.4,2186,289.96,3.6666666666666665,0.1122448979591836
CUST_6189,44,Male,Australia,93.19,12,200,0,Home,29.4,4,0.31,758,1118.28,2.4,0.0597014925373134
CUST_8378,18,Female,India,104.04,13,359,0,Home,37.5,24,0.32,731,1352.52,0.52,0.0361111111111111
CUST_2124,40,Male,Germany,209.51,8,260,0,Sports,31.6,9,0.32,1275,1676.08,0.8,0.0306513409961685
CUST_1697,27,Female,Brazil,95.13,10,220,0,Beauty,3.0,19,0.44,809,951.3,0.5,0.0452488687782805
CUST_3179,59,Female,Canada,103.21,10,4,0,Beauty,7.4,62,0.6,497,1032.1,0.1587301587301587,2.0
CUST_6251,69,Female,UK,94.58,7,116,0,Fashion,0.5,72,0.54,1566,662.06,0.0958904109589041,0.0598290598290598
CUST_2929,42,Female,USA,224.21,7,300,0,Home,67.9,41,0.26,2028,1569.47,0.1666666666666666,0.0232558139534883
CUST_2013,71,Female,Canada,204.01,8,191,0,Beauty,66.5,92,0.56,1169,1632.08,0.086021505376344,0.0416666666666666
CUST_1226,78,Male,France,91.04,8,115,0,Electronics,6.8,77,0.43,695,728.32,0.1025641025641025,0.0689655172413793
CUST_8321,20,Male,USA,110.64,6,235,0,Fashion,31.5,72,0.09,885,663.84,0.0821917808219178,0.0254237288135593
CUST_2828,23,Male,USA,58.03,7,50,0,Electronics,28.3,78,0.29,1906,406.21,0.0886075949367088,0.1372549019607843
CUST_8909,78,Male,USA,75.14,8,12,0,Beauty,45.4,50,0.26,2112,601.12,0.1568627450980392,0.6153846153846154
CUST_6588,75,Male,China,42.13,10,217,0,Home,35.9,74,0.25,1121,421.3,0.1333333333333333,0.0458715596330275
CUST_3023,23,Male,Canada,159.87,11,328,0,Beauty,82.1,84,0.16,944,1758.5700000000002,0.1294117647058823,0.033434650455927
CUST_5966,70,Female,France,79.99,22,67,0,Fashion,88.3,65,0.45,1741,1759.78,0.3333333333333333,0.3235294117647059
CUST_6891,19,Female,Germany,231.48,7,230,0,Fashion,20.6,76,0.4,1713,1620.36,0.0909090909090909,0.0303030303030303
CUST_2080,75,Male,Australia,78.73,14,324,0,Electronics,12.1,99,0.17,791,1102.22,0.14,0.043076923076923
CUST_6036,75,Female,France,41.16,15,91,0,Electronics,83.9,84,0.1,601,617.4,0.1764705882352941,0.1630434782608695
CUST_3563,35,Male,Germany,78.63,13,103,0,Fashion,50.1,76,0.09,1390,1022.19,0.1688311688311688,0.125
CUST_4292,40,Male,Germany,58.25,12,77,0,Electronics,32.4,12,0.1,1317,699.0,0.9230769230769232,0.1538461538461538
CUST_4586,19,Female,USA,252.8,6,101,0,Sports,5.1,39,0.45,1691,1516.8000000000002,0.15,0.0588235294117647
CUST_5431,29,Male,India,154.1,10,260,0,Fashion,60.6,29,0.48,1241,1541.0,0.3333333333333333,0.0383141762452107
CUST_7841,39,Male,Canada,223.11,3,303,0,Electronics,20.8,58,0.56,2127,669.33,0.0508474576271186,0.0098684210526315
CUST_7643,54,Male,Germany,116.73,14,225,0,Beauty,3.8,67,0.27,839,1634.22,0.2058823529411764,0.0619469026548672
CUST_4959,37,Other,Canada,327.28,10,347,0,Home,44.5,71,0.3,1885,3272.8,0.1388888888888889,0.028735632183908
CUST_1161,56,Female,Japan,76.28,9,174,0,Sports,59.7,87,0.07,1755,686.52,0.1022727272727272,0.0514285714285714
CUST_1593,41,Male,China,46.35,13,87,0,Sports,50.95,77,0.46,1292,602.5500000000001,0.1666666666666666,0.1477272727272727
CUST_4390,65,Female,Australia,72.71,9,117,0,Home,65.1,75,0.12,435,654.39,0.1184210526315789,0.0762711864406779
CUST_6997,37,Female,Japan,176.1,11,279,0,Home,18.9,25,0.42,1525,1937.1,0.4230769230769231,0.0392857142857142
CUST_7354,18,Female,Germany,93.19,13,140,0,Beauty,2.1,84,0.31,1159,1211.47,0.1529411764705882,0.0921985815602836
CUST_1663,18,Female,France,85.58,15,112,0,Home,14.9,49,0.33,1808,1283.7,0.3,0.1327433628318584
CUST_1541,34,Male,Canada,66.52,10,248,0,Sports,58.7,63,0.65,536,665.1999999999999,0.15625,0.0401606425702811
CUST_6433,76,Male,Japan,45.04,12,88,0,Beauty,63.5,27,0.3,1983,540.48,0.4285714285714285,0.1348314606741573
CUST_6093,18,Female,Canada,160.45,12,364,0,Home,86.5,70,0.36,627,1925.4,0.1690140845070422,0.0328767123287671
CUST_1867,70,Female,China,93.19,11,308,0,Beauty,6.2,70,0.39,2188,1025.09,0.1549295774647887,0.0355987055016181
CUST_9623,69,Female,France,15.83,14,219,0,Beauty,95.3,58,0.06,439,221.62,0.2372881355932203,0.0636363636363636
CUST_6469,62,Female,Japan,106.43,2,50,0,Electronics,52.2,9,0.32,1500,212.86,0.2,0.0392156862745098
CUST_7256,47,Other,Canada,120.32,7,174,0,Home,24.6,85,0.13,1293,842.24,0.0813953488372093,0.04
CUST_2169,58,Other,France,179.6,4,208,0,Electronics,36.5,82,0.16,1929,718.4,0.0481927710843373,0.0191387559808612
CUST_1830,64,Female,USA,68.04,14,116,0,Sports,5.6,1,0.42,968,952.56,7.0,0.1196581196581196
CUST_2651,20,Female,UK,140.2,4,312,0,Beauty,11.0,76,0.19,1522,560.8,0.0519480519480519,0.0127795527156549
CUST_2136,63,Other,USA,144.09,11,312,0,Sports,88.2,65,0.38,1402,1584.99,0.1666666666666666,0.0351437699680511
CUST_3810,72,Male,Australia,336.67,8,290,0,Beauty,10.6,92,0.06,1091,2693.36,0.086021505376344,0.0274914089347079
CUST_9667,28,Male,Germany,74.75,10,85,0,Home,5.6,24,0.19,1836,747.5,0.4,0.1162790697674418
CUST_2019,41,Female,India,90.25,16,134,0,Fashion,59.8,19,0.43,888,1444.0,0.8,0.1185185185185185
CUST_6237,39,Female,UK,93.19,7,308,0,Home,38.3,14,0.12,483,652.3299999999999,0.4666666666666667,0.0226537216828478
CUST_2283,61,Female,Germany,227.64,11,265,0,Beauty,40.6,14,0.6,950,2504.04,0.7333333333333333,0.0413533834586466
CUST_1659,62,Female,Japan,229.55,7,219,0,Fashion,12.0,90,0.15,1642,1606.85,0.0769230769230769,0.0318181818181818
CUST_3010,43,Male,Australia,122.77,8,294,0,Fashion,4.4,80,0.1,1568,982.16,0.0987654320987654,0.0271186440677966
CUST_9590,30,Male,China,89.7,8,185,0,Home,86.6,88,0.39,2191,717.6,0.0898876404494382,0.043010752688172
CUST_2733,18,Female,Australia,53.37,11,162,0,Sports,39.0,32,0.19,687,587.0699999999999,0.3333333333333333,0.0674846625766871
CUST_3125,41,Male,Canada,93.19,12,126,0,Home,11.0,6,0.44,1814,1118.28,1.7142857142857142,0.0944881889763779
CUST_3171,27,Male,Australia,163.36,18,314,0,Beauty,50.95,94,0.35,2000,2940.4800000000005,0.1894736842105263,0.0571428571428571
CUST_9266,52,Male,Japan,225.25,8,116,1,Sports,10.3,23,0.15,1496,1802.0,0.3333333333333333,0.0683760683760683
CUST_4471,41,Male,China,121.89,7,136,0,Beauty,47.8,19,0.19,1404,853.23,0.35,0.0510948905109489
CUST_6624,45,Female,China,48.44,11,255,0,Sports,80.4,89,0.42,795,532.8399999999999,0.1222222222222222,0.04296875
CUST_9691,53,Male,Brazil,141.83,10,355,0,Electronics,39.3,89,0.44,652,1418.3000000000002,0.1111111111111111,0.0280898876404494
CUST_9329,33,Female,Australia,33.96,8,263,0,Sports,62.0,2,0.31,578,271.68,2.6666666666666665,0.0303030303030303
CUST_3097,57,Male,USA,29.8,4,221,0,Electronics,67.5,74,0.32,1432,119.2,0.0533333333333333,0.018018018018018
CUST_6068,33,Female,Brazil,141.53,12,313,0,Beauty,71.2,41,0.1,1353,1698.36,0.2857142857142857,0.0382165605095541
CUST_7397,76,Male,Brazil,54.81,15,350,0,Home,60.6,53,0.26,445,822.1500000000001,0.2777777777777778,0.0427350427350427
CUST_3757,34,Female,Japan,93.19,9,149,0,Beauty,55.4,27,0.22,748,838.71,0.3214285714285714,0.06
CUST_4920,68,Female,UK,149.74,9,235,0,Home,47.8,8,0.24,2024,1347.66,1.0,0.0381355932203389
CUST_9186,71,Male,USA,154.85,13,350,0,Electronics,47.4,43,0.25,584,2013.05,0.2954545454545454,0.037037037037037
CUST_2900,32,Female,China,60.87,23,167,0,Home,33.3,33,0.1,2034,1400.01,0.6764705882352942,0.1369047619047619
CUST_3610,33,Female,Australia,235.87,9,68,0,Beauty,50.5,43,0.38,504,2122.83,0.2045454545454545,0.1304347826086956
CUST_7900,32,Male,Brazil,54.63,2,208,0,Beauty,47.9,83,0.39,1013,109.26,0.0238095238095238,0.0095693779904306
CUST_2449,74,Male,Germany,93.19,7,51,0,Beauty,31.9,30,0.29,1792,652.3299999999999,0.2258064516129032,0.1346153846153846
CUST_9738,51,Other,Germany,228.01,16,266,0,Sports,30.1,34,0.36,1987,3648.16,0.4571428571428571,0.0599250936329588
CUST_6017,28,Female,Brazil,48.5,11,149,0,Beauty,44.6,78,0.58,583,533.5,0.1392405063291139,0.0733333333333333
CUST_8999,18,Male,Canada,35.81,8,302,0,Sports,50.95,20,0.43,832,286.48,0.3809523809523809,0.0264026402640264
CUST_7052,32,Male,Australia,115.77,10,344,0,Fashion,24.8,87,0.3,910,1157.7,0.1136363636363636,0.0289855072463768
CUST_3096,43,Female,Japan,142.54,7,12,0,Electronics,84.5,62,0.55,696,997.78,0.1111111111111111,0.5384615384615384
CUST_9895,68,Female,China,165.57,8,99,0,Fashion,72.4,79,0.28,2041,1324.56,0.1,0.08
CUST_7404,21,Female,Brazil,23.01,10,172,0,Fashion,26.2,2,0.6,2145,230.1,3.333333333333333,0.0578034682080924
CUST_4331,60,Male,USA,86.45,8,236,0,Sports,1.4,88,0.24,940,691.6,0.0898876404494382,0.0337552742616033
CUST_8462,22,Female,Brazil,69.97,14,74,0,Sports,7.7,88,0.13,1313,979.58,0.1573033707865168,0.1866666666666666
CUST_6105,52,Male,France,38.78,14,324,0,Electronics,88.3,95,0.41,424,542.9200000000001,0.1458333333333333,0.043076923076923
CUST_3978,30,Male,China,35.98,13,249,0,Electronics,80.7,80,0.51,1253,467.74,0.1604938271604938,0.052
CUST_3839,27,Female,UK,37.46,12,77,0,Electronics,38.0,68,0.48,907,449.52,0.1739130434782608,0.1538461538461538
CUST_4384,28,Other,China,204.71,10,277,0,Beauty,6.2,98,0.4,766,2047.1,0.101010101010101,0.0359712230215827
CUST_1685,35,Male,USA,69.84,7,241,0,Beauty,81.1,79,0.28,852,488.88,0.0875,0.0289256198347107
CUST_8531,51,Female,France,70.95,13,313,0,Electronics,25.5,83,0.05,1287,922.35,0.1547619047619047,0.0414012738853503
CUST_5283,56,Female,UK,68.87,19,215,0,Sports,95.3,19,0.2,2003,1308.5300000000002,0.95,0.0879629629629629
CUST_8736,58,Female,India,93.19,12,219,0,Fashion,52.3,35,0.18,415,1118.28,0.3333333333333333,0.0545454545454545
CUST_8710,59,Female,USA,96.7,11,20,0,Electronics,71.5,20,0.28,1589,1063.7,0.5238095238095238,0.5238095238095238
CUST_2619,67,Female,Germany,68.11,9,304,0,Electronics,46.2,41,0.55,1733,612.99,0.2142857142857142,0.0295081967213114
CUST_7868,40,Male,Canada,101.71,11,352,0,Fashion,2.8,29,0.55,1509,1118.81,0.3666666666666666,0.0311614730878186
CUST_2431,24,Other,China,135.22,6,91,0,Home,6.3,15,0.6,927,811.3199999999999,0.375,0.0652173913043478
CUST_5713,76,Female,India,93.19,8,294,0,Electronics,97.6,84,0.01,1992,745.52,0.0941176470588235,0.0271186440677966
CUST_5998,56,Female,France,69.68,11,99,0,Electronics,41.2,32,0.32,2168,766.48,0.3333333333333333,0.11
CUST_1162,20,Female,India,93.19,15,265,0,Beauty,18.3,13,0.09,761,1397.85,1.0714285714285714,0.056390977443609
CUST_2974,29,Female,Japan,208.08,10,167,0,Fashion,72.0,7,0.21,497,2080.8,1.25,0.0595238095238095
CUST_4291,24,Male,Australia,22.53,11,57,0,Electronics,88.2,54,0.04,526,247.83,0.2,0.1896551724137931
CUST_9461,66,Male,China,87.25,14,88,0,Electronics,26.7,16,0.31,564,1221.5,0.8235294117647058,0.1573033707865168
CUST_1631,43,Female,Australia,70.1,11,172,0,Home,57.1,10,0.31,1684,771.0999999999999,1.0,0.0635838150289017
CUST_1905,50,Male,Germany,72.38,8,144,0,Fashion,24.5,56,0.28,560,579.04,0.1403508771929824,0.0551724137931034
CUST_3014,54,Male,India,81.81,6,120,0,Electronics,82.3,66,0.14,563,490.86,0.0895522388059701,0.0495867768595041
CUST_8896,65,Female,France,122.57,8,244,0,Home,8.7,38,0.26,1797,980.56,0.2051282051282051,0.0326530612244898
CUST_1204,32,Female,Germany,117.68,10,323,0,Electronics,37.3,53,0.17,2022,1176.8000000000002,0.1851851851851851,0.0308641975308641
CUST_1581,19,Male,Australia,143.56,10,265,0,Sports,38.0,82,0.54,616,1435.6,0.1204819277108433,0.037593984962406
CUST_6675,58,Female,India,65.55,11,61,0,Home,63.7,34,0.07,1565,721.05,0.3142857142857143,0.1774193548387097
CUST_6347,24,Female,Germany,145.28,6,88,0,Sports,17.8,85,0.17,1088,871.6800000000001,0.0697674418604651,0.0674157303370786
CUST_3643,49,Female,USA,116.77,17,71,0,Electronics,47.5,85,0.1,1174,1985.09,0.1976744186046511,0.2361111111111111
CUST_9017,21,Female,Brazil,90.63,12,169,0,Home,55.2,1,0.24,1293,1087.56,6.0,0.0705882352941176
CUST_3297,37,Male,Canada,141.29,9,172,0,Fashion,89.1,79,0.13,1928,1271.61,0.1125,0.0520231213872832
CUST_1874,67,Male,UK,227.97,8,75,0,Beauty,52.7,74,0.24,701,1823.76,0.1066666666666666,0.1052631578947368
CUST_6560,70,Male,USA,106.47,15,364,0,Electronics,13.2,59,0.1,1327,1597.05,0.25,0.0410958904109589
CUST_1689,53,Female,Germany,40.67,10,157,0,Home,10.1,99,0.16,869,406.7000000000001,0.1,0.0632911392405063
CUST_5000,49,Female,France,66.41,6,329,0,Sports,92.4,25,0.1,2001,398.46,0.2307692307692307,0.0181818181818181
CUST_1671,45,Female,Japan,74.26,7,212,0,Home,98.0,32,0.31,1022,519.82,0.2121212121212121,0.0328638497652582
CUST_8927,30,Female,Brazil,229.43,10,8,0,Fashion,16.7,31,0.28,536,2294.3,0.3125,1.1111111111111112
CUST_2171,18,Female,UK,65.61,12,2,0,Home,75.1,74,0.12,1827,787.3199999999999,0.16,4.0
CUST_6591,77,Female,USA,24.43,13,308,0,Sports,25.1,3,0.24,845,317.59,3.25,0.0420711974110032
CUST_7342,73,Male,Japan,105.42,7,169,0,Electronics,83.3,86,0.4,1917,737.94,0.0804597701149425,0.0411764705882352
CUST_2449,52,Male,Japan,34.76,6,146,0,Sports,9.7,66,0.44,600,208.56,0.0895522388059701,0.0408163265306122
CUST_3539,65,Female,Japan,31.29,10,5,0,Sports,43.7,87,0.48,1676,312.9,0.1136363636363636,1.6666666666666667
CUST_4959,47,Male,Brazil,344.41,7,170,0,Sports,59.6,41,0.14,2128,2410.8700000000003,0.1666666666666666,0.0409356725146198
CUST_7285,71,Male,India,31.42,12,79,0,Beauty,85.3,62,0.04,2061,377.04,0.1904761904761904,0.15
CUST_6432,53,Female,USA,158.44,15,291,0,Electronics,85.7,53,0.07,1541,2376.6,0.2777777777777778,0.0513698630136986
CUST_5260,74,Male,India,252.78,11,223,0,Beauty,18.4,88,0.21,1891,2780.58,0.1235955056179775,0.0491071428571428
CUST_3361,72,Female,China,34.89,7,351,0,Home,96.7,96,0.11,1365,244.23,0.0721649484536082,0.0198863636363636
CUST_7164,42,Male,Brazil,185.17,12,294,0,Electronics,63.9,33,0.2,638,2222.04,0.3529411764705882,0.0406779661016949
CUST_4670,33,Male,Japan,124.56,10,42,0,Electronics,65.9,91,0.38,697,1245.6,0.108695652173913,0.2325581395348837
CUST_2753,75,Male,Japan,114.37,12,244,0,Home,88.9,13,0.39,1483,1372.44,0.8571428571428571,0.0489795918367346
CUST_9100,36,Female,Brazil,26.76,10,49,1,Home,32.0,39,0.03,655,267.6,0.25,0.2
CUST_2938,18,Male,China,107.73,10,294,0,Sports,41.5,29,0.27,1894,1077.3,0.3333333333333333,0.0338983050847457
CUST_9562,22,Female,Canada,139.79,7,129,0,Electronics,98.5,25,0.21,1068,978.53,0.2692307692307692,0.0538461538461538
CUST_6976,68,Female,France,143.88,9,251,0,Fashion,1.7,19,0.18,2234,1294.92,0.45,0.0357142857142857
CUST_7588,39,Other,Canada,80.09,14,164,0,Sports,86.7,65,0.14,1927,1121.26,0.2121212121212121,0.0848484848484848
CUST_9616,41,Male,India,133.21,14,100,0,Electronics,84.3,99,0.2,1790,1864.94,0.14,0.1386138613861386
CUST_7304,60,Female,Brazil,162.32,9,274,0,Home,26.2,16,0.6,1934,1460.88,0.5294117647058824,0.0327272727272727
CUST_8345,62,Female,France,22.15,6,68,0,Home,82.2,72,0.26,1553,132.89999999999998,0.0821917808219178,0.0869565217391304
CUST_8875,69,Other,Canada,132.71,12,43,0,Fashion,33.0,71,0.11,2206,1592.52,0.1666666666666666,0.2727272727272727
CUST_7633,54,Other,India,56.08,7,149,0,Electronics,62.9,85,0.33,638,392.56,0.0813953488372093,0.0466666666666666
CUST_1597,70,Male,Germany,91.96,12,134,0,Beauty,50.95,75,0.25,852,1103.52,0.1578947368421052,0.0888888888888888
CUST_4062,53,Female,Australia,152.3,14,317,0,Sports,10.1,90,0.13,693,2132.2000000000003,0.1538461538461538,0.0440251572327044
CUST_3336,53,Male,France,38.78,8,344,0,Electronics,89.5,60,0.14,609,310.24,0.1311475409836065,0.0231884057971014
CUST_1572,21,Male,UK,94.37,8,217,0,Beauty,54.5,79,0.47,1770,754.96,0.1,0.036697247706422
CUST_8521,53,Male,France,118.73,13,147,0,Home,48.2,57,0.21,1582,1543.49,0.2241379310344827,0.0878378378378378
CUST_7171,69,Female,India,56.53,8,125,0,Home,87.9,45,0.31,901,452.24,0.1739130434782608,0.0634920634920634
CUST_8097,70,Female,Japan,78.08,7,248,0,Beauty,32.8,52,0.39,1857,546.56,0.1320754716981132,0.0281124497991967
CUST_3090,35,Male,India,55.77,6,53,0,Beauty,57.0,6,0.47,767,334.62,0.8571428571428571,0.1111111111111111
CUST_7566,67,Female,USA,158.93,9,331,0,Fashion,88.2,60,0.38,1046,1430.37,0.1475409836065573,0.0271084337349397
CUST_5624,33,Male,Japan,58.31,7,222,0,Electronics,34.3,37,0.12,1255,408.17,0.1842105263157894,0.0313901345291479
CUST_2633,58,Female,India,207.71,8,208,0,Home,79.4,54,0.49,1753,1661.68,0.1454545454545454,0.0382775119617224
CUST_2517,35,Male,Canada,129.57,9,143,0,Sports,51.4,4,0.2,1869,1166.13,1.8,0.0625
CUST_4648,39,Male,Australia,161.3,7,312,0,Home,15.8,83,0.07,2201,1129.1,0.0833333333333333,0.0223642172523961
CUST_2537,19,Male,India,74.92,9,319,0,Electronics,4.1,47,0.17,665,674.28,0.1875,0.028125
CUST_4137,38,Male,Canada,44.8,13,137,0,Beauty,72.7,85,0.2,2185,582.4,0.1511627906976744,0.0942028985507246
CUST_7985,53,Female,UK,66.22,14,354,0,Fashion,26.2,37,0.33,2023,927.08,0.3684210526315789,0.0394366197183098
CUST_1097,61,Male,USA,19.43,10,224,0,Home,50.95,82,0.3,744,194.3,0.1204819277108433,0.0444444444444444
CUST_4750,56,Female,Germany,108.69,8,101,0,Fashion,18.9,42,0.03,884,869.52,0.1860465116279069,0.0784313725490196
CUST_9535,64,Male,USA,45.79,7,98,0,Beauty,56.8,48,0.52,1135,320.53,0.1428571428571428,0.0707070707070707
CUST_9174,56,Female,Japan,38.03,6,306,0,Electronics,9.3,61,0.47,725,228.18,0.0967741935483871,0.019543973941368
CUST_9103,46,Female,Australia,73.51,8,282,0,Home,73.6,62,0.12,2237,588.08,0.1269841269841269,0.0282685512367491
CUST_6413,71,Male,USA,101.4,9,90,0,Electronics,76.6,55,0.57,2076,912.6,0.1607142857142857,0.0989010989010989
CUST_5666,43,Female,France,220.98,17,296,0,Sports,50.95,37,0.25,1150,3756.66,0.4473684210526316,0.0572390572390572
CUST_1610,38,Male,Germany,89.47,5,203,0,Electronics,56.1,15,0.42,2162,447.35,0.3125,0.0245098039215686
CUST_2727,34,Female,Japan,55.38,12,237,0,Beauty,10.6,59,0.22,540,664.5600000000001,0.2,0.0504201680672268
CUST_2854,33,Male,France,142.12,8,96,0,Beauty,82.8,63,0.12,1259,1136.96,0.125,0.0824742268041237
CUST_6055,77,Female,Japan,105.07,13,120,0,Sports,31.4,66,0.41,575,1365.91,0.1940298507462686,0.1074380165289256
CUST_3324,48,Female,France,89.66,13,116,0,Electronics,90.0,42,0.46,979,1165.58,0.3023255813953488,0.1111111111111111
CUST_6774,68,Other,China,181.72,8,65,0,Beauty,50.95,31,0.49,1979,1453.76,0.25,0.1212121212121212
CUST_7519,26,Female,Australia,93.19,11,130,0,Beauty,13.2,6,0.36,2166,1025.09,1.5714285714285714,0.0839694656488549
CUST_2749,48,Female,Canada,38.28,6,266,0,Beauty,8.3,19,0.4,2008,229.68,0.3,0.0224719101123595
CUST_1781,31,Male,USA,93.19,10,315,0,Beauty,89.8,38,0.26,2062,931.9,0.2564102564102564,0.0316455696202531
CUST_8548,66,Other,UK,95.28,8,91,0,Fashion,89.9,79,0.2,1231,762.24,0.1,0.0869565217391304
CUST_7823,54,Female,France,75.51,13,76,0,Home,58.5,33,0.64,1599,981.63,0.3823529411764705,0.1688311688311688
CUST_3105,19,Male,China,43.28,7,237,0,Fashion,88.8,90,0.2,753,302.96000000000004,0.0769230769230769,0.0294117647058823
CUST_4867,69,Female,Australia,55.74,14,251,0,Beauty,93.1,53,0.17,828,780.36,0.2592592592592592,0.0555555555555555
CUST_8193,65,Male,UK,59.44,16,226,0,Electronics,55.5,30,0.36,533,951.04,0.5161290322580645,0.0704845814977973
CUST_5976,63,Female,USA,18.92,5,359,0,Fashion,68.7,75,0.33,1896,94.6,0.0657894736842105,0.0138888888888888
CUST_3113,31,Female,China,172.81,12,319,0,Sports,61.4,65,0.36,603,2073.7200000000003,0.1818181818181818,0.0375
CUST_6879,76,Male,UK,104.53,10,140,0,Home,17.5,14,0.55,964,1045.3,0.6666666666666666,0.0709219858156028
CUST_4970,50,Female,Germany,138.39,10,53,0,Electronics,43.6,10,0.27,1478,1383.9,0.9090909090909092,0.1851851851851851
CUST_8264,52,Male,Brazil,227.45,10,139,0,Fashion,68.1,17,0.14,1799,2274.5,0.5555555555555556,0.0714285714285714
CUST_2577,75,Male,Japan,62.4,13,145,0,Home,61.0,75,0.16,2211,811.1999999999999,0.1710526315789473,0.0890410958904109
CUST_3274,56,Male,Japan,50.66,11,273,0,Fashion,21.5,15,0.57,1882,557.26,0.6875,0.0401459854014598
CUST_5869,75,Female,India,95.61,13,144,0,Sports,91.0,76,0.22,592,1242.93,0.1688311688311688,0.0896551724137931
CUST_7744,64,Male,Germany,85.0,10,166,0,Beauty,78.4,3,0.25,973,850.0,2.5,0.059880239520958
CUST_3426,68,Male,Brazil,116.36,13,85,0,Sports,50.95,22,0.22,449,1512.68,0.5652173913043478,0.1511627906976744
CUST_6546,37,Female,India,151.48,13,140,0,Beauty,34.4,56,0.57,588,1969.24,0.2280701754385964,0.0921985815602836
CUST_7852,19,Male,UK,61.56,8,44,0,Home,99.6,59,0.13,572,492.48,0.1333333333333333,0.1777777777777777
CUST_3551,68,Male,India,27.12,10,127,0,Fashion,50.95,26,0.41,1082,271.2,0.3703703703703703,0.078125
CUST_7411,58,Male,France,88.53,17,357,0,Fashion,50.95,50,0.25,680,1505.01,0.3333333333333333,0.047486033519553
CUST_1007,36,Male,Germany,161.06,17,116,0,Sports,10.1,87,0.13,2138,2738.02,0.1931818181818181,0.1452991452991453
CUST_9087,76,Female,China,110.47,13,146,0,Electronics,31.1,80,0.41,1243,1436.11,0.1604938271604938,0.0884353741496598
CUST_3555,54,Male,China,72.46,11,146,0,Home,88.2,61,0.04,1606,797.06,0.1774193548387097,0.0748299319727891
CUST_1475,35,Other,Brazil,44.58,11,20,0,Beauty,51.1,55,0.26,2064,490.38,0.1964285714285714,0.5238095238095238
CUST_6416,33,Female,USA,174.14,9,23,0,Home,82.5,64,0.29,852,1567.2599999999998,0.1384615384615384,0.375
CUST_9676,21,Male,China,49.11,13,157,0,Sports,0.8,3,0.55,996,638.43,3.25,0.0822784810126582
CUST_8239,29,Male,Germany,93.19,10,47,0,Fashion,66.6,30,0.07,1308,931.9,0.3225806451612903,0.2083333333333333
CUST_7710,46,Male,Australia,95.33,11,109,0,Beauty,30.0,58,0.03,683,1048.63,0.1864406779661017,0.1
CUST_6000,24,Female,Japan,138.87,8,58,0,Beauty,86.1,13,0.33,1962,1110.96,0.5714285714285714,0.135593220338983
CUST_5654,31,Male,Australia,31.52,7,16,0,Beauty,94.4,72,0.22,1909,220.64,0.0958904109589041,0.4117647058823529
CUST_9078,72,Male,India,176.29,11,303,0,Beauty,68.8,24,0.1,1644,1939.19,0.44,0.0361842105263157
CUST_7063,29,Female,Canada,101.94,12,54,0,Home,14.6,69,0.15,1207,1223.28,0.1714285714285714,0.2181818181818181
CUST_3285,52,Male,France,114.73,10,136,0,Home,46.8,7,0.27,746,1147.3,1.25,0.072992700729927
CUST_6223,22,Male,Canada,70.75,18,76,0,Sports,46.4,51,0.21,2020,1273.5,0.3461538461538461,0.2337662337662337
CUST_7971,34,Female,Germany,53.27,8,269,0,Fashion,83.0,54,0.39,1926,426.16,0.1454545454545454,0.0296296296296296
CUST_4525,75,Female,Canada,140.02,10,179,0,Fashion,46.1,51,0.27,1948,1400.2,0.1923076923076923,0.0555555555555555
CUST_3822,59,Male,Australia,149.22,10,84,0,Home,33.3,27,0.13,1956,1492.2,0.3571428571428571,0.1176470588235294
CUST_5943,49,Female,USA,72.66,15,299,0,Sports,61.1,12,0.7,2068,1089.9,1.1538461538461535,0.05
CUST_7530,27,Male,Germany,68.18,8,138,0,Electronics,64.7,41,0.43,1158,545.44,0.1904761904761904,0.0575539568345323
CUST_1258,60,Female,Japan,70.54,8,306,0,Beauty,81.0,89,0.19,1212,564.32,0.0888888888888888,0.0260586319218241
CUST_1282,34,Female,Brazil,30.73,5,169,0,Fashion,50.95,33,0.14,889,153.65,0.1470588235294117,0.0294117647058823
CUST_2898,22,Female,Germany,117.39,9,241,0,Beauty,89.0,79,0.48,1443,1056.51,0.1125,0.0371900826446281
CUST_5135,62,Other,UK,75.91,11,63,0,Fashion,62.7,31,0.19,2173,835.01,0.34375,0.171875
CUST_7629,59,Other,Japan,184.92,8,239,0,Electronics,52.4,11,0.3,1129,1479.36,0.6666666666666666,0.0333333333333333
CUST_4200,26,Other,Germany,114.9,12,94,0,Fashion,80.1,36,0.08,1204,1378.8000000000002,0.3243243243243243,0.1263157894736842
CUST_6110,66,Female,UK,104.09,10,145,0,Electronics,30.7,6,0.23,1496,1040.9,1.4285714285714286,0.0684931506849315
CUST_8167,50,Male,Japan,154.71,10,48,0,Fashion,75.8,45,0.1,573,1547.1,0.217391304347826,0.2040816326530612
CUST_1612,53,Female,India,93.19,12,144,0,Home,50.6,60,0.19,1825,1118.28,0.1967213114754098,0.0827586206896551
CUST_1687,53,Female,China,37.34,6,258,0,Beauty,12.4,90,0.31,1033,224.04,0.0659340659340659,0.0231660231660231
CUST_4690,35,Female,France,101.65,6,158,0,Sports,75.3,72,0.28,1510,609.9000000000001,0.0821917808219178,0.0377358490566037
CUST_9804,26,Male,China,15.58,13,216,0,Sports,64.8,37,0.32,458,202.54,0.3421052631578947,0.0599078341013824
CUST_3307,79,Other,Australia,32.54,13,302,0,Fashion,8.2,30,0.31,1993,423.02,0.4193548387096774,0.0429042904290429
CUST_8133,74,Female,Brazil,104.54,8,16,0,Sports,50.95,38,0.29,1433,836.32,0.2051282051282051,0.4705882352941176
CUST_7509,46,Other,China,93.19,11,80,0,Beauty,48.6,16,0.3,940,1025.09,0.6470588235294118,0.1358024691358024
CUST_6906,78,Female,Germany,217.84,22,183,0,Home,65.4,79,0.33,868,4792.4800000000005,0.275,0.1195652173913043
CUST_3591,67,Male,India,142.2,10,282,0,Home,67.8,38,0.35,790,1422.0,0.2564102564102564,0.0353356890459364
CUST_8183,31,Male,Canada,73.12,8,70,0,Electronics,19.1,53,0.3,1086,584.96,0.1481481481481481,0.1126760563380281
CUST_6248,42,Male,Australia,56.0,12,89,0,Sports,3.4,8,0.43,1186,672.0,1.3333333333333333,0.1333333333333333
CUST_9766,32,Male,China,63.01,5,196,0,Beauty,79.4,99,0.3,645,315.05,0.05,0.0253807106598984
CUST_6108,23,Female,USA,93.19,16,129,0,Sports,98.2,9,0.54,2145,1491.04,1.6,0.123076923076923
CUST_4604,73,Female,Brazil,202.15,9,79,0,Beauty,94.1,21,0.22,1186,1819.35,0.4090909090909091,0.1125
CUST_1669,59,Female,Canada,98.14,6,364,0,Electronics,50.1,41,0.04,2061,588.84,0.1428571428571428,0.0164383561643835
CUST_5364,46,Female,France,92.04,3,202,0,Sports,52.9,69,0.18,1340,276.12,0.0428571428571428,0.0147783251231527
CUST_8329,32,Male,Germany,113.68,9,230,0,Home,93.1,19,0.48,1740,1023.12,0.45,0.0389610389610389
CUST_2283,46,Male,India,289.69,10,86,0,Electronics,54.4,80,0.4,1508,2896.9,0.1234567901234567,0.1149425287356321
CUST_1923,21,Male,Japan,146.44,9,226,0,Sports,27.8,18,0.72,1560,1317.96,0.4736842105263157,0.039647577092511
CUST_2125,35,Male,China,124.96,11,5,0,Home,67.8,76,0.12,2175,1374.56,0.1428571428571428,1.8333333333333333
CUST_2529,67,Female,USA,93.19,4,356,0,Home,47.7,80,0.19,458,372.76,0.0493827160493827,0.011204481792717
CUST_9438,74,Male,Brazil,184.94,10,224,0,Beauty,78.5,5,0.4,1592,1849.4,1.6666666666666667,0.0444444444444444
CUST_4711,66,Male,France,156.61,13,145,0,Home,50.95,67,0.61,1151,2035.9300000000003,0.1911764705882352,0.0890410958904109
CUST_9004,61,Male,China,70.1,12,54,0,Fashion,93.6,71,0.51,764,841.1999999999999,0.1666666666666666,0.2181818181818181
CUST_7274,56,Female,France,29.51,11,66,0,Sports,13.8,32,0.18,476,324.61,0.3333333333333333,0.1641791044776119
CUST_4864,33,Female,Canada,27.52,13,184,0,Sports,52.1,95,0.3,2060,357.76,0.1354166666666666,0.0702702702702702
CUST_8833,28,Female,Canada,61.37,6,146,0,Beauty,50.95,78,0.28,2084,368.22,0.0759493670886076,0.0408163265306122
CUST_7788,31,Male,Australia,57.17,8,73,0,Home,43.5,88,0.23,1745,457.36,0.0898876404494382,0.1081081081081081
CUST_1226,20,Other,China,117.22,12,138,0,Beauty,62.7,48,0.45,1328,1406.64,0.2448979591836734,0.0863309352517985
CUST_1264,68,Male,India,117.13,11,223,0,Fashion,81.7,33,0.28,987,1288.4299999999998,0.3235294117647059,0.0491071428571428
CUST_1645,67,Female,Brazil,69.91,10,231,0,Beauty,47.3,69,0.27,540,699.0999999999999,0.1428571428571428,0.043103448275862
CUST_8544,79,Female,Japan,93.19,5,182,0,Sports,40.8,72,0.37,951,465.95,0.0684931506849315,0.0273224043715847
CUST_6569,59,Female,Japan,44.51,8,95,0,Beauty,18.1,2,0.26,1900,356.08,2.6666666666666665,0.0833333333333333
CUST_3990,55,Other,Germany,53.37,8,341,0,Sports,82.5,54,0.12,2073,426.96,0.1454545454545454,0.023391812865497
CUST_3504,62,Male,Germany,112.52,0,247,0,Electronics,79.6,42,0.13,1410,0.0,0.0,0.0
CUST_1587,59,Female,Brazil,157.14,13,131,1,Fashion,74.3,35,0.2,895,2042.82,0.3611111111111111,0.0984848484848484
CUST_5079,35,Male,China,324.18,11,12,0,Fashion,39.3,61,0.53,492,3565.98,0.1774193548387097,0.8461538461538461
CUST_4348,75,Female,China,201.92,9,69,0,Sports,58.3,60,0.17,1437,1817.28,0.1475409836065573,0.1285714285714285
CUST_7299,37,Male,Canada,128.9,6,348,0,Electronics,12.4,98,0.59,439,773.4000000000001,0.0606060606060606,0.0171919770773638
CUST_4831,75,Male,USA,358.68,9,255,0,Home,32.0,94,0.38,1362,3228.12,0.0947368421052631,0.03515625
CUST_9381,65,Female,Germany,81.72,15,187,1,Beauty,43.6,49,0.55,1353,1225.8,0.3,0.0797872340425532
CUST_2715,42,Female,USA,103.04,10,88,0,Home,4.4,23,0.26,1814,1030.4,0.4166666666666667,0.1123595505617977
CUST_7450,74,Male,China,125.83,16,318,0,Electronics,10.4,68,0.36,722,2013.28,0.2318840579710145,0.0501567398119122
CUST_6433,55,Female,Germany,31.47,9,315,0,Fashion,83.0,35,0.56,1907,283.23,0.25,0.0284810126582278
CUST_2098,30,Female,Japan,108.06,14,153,0,Home,97.1,14,0.05,501,1512.84,0.9333333333333332,0.0909090909090909
CUST_8096,21,Male,France,104.58,9,149,0,Electronics,32.2,22,0.44,2182,941.22,0.391304347826087,0.06
CUST_3326,72,Female,Germany,54.92,11,329,0,Fashion,10.7,30,0.24,903,604.12,0.3548387096774194,0.0333333333333333
CUST_7416,31,Female,China,161.69,7,131,0,Home,93.5,3,0.35,1232,1131.83,1.75,0.053030303030303
CUST_7980,50,Female,China,45.58,9,143,0,Fashion,91.4,75,0.42,1921,410.22,0.1184210526315789,0.0625
CUST_7763,45,Male,France,93.19,17,246,0,Sports,65.5,10,0.4,1424,1584.23,1.5454545454545454,0.068825910931174
CUST_2674,69,Male,USA,162.26,9,62,0,Fashion,50.95,67,0.51,899,1460.34,0.1323529411764706,0.1428571428571428
CUST_8950,54,Female,Brazil,38.05,12,169,1,Fashion,11.3,41,0.25,1972,456.6,0.2857142857142857,0.0705882352941176
CUST_9915,25,Other,France,192.98,10,301,0,Electronics,93.9,48,0.18,1223,1929.8,0.2040816326530612,0.0331125827814569
CUST_7049,61,Female,Japan,29.12,10,235,0,Electronics,92.0,50,0.3,1259,291.2,0.196078431372549,0.0423728813559322
CUST_2089,51,Male,China,61.11,10,288,0,Beauty,74.3,69,0.9,1102,611.1,0.1428571428571428,0.0346020761245674
CUST_5578,61,Female,India,114.69,11,122,0,Electronics,93.4,58,0.36,1002,1261.59,0.1864406779661017,0.089430894308943
CUST_1155,22,Female,Japan,35.08,2,269,0,Sports,14.0,15,0.31,754,70.16,0.125,0.0074074074074074
CUST_2958,71,Male,USA,19.42,8,7,0,Sports,10.9,48,0.21,935,155.36,0.1632653061224489,1.0
CUST_7344,22,Other,France,183.33,10,217,0,Fashion,19.2,6,0.24,697,1833.3,1.4285714285714286,0.0458715596330275
CUST_6779,48,Other,China,85.07,12,341,0,Electronics,21.5,4,0.18,1930,1020.84,2.4,0.0350877192982456
CUST_7144,62,Male,China,128.36,10,173,0,Beauty,82.7,23,0.45,1209,1283.6,0.4166666666666667,0.057471264367816
CUST_6063,26,Other,France,66.05,12,125,0,Electronics,92.2,45,0.11,1420,792.5999999999999,0.2608695652173913,0.0952380952380952
CUST_4830,59,Male,Brazil,105.48,8,314,0,Beauty,21.6,65,0.42,1389,843.84,0.1212121212121212,0.0253968253968253
CUST_9831,49,Female,France,167.11,7,315,0,Fashion,50.95,56,0.47,1934,1169.77,0.1228070175438596,0.0221518987341772
CUST_7659,50,Male,Germany,102.0,17,48,0,Sports,45.4,98,0.66,1535,1734.0,0.1717171717171717,0.3469387755102041
CUST_1441,79,Male,UK,183.03,7,335,0,Electronics,17.8,63,0.51,2142,1281.21,0.109375,0.0208333333333333
CUST_7040,20,Female,Brazil,181.0,8,235,0,Electronics,85.3,15,0.07,1658,1448.0,0.5,0.0338983050847457
CUST_6925,47,Female,UK,185.68,9,348,0,Sports,52.2,4,0.1,471,1671.12,1.8,0.0257879656160458
CUST_8358,67,Male,USA,154.01,10,316,0,Sports,56.6,91,0.15,529,1540.1,0.108695652173913,0.0315457413249211
CUST_5628,29,Female,Canada,100.88,7,255,1,Home,25.8,77,0.48,2034,706.16,0.0897435897435897,0.02734375
CUST_7370,46,Male,Japan,114.43,10,115,0,Home,55.9,32,0.05,2198,1144.3000000000002,0.303030303030303,0.0862068965517241
CUST_1948,20,Male,Australia,18.19,8,278,0,Home,79.3,9,0.07,2135,145.52,0.8,0.028673835125448
CUST_9179,43,Male,France,43.4,9,84,0,Sports,30.5,89,0.24,805,390.6,0.1,0.1058823529411764
CUST_7115,74,Female,Japan,180.35,4,119,0,Home,11.3,57,0.16,1768,721.4,0.0689655172413793,0.0333333333333333
CUST_1459,78,Male,Australia,93.19,12,49,0,Electronics,58.4,67,0.2,891,1118.28,0.1764705882352941,0.24
CUST_8568,47,Male,USA,54.97,10,163,0,Sports,63.6,39,0.26,2210,549.7,0.25,0.0609756097560975
CUST_5646,26,Male,USA,35.97,13,147,0,Electronics,20.2,40,0.05,1711,467.61,0.3170731707317073,0.0878378378378378
CUST_1392,43,Male,Canada,177.7,6,42,0,Sports,24.8,16,0.51,600,1066.1999999999998,0.3529411764705882,0.1395348837209302
CUST_2787,19,Female,Brazil,193.7,16,135,0,Fashion,15.3,81,0.03,1889,3099.2,0.1951219512195122,0.1176470588235294
CUST_8374,79,Other,Japan,128.41,5,245,0,Electronics,92.1,91,0.26,1595,642.05,0.0543478260869565,0.0203252032520325
CUST_2138,20,Male,Japan,93.19,12,217,0,Sports,21.3,10,0.19,1841,1118.28,1.0909090909090908,0.055045871559633
CUST_5741,63,Other,France,205.48,3,280,0,Beauty,1.1,53,0.7,813,616.4399999999999,0.0555555555555555,0.0106761565836298
CUST_8418,21,Female,USA,124.87,11,233,0,Sports,84.0,65,0.11,1222,1373.5700000000002,0.1666666666666666,0.047008547008547
CUST_7362,42,Female,Australia,39.23,9,262,0,Fashion,80.3,50,0.11,456,353.07,0.1764705882352941,0.0342205323193916
CUST_3454,68,Female,India,138.99,15,114,0,Sports,50.95,29,0.29,1156,2084.8500000000004,0.5,0.1304347826086956
CUST_4674,30,Female,Canada,110.32,6,341,0,Fashion,79.7,18,0.16,1669,661.92,0.3157894736842105,0.0175438596491228
CUST_2377,56,Male,Brazil,45.52,12,188,0,Home,45.0,52,0.21,473,546.24,0.2264150943396226,0.0634920634920634
CUST_7701,61,Female,China,27.01,14,196,0,Electronics,22.5,32,0.1,1535,378.14,0.4242424242424242,0.0710659898477157
CUST_3597,52,Female,India,35.73,11,37,0,Fashion,42.6,33,0.09,2200,393.03,0.3235294117647059,0.2894736842105263
CUST_1141,72,Female,Germany,315.13,7,11,0,Beauty,48.7,86,0.54,1694,2205.91,0.0804597701149425,0.5833333333333334
CUST_3659,40,Female,UK,22.35,12,123,0,Electronics,0.9,11,0.31,1716,268.20000000000005,1.0,0.0967741935483871
CUST_5596,26,Male,Canada,198.48,7,43,0,Sports,11.3,29,0.21,498,1389.36,0.2333333333333333,0.1590909090909091
CUST_6661,19,Female,Australia,58.71,14,308,0,Sports,87.5,20,0.18,2227,821.94,0.6666666666666666,0.0453074433656957
CUST_7142,78,Female,India,42.67,8,13,0,Fashion,39.2,22,0.47,1469,341.36,0.3478260869565217,0.5714285714285714
CUST_6626,71,Male,Australia,54.47,9,347,0,Beauty,33.1,96,0.59,1145,490.23,0.0927835051546391,0.0258620689655172
CUST_9787,58,Male,France,208.18,15,51,0,Fashion,88.8,72,0.41,737,3122.7000000000003,0.2054794520547945,0.2884615384615384
CUST_9472,61,Female,Canada,101.75,9,244,0,Beauty,15.5,86,0.43,1039,915.75,0.1034482758620689,0.036734693877551
CUST_1423,48,Female,USA,199.36,13,179,0,Fashion,21.7,15,0.04,1675,2591.6800000000003,0.8125,0.0722222222222222
CUST_7999,61,Female,Brazil,128.08,13,301,0,Home,82.8,35,0.15,1703,1665.0400000000002,0.3611111111111111,0.043046357615894
CUST_5249,64,Female,Australia,110.11,9,129,0,Home,28.0,80,0.2,1363,990.99,0.1111111111111111,0.0692307692307692
CUST_2750,19,Male,Japan,75.63,8,99,0,Home,63.3,93,0.28,524,605.04,0.0851063829787234,0.08
CUST_5757,49,Male,India,64.92,12,283,0,Fashion,74.0,34,0.16,1179,779.04,0.3428571428571428,0.0422535211267605
CUST_2967,35,Male,Japan,155.88,17,110,0,Electronics,22.3,20,0.3,1319,2649.96,0.8095238095238095,0.1531531531531531
CUST_5088,30,Male,Australia,30.38,12,287,0,Sports,50.95,77,0.2,2216,364.56,0.1538461538461538,0.0416666666666666
CUST_5178,63,Male,India,93.19,9,91,0,Electronics,51.6,56,0.32,906,838.71,0.1578947368421052,0.0978260869565217
CUST_8789,22,Male,USA,95.93,12,75,0,Sports,79.2,51,0.25,1718,1151.16,0.2307692307692307,0.1578947368421052
CUST_3946,75,Female,UK,135.05,7,204,0,Beauty,55.4,77,0.69,1204,945.35,0.0897435897435897,0.0341463414634146
CUST_6394,59,Female,UK,48.42,9,21,0,Home,6.7,95,0.16,1678,435.78,0.09375,0.4090909090909091
CUST_8880,61,Male,France,21.63,16,169,0,Home,35.1,85,0.16,826,346.08,0.1860465116279069,0.0941176470588235
CUST_6075,27,Male,Germany,217.03,15,156,0,Sports,33.1,50,0.35,1332,3255.45,0.2941176470588235,0.0955414012738853
CUST_8230,73,Male,UK,58.4,5,221,0,Home,80.8,30,0.45,1692,292.0,0.1612903225806451,0.0225225225225225
CUST_2531,60,Female,Germany,50.71,16,359,0,Electronics,29.0,25,0.2,1254,811.36,0.6153846153846154,0.0444444444444444
CUST_3990,42,Male,India,76.31,9,67,0,Fashion,90.1,94,0.32,1396,686.79,0.0947368421052631,0.1323529411764706
CUST_8155,51,Male,UK,122.12,9,160,0,Home,33.5,74,0.17,1161,1099.08,0.12,0.0559006211180124
CUST_5493,54,Other,Australia,134.48,11,173,0,Home,19.4,71,0.04,1432,1479.28,0.1527777777777778,0.0632183908045977
CUST_1933,47,Female,USA,261.43,14,37,0,Beauty,54.0,98,0.01,1202,3660.02,0.1414141414141414,0.3684210526315789
CUST_2460,24,Male,Australia,71.69,9,335,0,Fashion,38.6,4,0.13,1694,645.21,1.8,0.0267857142857142
CUST_3723,23,Male,Australia,77.58,12,25,0,Sports,64.8,63,0.07,1958,930.96,0.1875,0.4615384615384615
CUST_1285,71,Male,Germany,23.74,9,253,0,Fashion,91.6,22,0.11,905,213.66,0.391304347826087,0.0354330708661417
CUST_1264,72,Female,China,93.19,13,298,0,Fashion,94.1,57,0.07,657,1211.47,0.2241379310344827,0.0434782608695652
CUST_7816,20,Female,China,50.8,12,282,0,Sports,22.7,93,0.36,702,609.5999999999999,0.1276595744680851,0.0424028268551236
CUST_2762,30,Male,Brazil,74.13,5,246,0,Fashion,16.2,54,0.1,943,370.65,0.0909090909090909,0.020242914979757
CUST_1040,20,Female,UK,266.3,7,10,0,Beauty,94.0,4,0.48,464,1864.1,1.4,0.6363636363636364
CUST_6827,43,Male,USA,56.83,8,237,0,Electronics,81.2,65,0.25,1066,454.64,0.1212121212121212,0.0336134453781512
CUST_9259,74,Male,USA,149.9,5,106,0,Fashion,26.2,48,0.31,1562,749.5,0.1020408163265306,0.0467289719626168
CUST_1987,79,Male,Japan,53.67,7,333,0,Electronics,80.5,23,0.31,2204,375.69,0.2916666666666667,0.0209580838323353
CUST_8804,41,Female,Australia,184.78,7,312,0,Beauty,74.1,23,0.11,1090,1293.46,0.2916666666666667,0.0223642172523961
CUST_8789,70,Male,USA,167.26,11,0,0,Beauty,25.4,6,0.69,1665,1839.86,1.5714285714285714,11.0
CUST_6717,23,Male,India,44.85,9,10,0,Fashion,90.6,69,0.13,1181,403.65,0.1285714285714285,0.8181818181818182
CUST_4198,60,Male,Canada,49.23,9,157,0,Home,32.2,64,0.17,1247,443.07,0.1384615384615384,0.0569620253164556
CUST_6374,77,Male,Australia,247.32,8,87,0,Fashion,48.0,87,0.55,924,1978.56,0.0909090909090909,0.0909090909090909
CUST_5790,75,Female,Germany,73.98,6,241,0,Electronics,60.9,71,0.22,2061,443.88,0.0833333333333333,0.024793388429752
CUST_8183,66,Male,Australia,89.38,7,131,0,Beauty,19.1,5,0.25,1451,625.66,1.1666666666666667,0.053030303030303
CUST_3524,59,Male,USA,80.41,11,85,0,Electronics,61.1,33,0.21,1965,884.51,0.3235294117647059,0.127906976744186
CUST_3479,29,Female,France,21.6,6,109,0,Electronics,70.6,26,0.63,1548,129.60000000000002,0.2222222222222222,0.0545454545454545
CUST_6154,66,Female,India,203.83,13,327,0,Sports,10.2,59,0.35,1952,2649.79,0.2166666666666666,0.0396341463414634
CUST_1778,53,Female,India,29.9,8,110,0,Beauty,37.9,85,0.38,781,239.2,0.0930232558139534,0.072072072072072
CUST_2492,19,Female,UK,89.78,15,207,0,Beauty,61.2,34,0.58,510,1346.7,0.4285714285714285,0.0721153846153846
CUST_1660,28,Male,China,99.35,13,288,0,Electronics,92.6,26,0.2,2124,1291.55,0.4814814814814814,0.0449826989619377
CUST_2348,56,Female,Germany,105.01,5,73,0,Beauty,89.1,74,0.23,1653,525.0500000000001,0.0666666666666666,0.0675675675675675
CUST_8851,51,Female,UK,110.22,8,321,0,Fashion,17.0,66,0.15,609,881.76,0.1194029850746268,0.0248447204968944
CUST_8156,43,Male,Brazil,135.65,15,248,0,Sports,61.1,20,0.07,1954,2034.75,0.7142857142857143,0.0602409638554216
CUST_3044,35,Other,Canada,202.88,13,107,0,Fashion,9.8,14,0.36,1916,2637.44,0.8666666666666667,0.1203703703703703
CUST_8368,38,Male,Japan,25.21,9,3,0,Home,29.4,71,0.06,2154,226.89,0.125,2.25
CUST_4516,53,Other,India,90.63,11,214,0,Home,59.7,74,0.12,1622,996.93,0.1466666666666666,0.0511627906976744
CUST_5577,57,Female,Germany,85.47,4,178,0,Electronics,8.1,95,0.16,864,341.88,0.0416666666666666,0.0223463687150838
CUST_1727,69,Female,China,111.42,8,154,0,Home,88.9,8,0.14,1955,891.36,0.8888888888888888,0.0516129032258064
CUST_8468,63,Other,Germany,25.9,7,288,0,Fashion,82.9,58,0.7,1928,181.3,0.1186440677966101,0.0242214532871972
CUST_1342,61,Female,Japan,151.4,6,224,0,Home,47.3,1,0.28,425,908.4,3.0,0.0266666666666666
CUST_2447,39,Male,Japan,44.11,7,104,0,Electronics,49.2,93,0.36,552,308.77,0.0744680851063829,0.0666666666666666
CUST_7581,70,Male,UK,184.98,13,83,0,Beauty,88.1,31,0.23,883,2404.74,0.40625,0.1547619047619047
CUST_7317,76,Male,Australia,98.85,7,76,0,Sports,5.0,8,0.27,1662,691.9499999999999,0.7777777777777778,0.0909090909090909
CUST_1526,47,Male,Brazil,113.12,12,202,0,Electronics,14.4,80,0.11,570,1357.44,0.1481481481481481,0.0591133004926108
CUST_7748,67,Female,Brazil,69.43,10,338,0,Electronics,30.8,83,0.18,1441,694.3000000000001,0.119047619047619,0.0294985250737463
CUST_1405,60,Male,USA,168.29,10,240,0,Electronics,36.4,90,0.41,1793,1682.9,0.1098901098901098,0.0414937759336099
CUST_8986,78,Male,Brazil,264.98,16,287,0,Fashion,98.7,60,0.19,1099,4239.68,0.2622950819672131,0.0555555555555555
CUST_4740,77,Female,Germany,142.9,13,194,0,Beauty,14.7,62,0.55,1560,1857.7,0.2063492063492063,0.0666666666666666
CUST_2846,47,Female,Brazil,64.33,12,204,0,Electronics,30.3,10,0.54,847,771.96,1.0909090909090908,0.0585365853658536
CUST_2478,25,Male,China,183.78,14,213,0,Beauty,82.8,18,0.12,2168,2572.92,0.7368421052631579,0.0654205607476635
CUST_1771,51,Male,Brazil,126.01,7,18,0,Electronics,50.95,66,0.41,585,882.07,0.1044776119402985,0.3684210526315789
CUST_6525,74,Male,India,64.07,13,158,0,Fashion,65.5,93,0.29,690,832.9099999999999,0.1382978723404255,0.0817610062893081
CUST_9770,64,Female,USA,185.29,12,211,0,Electronics,32.9,66,0.31,1145,2223.48,0.1791044776119403,0.0566037735849056
CUST_1193,26,Male,Germany,249.33,7,52,0,Home,11.8,52,0.14,478,1745.3100000000002,0.1320754716981132,0.1320754716981132
CUST_3007,68,Female,Japan,195.23,5,87,0,Fashion,98.4,67,0.35,1145,976.15,0.0735294117647058,0.0568181818181818
CUST_2185,37,Male,UK,81.97,10,159,0,Electronics,25.1,88,0.19,675,819.7,0.1123595505617977,0.0625
CUST_3394,57,Male,Canada,267.05,12,8,0,Electronics,84.5,9,0.63,815,3204.6000000000004,1.2,1.3333333333333333
CUST_5005,42,Other,UK,169.63,7,178,0,Electronics,89.5,48,0.16,472,1187.41,0.1428571428571428,0.0391061452513966
CUST_8429,36,Male,Australia,124.71,6,82,0,Home,44.1,60,0.09,1014,748.26,0.0983606557377049,0.072289156626506
CUST_3261,22,Male,Canada,82.79,9,150,0,Home,85.1,78,0.61,1601,745.11,0.1139240506329113,0.0596026490066225
CUST_4736,28,Male,China,263.65,13,24,0,Electronics,27.9,52,0.38,710,3427.45,0.2452830188679245,0.52
CUST_7716,32,Female,France,51.45,7,224,0,Home,89.0,43,0.23,790,360.15000000000003,0.1590909090909091,0.0311111111111111
CUST_5875,25,Female,USA,139.17,9,193,0,Electronics,63.6,75,0.81,800,1252.53,0.1184210526315789,0.0463917525773195
CUST_9921,36,Male,Japan,23.59,13,117,0,Home,19.4,50,0.22,1600,306.67,0.2549019607843137,0.1101694915254237
CUST_5378,40,Male,UK,118.31,6,322,0,Beauty,78.7,88,0.39,1284,709.86,0.0674157303370786,0.0185758513931888
CUST_8815,44,Male,Brazil,310.7,15,247,0,Electronics,91.4,14,0.4,1165,4660.5,1.0,0.0604838709677419
CUST_4451,57,Female,USA,135.5,10,77,0,Electronics,57.0,18,0.39,1186,1355.0,0.5263157894736842,0.1282051282051282
CUST_8616,49,Female,Brazil,60.81,11,151,0,Sports,76.0,77,0.67,1189,668.9100000000001,0.141025641025641,0.0723684210526315
CUST_3800,43,Female,USA,76.9,10,55,0,Sports,50.95,34,0.13,1282,769.0,0.2857142857142857,0.1785714285714285
CUST_9333,44,Female,USA,106.54,20,305,0,Fashion,78.7,83,0.18,1763,2130.8,0.238095238095238,0.065359477124183
CUST_6410,79,Male,Australia,91.95,9,356,0,Beauty,45.4,41,0.34,1556,827.5500000000001,0.2142857142857142,0.0252100840336134
CUST_2455,36,Male,India,151.49,10,258,0,Beauty,74.0,75,0.59,1640,1514.9,0.131578947368421,0.0386100386100386
CUST_7892,67,Male,China,79.31,13,22,0,Fashion,54.9,49,0.23,1956,1031.03,0.26,0.5652173913043478
CUST_6808,59,Male,Brazil,159.08,13,161,0,Sports,41.5,90,0.13,1959,2068.04,0.1428571428571428,0.0802469135802469
CUST_7796,46,Male,Brazil,130.94,6,264,0,Fashion,16.6,69,0.18,1955,785.64,0.0857142857142857,0.0226415094339622
CUST_5796,56,Female,Brazil,32.86,7,81,0,Sports,90.9,85,0.09,748,230.02,0.0813953488372093,0.0853658536585365
CUST_6093,77,Female,Australia,79.05,8,58,1,Electronics,41.5,9,0.38,500,632.4,0.8,0.135593220338983
CUST_2325,58,Other,UK,141.5,11,65,0,Fashion,24.0,48,0.45,1379,1556.5,0.2244897959183673,0.1666666666666666
CUST_5976,50,Male,Germany,93.19,8,114,0,Home,24.2,12,0.33,1201,745.52,0.6153846153846154,0.0695652173913043
CUST_2159,36,Female,Brazil,61.32,8,290,0,Sports,24.2,65,0.36,2085,490.56,0.1212121212121212,0.0274914089347079
CUST_5650,54,Female,UK,64.78,12,241,0,Electronics,0.2,14,0.63,955,777.36,0.8,0.0495867768595041
CUST_5987,36,Female,India,178.96,9,333,0,Home,43.8,64,0.33,2068,1610.64,0.1384615384615384,0.0269461077844311
CUST_5697,50,Male,Brazil,87.75,5,108,0,Home,89.1,26,0.19,1110,438.75,0.1851851851851851,0.0458715596330275
CUST_1340,64,Male,China,133.2,14,303,0,Beauty,2.5,7,0.66,1880,1864.8,1.75,0.0460526315789473
CUST_4828,33,Male,Japan,555.46,16,308,0,Sports,95.7,55,0.46,2230,8887.36,0.2857142857142857,0.0517799352750809
CUST_2968,40,Male,France,74.91,12,330,0,Electronics,17.9,59,0.4,439,898.92,0.2,0.0362537764350453
CUST_1703,24,Female,Brazil,87.63,9,31,1,Sports,71.9,80,0.15,2173,788.67,0.1111111111111111,0.28125
CUST_6482,43,Male,Germany,134.8,13,212,0,Electronics,78.5,79,0.45,1239,1752.4,0.1625,0.0610328638497652
CUST_7376,49,Male,Japan,94.5,12,87,0,Sports,73.5,56,0.46,600,1134.0,0.2105263157894736,0.1363636363636363
CUST_2800,29,Female,China,63.77,10,61,0,Home,33.9,68,0.14,2063,637.7,0.144927536231884,0.1612903225806451
CUST_6463,25,Female,Australia,63.5,10,2,0,Beauty,70.4,30,0.15,481,635.0,0.3225806451612903,3.333333333333333
CUST_5912,22,Female,France,120.61,4,261,0,Fashion,47.3,23,0.48,1352,482.44,0.1666666666666666,0.015267175572519
CUST_5648,59,Female,Australia,93.19,13,111,0,Sports,15.2,86,0.46,829,1211.47,0.1494252873563218,0.1160714285714285
CUST_1855,45,Male,Germany,62.54,10,11,0,Home,20.1,79,0.35,1500,625.4,0.125,0.8333333333333334
CUST_3866,70,Male,France,56.42,6,52,0,Fashion,2.6,17,0.06,2073,338.52,0.3333333333333333,0.1132075471698113
CUST_1182,22,Male,Germany,28.63,6,147,0,Fashion,33.2,2,0.48,1191,171.78,2.0,0.0405405405405405
CUST_4112,66,Female,Australia,124.96,11,133,0,Fashion,72.8,72,0.35,1497,1374.56,0.1506849315068493,0.0820895522388059
CUST_6670,43,Other,China,93.19,4,83,0,Home,96.9,70,0.15,1849,372.76,0.056338028169014,0.0476190476190476
CUST_5492,22,Male,France,59.18,11,183,0,Electronics,13.4,39,0.22,1676,650.98,0.275,0.0597826086956521
CUST_6823,39,Female,Canada,196.36,8,168,0,Fashion,35.3,92,0.09,1844,1570.88,0.086021505376344,0.0473372781065088
CUST_2517,32,Male,UK,104.75,7,48,0,Beauty,18.1,48,0.49,2201,733.25,0.1428571428571428,0.1428571428571428
CUST_6002,30,Female,China,140.62,7,107,0,Electronics,76.1,5,0.07,1651,984.34,1.1666666666666667,0.0648148148148148
CUST_2356,45,Male,France,144.21,10,192,0,Home,92.0,21,0.27,2219,1442.1,0.4545454545454545,0.0518134715025906
CUST_4629,50,Male,Germany,67.88,15,339,0,Fashion,11.4,50,0.44,449,1018.2,0.2941176470588235,0.0441176470588235
CUST_4628,60,Female,Germany,41.74,11,213,0,Home,50.95,20,0.34,1447,459.14,0.5238095238095238,0.0514018691588785
CUST_9210,40,Female,India,79.19,6,359,0,Home,27.1,98,0.11,1626,475.14,0.0606060606060606,0.0166666666666666
CUST_7132,50,Female,China,137.6,8,94,0,Fashion,50.95,71,0.08,1499,1100.8,0.1111111111111111,0.0842105263157894
CUST_7588,60,Male,Germany,29.95,10,30,0,Home,5.7,94,0.16,1178,299.5,0.1052631578947368,0.3225806451612903
CUST_4311,35,Male,USA,240.35,11,155,0,Beauty,8.0,94,0.24,2024,2643.85,0.1157894736842105,0.0705128205128205
CUST_7048,67,Male,UK,167.7,4,11,0,Beauty,50.95,79,0.08,1401,670.8,0.05,0.3333333333333333
CUST_7246,70,Female,Australia,37.62,15,271,0,Sports,44.6,91,0.28,1505,564.3,0.1630434782608695,0.0551470588235294
CUST_1987,47,Other,Japan,73.13,5,224,0,Fashion,65.9,73,0.32,688,365.65,0.0675675675675675,0.0222222222222222
CUST_4321,43,Male,India,93.19,8,162,0,Fashion,18.4,27,0.41,474,745.52,0.2857142857142857,0.0490797546012269
CUST_5615,33,Male,Germany,85.65,13,43,0,Fashion,21.8,2,0.21,658,1113.45,4.333333333333333,0.2954545454545454
CUST_9365,30,Female,USA,57.65,8,323,0,Sports,17.3,91,0.14,2175,461.2,0.0869565217391304,0.0246913580246913
CUST_4741,56,Male,India,171.44,13,225,1,Beauty,80.7,47,0.23,435,2228.72,0.2708333333333333,0.0575221238938053
CUST_4052,50,Female,USA,39.82,17,252,0,Beauty,13.7,40,0.29,2205,676.94,0.4146341463414634,0.067193675889328
CUST_7574,43,Male,India,104.87,9,232,0,Fashion,7.3,89,0.35,1037,943.83,0.1,0.03862660944206
CUST_1726,65,Female,Germany,36.64,9,258,0,Home,3.7,36,0.19,644,329.76,0.2432432432432432,0.0347490347490347
CUST_4760,18,Female,USA,93.19,11,286,0,Electronics,4.0,71,0.4,431,1025.09,0.1527777777777778,0.0383275261324041
CUST_6806,66,Female,France,68.26,6,179,0,Electronics,54.7,13,0.35,1020,409.56000000000006,0.4285714285714285,0.0333333333333333
CUST_2875,55,Female,China,218.71,9,222,0,Fashion,9.4,84,0.08,1376,1968.39,0.1058823529411764,0.0403587443946188
CUST_7993,19,Male,Japan,223.97,12,115,0,Fashion,22.2,22,0.11,510,2687.64,0.5217391304347826,0.1034482758620689
CUST_5033,66,Female,Australia,57.0,3,4,0,Beauty,83.3,18,0.66,1358,171.0,0.1578947368421052,0.6
CUST_6443,23,Female,Japan,118.34,11,260,0,Beauty,96.8,75,0.55,1950,1301.74,0.1447368421052631,0.0421455938697318
CUST_1989,63,Male,Australia,110.26,9,65,0,Home,86.1,6,0.15,1940,992.34,1.2857142857142858,0.1363636363636363
CUST_4744,67,Male,Canada,52.04,12,14,0,Beauty,96.0,68,0.27,1840,624.48,0.1739130434782608,0.8
CUST_9611,55,Male,UK,195.16,18,148,0,Electronics,67.0,67,0.24,1486,3512.88,0.2647058823529412,0.1208053691275167
CUST_1593,59,Female,Canada,80.89,13,100,0,Electronics,98.7,52,0.06,915,1051.57,0.2452830188679245,0.1287128712871287
CUST_2774,41,Male,Brazil,93.19,13,266,0,Beauty,49.6,70,0.12,1918,1211.47,0.1830985915492957,0.048689138576779
CUST_1935,35,Female,Germany,125.01,11,217,0,Electronics,79.5,79,0.28,1836,1375.11,0.1375,0.0504587155963302
CUST_4808,44,Male,France,20.64,12,41,0,Electronics,97.2,3,0.48,2189,247.68,3.0,0.2857142857142857
CUST_1331,58,Female,China,88.5,16,65,0,Electronics,70.9,17,0.05,1174,1416.0,0.8888888888888888,0.2424242424242424
CUST_8922,25,Male,France,112.19,12,349,0,Electronics,95.7,94,0.27,2164,1346.28,0.1263157894736842,0.0342857142857142
CUST_3702,45,Male,Japan,121.33,15,316,0,Sports,25.4,86,0.17,1027,1819.95,0.1724137931034483,0.0473186119873817
CUST_6889,27,Female,Australia,71.68,9,315,1,Fashion,30.0,66,0.27,1909,645.1200000000001,0.1343283582089552,0.0284810126582278
CUST_6054,34,Female,Canada,121.34,11,119,0,Home,39.7,57,0.28,1978,1334.74,0.1896551724137931,0.0916666666666666
CUST_4868,72,Male,France,24.58,13,244,0,Sports,46.5,80,0.29,1027,319.54,0.1604938271604938,0.0530612244897959
CUST_5200,79,Male,Canada,134.43,7,286,0,Home,89.7,22,0.53,2061,941.01,0.3043478260869565,0.024390243902439
CUST_1201,46,Male,UK,127.3,5,47,0,Sports,88.8,11,0.08,1851,636.5,0.4166666666666667,0.1041666666666666
CUST_3497,75,Female,UK,135.61,7,287,0,Sports,65.8,36,0.14,958,949.27,0.1891891891891892,0.0243055555555555
CUST_2842,23,Female,Australia,93.34,14,312,0,Home,23.2,53,0.28,1724,1306.76,0.2592592592592592,0.0447284345047923
CUST_5658,31,Female,Brazil,85.03,14,254,0,Fashion,24.0,76,0.38,1056,1190.42,0.1818181818181818,0.0549019607843137
CUST_8544,39,Female,France,90.29,15,350,0,Beauty,63.2,40,0.55,1058,1354.35,0.3658536585365853,0.0427350427350427
CUST_8718,71,Female,China,91.04,11,154,0,Sports,50.3,35,0.55,514,1001.44,0.3055555555555556,0.0709677419354838
CUST_1770,23,Male,Canada,223.15,9,337,0,Fashion,25.9,43,0.35,1957,2008.35,0.2045454545454545,0.0266272189349112
CUST_4155,43,Other,Canada,172.16,11,260,0,Beauty,16.8,45,0.07,1978,1893.76,0.2391304347826087,0.0421455938697318
CUST_2628,56,Female,UK,51.92,14,16,0,Home,72.3,41,0.45,1760,726.88,0.3333333333333333,0.8235294117647058
CUST_1386,29,Male,Germany,26.27,8,202,0,Sports,50.95,64,0.26,1015,210.16,0.123076923076923,0.0394088669950738
CUST_7031,52,Male,Australia,60.05,11,165,0,Beauty,26.1,15,0.24,1459,660.55,0.6875,0.0662650602409638
CUST_7439,31,Male,Canada,135.26,7,47,0,Fashion,42.5,44,0.32,651,946.82,0.1555555555555555,0.1458333333333333
CUST_7401,39,Male,UK,67.01,5,228,0,Beauty,71.3,42,0.35,1397,335.05,0.1162790697674418,0.0218340611353711
CUST_5008,68,Female,UK,37.41,11,212,0,Home,46.9,59,0.32,1760,411.51,0.1833333333333333,0.0516431924882629
CUST_3466,40,Female,USA,142.0,11,215,0,Beauty,96.1,85,0.22,421,1562.0,0.127906976744186,0.0509259259259259
CUST_3282,65,Female,Canada,70.22,11,304,0,Electronics,13.0,4,0.13,1218,772.42,2.2,0.0360655737704918
CUST_2856,24,Female,USA,93.19,6,168,0,Sports,85.4,71,0.19,698,559.14,0.0833333333333333,0.0355029585798816
CUST_8980,57,Female,China,97.15,8,21,0,Fashion,30.6,29,0.54,1390,777.2,0.2666666666666666,0.3636363636363636
CUST_2998,67,Female,China,145.18,3,274,0,Fashion,68.7,41,0.21,506,435.54,0.0714285714285714,0.0109090909090909
CUST_6476,42,Male,UK,138.97,16,112,0,Sports,25.4,6,0.19,2176,2223.52,2.2857142857142856,0.1415929203539823
CUST_5669,30,Male,Germany,27.81,11,356,0,Sports,96.6,39,0.45,1401,305.91,0.275,0.0308123249299719
CUST_5318,38,Female,Germany,89.04,16,202,0,Electronics,5.0,81,0.38,1333,1424.64,0.1951219512195122,0.0788177339901477
CUST_8064,58,Male,USA,41.66,4,32,0,Electronics,51.4,66,0.55,1494,166.64,0.0597014925373134,0.1212121212121212
CUST_8446,27,Male,UK,62.65,5,88,0,Fashion,91.1,81,0.14,1027,313.25,0.0609756097560975,0.0561797752808988
CUST_2431,70,Female,USA,316.85,7,133,0,Beauty,47.0,93,0.19,1367,2217.9500000000003,0.0744680851063829,0.0522388059701492
CUST_6624,72,Female,Australia,39.24,11,10,0,Sports,84.0,27,0.23,776,431.64,0.3928571428571428,1.0
CUST_8461,76,Male,USA,16.77,9,26,0,Electronics,95.0,7,0.27,1891,150.93,1.125,0.3333333333333333
CUST_2819,26,Female,Brazil,61.5,11,30,0,Electronics,50.95,11,0.13,1856,676.5,0.9166666666666666,0.3548387096774194
CUST_2130,32,Female,Canada,88.02,11,90,0,Electronics,48.9,90,0.15,1988,968.22,0.1208791208791208,0.1208791208791208
CUST_7563,69,Male,China,157.87,10,168,0,Beauty,68.6,32,0.04,1762,1578.7,0.303030303030303,0.059171597633136
CUST_3658,19,Male,India,142.26,10,46,0,Fashion,83.2,87,0.19,962,1422.6,0.1136363636363636,0.2127659574468085
CUST_4500,42,Other,UK,108.31,12,78,0,Fashion,16.3,51,0.48,1646,1299.72,0.2307692307692307,0.1518987341772152
CUST_9566,30,Male,Germany,100.94,7,1,0,Electronics,56.7,40,0.12,1303,706.5799999999999,0.1707317073170731,3.5
CUST_3120,51,Male,France,109.06,10,19,0,Beauty,16.3,7,0.33,1456,1090.6,1.25,0.5
CUST_5020,68,Female,Canada,93.19,11,105,0,Beauty,75.5,1,0.02,1352,1025.09,5.5,0.1037735849056603
CUST_4259,75,Female,India,101.52,9,294,0,Fashion,28.5,25,0.26,778,913.68,0.3461538461538461,0.0305084745762711
CUST_2823,51,Male,Brazil,76.02,18,329,0,Sports,26.9,95,0.27,676,1368.36,0.1875,0.0545454545454545
CUST_2474,52,Male,France,53.05,7,89,0,Electronics,77.0,6,0.34,1722,371.35,1.0,0.0777777777777777
CUST_3242,55,Male,Germany,70.76,10,137,0,Beauty,84.2,92,0.14,1109,707.6,0.1075268817204301,0.072463768115942
CUST_4243,20,Other,Brazil,119.13,12,167,0,Sports,34.3,95,0.44,1038,1429.56,0.125,0.0714285714285714
CUST_7990,59,Male,Germany,88.35,9,140,0,Home,50.1,16,0.07,1257,795.15,0.5294117647058824,0.0638297872340425
CUST_6160,73,Female,Germany,102.97,7,212,0,Electronics,69.3,15,0.35,859,720.79,0.4375,0.0328638497652582
CUST_4134,76,Other,UK,126.93,7,299,0,Home,74.5,22,0.09,1349,888.51,0.3043478260869565,0.0233333333333333
CUST_3070,23,Male,France,119.62,7,31,0,Fashion,77.0,18,0.34,1933,837.34,0.3684210526315789,0.21875
CUST_1359,72,Other,Australia,18.38,12,29,0,Fashion,39.0,50,0.12,990,220.56,0.2352941176470588,0.4
CUST_2141,65,Other,USA,182.37,9,308,0,Fashion,53.6,72,0.31,2171,1641.33,0.1232876712328767,0.029126213592233
CUST_2635,66,Female,USA,159.11,8,331,0,Beauty,11.0,10,0.37,777,1272.88,0.7272727272727273,0.0240963855421686
CUST_5000,36,Male,Canada,68.7,7,43,0,Beauty,94.9,49,0.22,1134,480.9,0.14,0.1590909090909091
CUST_4361,20,Female,Germany,278.62,8,34,0,Sports,70.1,70,0.31,975,2228.96,0.1126760563380281,0.2285714285714285
CUST_7583,35,Female,Canada,92.37,14,44,0,Home,37.6,10,0.32,1596,1293.18,1.2727272727272727,0.3111111111111111
CUST_8835,56,Other,France,79.85,9,137,0,Fashion,39.0,39,0.06,887,718.65,0.225,0.0652173913043478
CUST_1006,26,Male,Germany,33.15,6,46,0,Fashion,50.95,58,0.32,1618,198.9,0.1016949152542373,0.1276595744680851
CUST_4267,69,Female,Germany,39.9,10,184,0,Beauty,45.7,71,0.23,840,399.0,0.1388888888888889,0.054054054054054
CUST_7564,29,Male,India,92.41,14,17,0,Beauty,67.3,42,0.27,1423,1293.74,0.3255813953488372,0.7777777777777778
CUST_5928,22,Male,China,80.52,7,184,0,Beauty,95.3,45,0.04,659,563.64,0.1521739130434782,0.0378378378378378
CUST_3606,20,Male,USA,236.08,6,71,0,Electronics,64.8,99,0.07,703,1416.48,0.06,0.0833333333333333
CUST_6906,28,Female,France,37.26,10,122,0,Home,65.1,28,0.49,2176,372.6,0.3448275862068966,0.08130081300813
CUST_4273,74,Female,Brazil,107.65,13,170,0,Home,78.6,89,0.55,858,1399.45,0.1444444444444444,0.0760233918128654
CUST_8611,47,Female,Brazil,93.19,8,76,0,Electronics,51.0,92,0.22,1201,745.52,0.086021505376344,0.1038961038961039
CUST_1913,21,Other,Australia,68.31,10,8,0,Fashion,3.2,73,0.22,1867,683.1,0.1351351351351351,1.1111111111111112
CUST_3011,22,Male,Japan,72.2,7,200,0,Sports,89.0,5,0.23,1068,505.4,1.1666666666666667,0.0348258706467661
CUST_2442,18,Female,France,48.15,9,242,0,Sports,40.2,57,0.46,1434,433.35,0.1551724137931034,0.037037037037037
CUST_6546,44,Male,Japan,44.49,9,68,0,Fashion,98.5,80,0.22,754,400.41,0.1111111111111111,0.1304347826086956
CUST_2829,45,Male,India,79.01,11,238,0,Sports,40.6,29,0.2,1360,869.11,0.3666666666666666,0.0460251046025104
CUST_9767,46,Female,Brazil,58.87,8,316,0,Beauty,66.8,55,0.46,906,470.96,0.1428571428571428,0.0252365930599369
CUST_7468,35,Other,France,251.26,8,10,0,Home,46.0,23,0.09,1954,2010.08,0.3333333333333333,0.7272727272727273
CUST_1929,29,Female,Germany,251.02,9,319,0,Beauty,23.2,57,0.12,1098,2259.1800000000003,0.1551724137931034,0.028125
CUST_4699,30,Female,China,149.44,11,37,0,Sports,93.1,18,0.14,1752,1643.84,0.5789473684210527,0.2894736842105263
CUST_2054,58,Male,UK,93.19,8,9,0,Sports,62.7,26,0.13,1294,745.52,0.2962962962962963,0.8
CUST_6744,19,Male,China,30.07,13,15,0,Home,45.1,5,0.43,2034,390.91,2.1666666666666665,0.8125
CUST_2900,54,Female,Australia,174.97,9,324,0,Beauty,14.4,8,0.27,784,1574.73,1.0,0.0276923076923076
CUST_7980,62,Male,Brazil,14.96,18,242,0,Home,99.9,19,0.45,2061,269.28000000000003,0.9,0.074074074074074
CUST_8069,33,Male,Canada,40.0,16,246,0,Sports,89.5,28,0.3,936,640.0,0.5517241379310345,0.0647773279352226
CUST_4415,65,Female,Canada,123.89,14,41,0,Home,50.95,68,0.51,1849,1734.46,0.2028985507246377,0.3333333333333333
CUST_1442,41,Male,UK,40.49,7,233,0,Home,17.1,84,0.32,2221,283.43,0.0823529411764705,0.0299145299145299
CUST_7218,52,Male,Brazil,45.41,10,43,0,Sports,3.0,50,0.24,801,454.1,0.196078431372549,0.2272727272727272
CUST_5652,39,Female,France,159.34,11,163,0,Home,15.2,86,0.14,1099,1752.74,0.1264367816091954,0.0670731707317073
CUST_8939,53,Female,Germany,410.82,8,149,0,Beauty,53.4,76,0.27,785,3286.56,0.1038961038961039,0.0533333333333333
CUST_8833,28,Other,Australia,92.19,10,279,0,Sports,81.6,65,0.2,1824,921.9,0.1515151515151515,0.0357142857142857
CUST_8597,72,Female,Canada,31.25,8,203,0,Home,36.4,8,0.32,1847,250.0,0.8888888888888888,0.0392156862745098
CUST_5458,75,Male,UK,185.01,13,230,0,Fashion,43.4,60,0.05,1321,2405.13,0.2131147540983606,0.0562770562770562
CUST_7591,63,Other,China,58.2,7,290,0,Beauty,47.3,58,0.31,1297,407.4,0.1186440677966101,0.0240549828178694
CUST_3309,46,Female,Germany,128.28,7,305,0,Beauty,1.8,27,0.1,578,897.96,0.25,0.022875816993464
CUST_7268,52,Male,Canada,155.03,7,338,0,Beauty,17.7,85,0.21,962,1085.21,0.0813953488372093,0.0206489675516224
CUST_1910,65,Male,China,75.14,12,333,0,Electronics,50.95,33,0.34,1641,901.68,0.3529411764705882,0.0359281437125748
CUST_5340,71,Female,France,219.52,7,295,0,Sports,27.9,97,0.13,1711,1536.64,0.0714285714285714,0.0236486486486486
CUST_5009,32,Female,China,28.54,10,21,0,Electronics,52.3,46,0.17,1844,285.4,0.2127659574468085,0.4545454545454545
CUST_7628,77,Female,Germany,28.61,12,174,0,Home,10.8,37,0.19,1215,343.32,0.3157894736842105,0.0685714285714285
CUST_3169,48,Female,China,28.53,12,241,0,Sports,80.3,69,0.22,1843,342.36,0.1714285714285714,0.0495867768595041
CUST_3172,59,Female,France,24.59,9,330,0,Beauty,78.4,15,0.31,1038,221.31,0.5625,0.0271903323262839
CUST_6668,58,Other,Australia,78.63,9,65,0,Beauty,67.0,94,0.42,845,707.67,0.0947368421052631,0.1363636363636363
CUST_7313,60,Female,Germany,97.02,14,93,0,Beauty,53.1,67,0.04,2187,1358.28,0.2058823529411764,0.1489361702127659
CUST_9315,33,Male,Australia,86.36,11,212,0,Beauty,39.0,28,0.42,1726,949.96,0.3793103448275862,0.0516431924882629
CUST_9036,27,Female,UK,58.58,16,240,0,Home,68.3,63,0.84,1547,937.28,0.25,0.0663900414937759
CUST_7789,66,Male,Brazil,251.94,16,109,0,Fashion,78.2,94,0.35,1465,4031.04,0.1684210526315789,0.1454545454545454
CUST_1785,49,Female,China,83.38,13,46,0,Sports,80.9,3,0.51,620,1083.94,3.25,0.2765957446808511
CUST_7139,68,Other,India,54.93,10,359,0,Fashion,34.8,52,0.4,1644,549.3,0.1886792452830188,0.0277777777777777
CUST_7344,19,Female,Australia,141.81,10,155,0,Sports,19.4,44,0.4,1835,1418.1,0.2222222222222222,0.0641025641025641
CUST_3416,41,Female,France,93.19,11,79,0,Beauty,34.2,60,0.44,2017,1025.09,0.180327868852459,0.1375
CUST_9988,40,Female,Canada,52.15,9,44,0,Electronics,0.8,58,0.06,530,469.35,0.1525423728813559,0.2
CUST_5154,19,Male,Australia,17.95,9,356,0,Home,50.95,95,0.38,995,161.54999999999998,0.09375,0.0252100840336134
CUST_6619,55,Male,Canada,81.47,9,194,0,Sports,27.3,14,0.3,1308,733.23,0.6,0.0461538461538461
CUST_2936,48,Female,China,164.43,11,236,0,Beauty,79.0,6,0.71,1097,1808.73,1.5714285714285714,0.0464135021097046
CUST_4807,68,Female,UK,72.35,5,210,0,Electronics,67.5,19,0.47,1470,361.75,0.25,0.0236966824644549
CUST_8151,57,Female,USA,101.68,10,267,0,Beauty,2.6,62,0.12,1459,1016.8,0.1587301587301587,0.0373134328358208
CUST_4236,43,Male,Germany,72.96,6,82,0,Home,14.4,5,0.24,1219,437.76,1.0,0.072289156626506
CUST_3352,46,Female,Canada,72.87,13,112,0,Electronics,54.2,49,0.15,959,947.31,0.26,0.1150442477876106
CUST_2932,20,Female,Canada,161.64,5,266,0,Sports,61.8,51,0.14,479,808.1999999999999,0.0961538461538461,0.0187265917602996
CUST_9556,75,Female,Germany,57.62,8,130,0,Sports,76.9,26,0.6,433,460.96,0.2962962962962963,0.0610687022900763
CUST_5916,31,Female,USA,141.89,8,316,0,Sports,96.8,56,0.58,453,1135.12,0.1403508771929824,0.0252365930599369
CUST_6498,42,Female,China,339.59,6,55,0,Sports,70.2,18,0.18,1578,2037.54,0.3157894736842105,0.1071428571428571
CUST_1946,65,Female,France,77.58,11,237,0,Electronics,54.5,45,0.11,1872,853.38,0.2391304347826087,0.0462184873949579
CUST_2439,18,Male,Brazil,53.84,11,25,0,Home,41.4,95,0.12,1870,592.24,0.1145833333333333,0.4230769230769231
CUST_8730,70,Female,Canada,96.08,6,341,0,Electronics,73.8,82,0.32,810,576.48,0.072289156626506,0.0175438596491228
CUST_5857,20,Male,USA,47.74,15,244,0,Sports,93.5,9,0.07,1116,716.1,1.5,0.0612244897959183
CUST_1340,71,Other,USA,236.98,14,208,0,Home,42.3,90,0.24,944,3317.72,0.1538461538461538,0.0669856459330143
CUST_1382,43,Male,UK,99.1,11,289,0,Fashion,58.5,2,0.28,2198,1090.1,3.6666666666666665,0.0379310344827586
CUST_9491,35,Male,Canada,46.91,10,182,0,Fashion,20.7,96,0.5,1988,469.1,0.1030927835051546,0.0546448087431694
CUST_1138,26,Female,Australia,131.44,7,206,0,Electronics,85.7,42,0.31,1730,920.08,0.1627906976744186,0.0338164251207729
CUST_1358,55,Male,China,117.48,7,203,0,Sports,50.95,70,0.07,2170,822.36,0.0985915492957746,0.034313725490196
CUST_5931,40,Female,France,48.62,8,207,0,Fashion,35.5,84,0.6,671,388.96,0.0941176470588235,0.0384615384615384
CUST_4456,38,Female,USA,218.68,11,71,0,Fashion,87.4,72,0.32,733,2405.48,0.1506849315068493,0.1527777777777778
CUST_2627,74,Female,UK,100.07,13,311,0,Beauty,97.1,68,0.65,948,1300.91,0.1884057971014492,0.0416666666666666
CUST_7626,18,Other,UK,25.25,13,338,0,Beauty,28.9,89,0.32,542,328.25,0.1444444444444444,0.0383480825958702
CUST_6004,38,Male,Germany,72.43,12,146,0,Home,18.7,31,0.55,552,869.1600000000001,0.375,0.0816326530612244
CUST_7652,44,Female,Canada,258.6,13,203,0,Home,83.2,19,0.34,2118,3361.8,0.65,0.0637254901960784
CUST_7416,59,Male,USA,208.99,15,348,0,Sports,58.2,71,0.11,1181,3134.8500000000004,0.2083333333333333,0.0429799426934097
CUST_4170,76,Male,France,112.89,8,132,0,Fashion,50.95,47,0.15,1842,903.12,0.1666666666666666,0.0601503759398496
CUST_4835,23,Female,Australia,75.88,9,281,0,Electronics,34.8,37,0.6,642,682.92,0.2368421052631578,0.0319148936170212
CUST_9017,72,Male,India,174.78,7,77,0,Electronics,58.1,94,0.75,2174,1223.46,0.0736842105263157,0.0897435897435897
CUST_3151,61,Female,India,110.68,7,96,0,Beauty,57.7,91,0.21,726,774.76,0.0760869565217391,0.0721649484536082
CUST_7905,53,Female,Australia,134.75,5,162,0,Home,18.8,81,0.37,1675,673.75,0.0609756097560975,0.0306748466257668
CUST_3834,45,Female,USA,174.18,10,330,0,Sports,99.2,96,0.04,1756,1741.8000000000002,0.1030927835051546,0.0302114803625377
CUST_3567,62,Other,Canada,214.56,8,195,0,Beauty,66.4,19,0.27,1585,1716.48,0.4,0.0408163265306122
CUST_2307,34,Male,France,32.77,7,115,0,Beauty,66.4,89,0.59,1052,229.39,0.0777777777777777,0.0603448275862069
CUST_9848,76,Female,Germany,38.56,5,160,0,Sports,50.95,93,0.15,675,192.8,0.0531914893617021,0.031055900621118
CUST_3660,57,Female,Canada,33.51,10,254,0,Sports,65.0,25,0.41,1502,335.1,0.3846153846153846,0.0392156862745098
CUST_4730,75,Female,Brazil,141.61,10,69,0,Fashion,83.3,53,0.5,1820,1416.1,0.1851851851851851,0.1428571428571428
CUST_7207,69,Male,Canada,315.51,6,201,0,Sports,81.4,96,0.34,2222,1893.06,0.0618556701030927,0.0297029702970297
CUST_4162,20,Female,Canada,60.57,7,35,0,Sports,92.0,75,0.06,1294,423.99,0.0921052631578947,0.1944444444444444
CUST_2140,29,Male,China,99.75,7,304,0,Beauty,14.9,4,0.14,891,698.25,1.4,0.0229508196721311
CUST_9458,56,Male,USA,119.55,10,217,0,Beauty,50.95,46,0.38,553,1195.5,0.2127659574468085,0.0458715596330275
CUST_2708,29,Female,Germany,211.97,5,308,0,Electronics,71.0,31,0.23,1714,1059.85,0.15625,0.0161812297734627
CUST_4630,19,Female,China,77.0,10,196,0,Electronics,80.8,36,0.25,1208,770.0,0.2702702702702703,0.0507614213197969
CUST_4211,73,Other,USA,82.4,12,335,0,Electronics,67.4,4,0.26,2190,988.8,2.4,0.0357142857142857
CUST_7538,63,Female,Japan,72.62,10,326,0,Sports,14.3,2,0.25,1315,726.2,3.333333333333333,0.0305810397553516
CUST_1475,39,Female,Germany,218.94,10,191,0,Fashion,59.5,39,0.27,1276,2189.4,0.25,0.0520833333333333
CUST_8684,40,Male,USA,55.78,9,276,0,Beauty,74.8,97,0.11,2100,502.02,0.0918367346938775,0.0324909747292418
CUST_2207,47,Male,India,51.49,10,290,0,Home,13.7,44,0.44,626,514.9,0.2222222222222222,0.0343642611683848
CUST_2960,22,Male,China,93.19,14,85,0,Fashion,5.6,91,0.41,1522,1304.66,0.1521739130434782,0.1627906976744186
CUST_1557,26,Other,Japan,55.53,7,21,0,Home,25.5,90,0.42,1640,388.71,0.0769230769230769,0.3181818181818182
CUST_1882,38,Male,Germany,29.65,7,133,0,Sports,9.1,19,0.71,746,207.55,0.35,0.0522388059701492
CUST_5761,28,Male,Brazil,86.29,14,160,1,Home,14.9,41,0.57,1911,1208.0600000000002,0.3333333333333333,0.0869565217391304
CUST_6867,22,Female,France,66.71,11,294,0,Electronics,20.3,97,0.26,1890,733.81,0.1122448979591836,0.0372881355932203
CUST_7963,52,Male,Brazil,23.75,7,42,0,Beauty,53.1,38,0.19,1615,166.25,0.1794871794871795,0.1627906976744186
CUST_8166,44,Male,India,189.02,14,40,0,Fashion,15.6,74,0.61,1160,2646.28,0.1866666666666666,0.3414634146341463
CUST_8929,66,Female,India,111.86,5,290,0,Electronics,60.5,65,0.47,1494,559.3,0.0757575757575757,0.0171821305841924
CUST_6347,19,Male,Australia,77.17,8,279,0,Beauty,29.1,35,0.61,1581,617.36,0.2222222222222222,0.0285714285714285
CUST_8269,41,Male,Australia,78.1,7,182,0,Electronics,31.1,11,0.42,561,546.6999999999999,0.5833333333333334,0.0382513661202185
CUST_9125,48,Male,Brazil,126.23,3,251,0,Fashion,96.7,59,0.21,1523,378.69,0.05,0.0119047619047619
CUST_3454,50,Female,China,48.14,17,359,0,Sports,80.5,78,0.28,1841,818.38,0.2151898734177215,0.0472222222222222
CUST_5494,56,Female,Canada,17.32,6,39,0,Home,42.4,70,0.07,1523,103.92,0.0845070422535211,0.15
CUST_2946,47,Male,USA,135.47,10,86,0,Sports,44.7,43,0.2,1838,1354.7,0.2272727272727272,0.1149425287356321
CUST_3808,63,Female,France,90.31,13,224,0,Home,11.5,89,0.09,737,1174.03,0.1444444444444444,0.0577777777777777
CUST_7642,54,Male,Japan,70.26,9,284,0,Home,84.5,87,0.42,1909,632.34,0.1022727272727272,0.031578947368421
CUST_4825,68,Other,France,106.85,6,137,0,Fashion,0.4,5,0.16,1872,641.0999999999999,1.0,0.0434782608695652
CUST_4536,45,Male,India,125.98,6,334,0,Fashion,14.4,26,0.29,1490,755.88,0.2222222222222222,0.017910447761194
CUST_7068,77,Female,Australia,81.13,10,137,0,Sports,53.4,82,0.21,514,811.3,0.1204819277108433,0.072463768115942
CUST_4802,48,Female,Canada,62.27,12,63,0,Beauty,18.8,32,0.71,2027,747.24,0.3636363636363636,0.1875
CUST_5699,28,Female,UK,69.14,8,116,0,Beauty,63.3,47,0.32,540,553.12,0.1666666666666666,0.0683760683760683
CUST_2970,40,Male,Germany,153.01,13,97,0,Sports,0.4,56,0.32,634,1989.13,0.2280701754385964,0.1326530612244898
CUST_6806,74,Male,UK,137.54,9,145,0,Home,9.8,85,0.08,870,1237.86,0.1046511627906976,0.0616438356164383
CUST_7142,19,Female,UK,80.53,10,84,0,Fashion,76.5,90,0.49,557,805.3,0.1098901098901098,0.1176470588235294
CUST_3819,57,Male,China,153.11,8,50,0,Sports,50.95,50,0.06,1818,1224.88,0.1568627450980392,0.1568627450980392
CUST_1364,58,Female,China,60.6,11,94,0,Beauty,1.9,99,0.26,857,666.6,0.11,0.1157894736842105
CUST_5258,44,Female,Australia,120.95,8,277,0,Home,50.95,74,0.26,463,967.6,0.1066666666666666,0.0287769784172661
CUST_4119,52,Female,UK,193.15,12,8,0,Beauty,23.9,58,0.53,901,2317.8,0.2033898305084746,1.3333333333333333
CUST_2863,19,Male,Japan,91.59,8,346,0,Home,84.9,28,0.25,780,732.72,0.2758620689655172,0.0230547550432276
CUST_1115,56,Female,India,71.96,9,88,0,Beauty,50.95,95,0.25,2178,647.64,0.09375,0.1011235955056179
CUST_8084,54,Female,UK,68.33,15,88,0,Electronics,54.1,79,0.24,1714,1024.95,0.1875,0.1685393258426966
CUST_9016,38,Female,Canada,93.19,13,218,0,Home,8.7,55,0.41,1332,1211.47,0.2321428571428571,0.0593607305936073
CUST_3384,75,Male,Germany,154.48,7,329,0,Home,65.7,58,0.17,897,1081.36,0.1186440677966101,0.0212121212121212
CUST_4935,22,Male,USA,163.18,7,349,0,Home,15.6,40,0.3,1144,1142.26,0.1707317073170731,0.02
CUST_8742,69,Male,Australia,192.88,11,285,0,Electronics,52.2,58,0.28,838,2121.68,0.1864406779661017,0.0384615384615384
CUST_6442,62,Male,Australia,95.83,10,160,0,Electronics,59.3,72,0.41,1618,958.3,0.136986301369863,0.062111801242236
CUST_3490,38,Female,Brazil,253.07,8,42,0,Beauty,84.2,46,0.04,525,2024.56,0.1702127659574468,0.1860465116279069
CUST_7980,46,Other,Canada,293.95,11,245,0,Fashion,80.6,74,0.49,1394,3233.45,0.1466666666666666,0.0447154471544715
CUST_8661,37,Male,China,58.98,11,257,0,Beauty,19.0,45,0.25,561,648.78,0.2391304347826087,0.0426356589147286
CUST_2724,78,Female,India,83.39,14,342,0,Home,91.6,10,0.11,886,1167.46,1.2727272727272727,0.0408163265306122
CUST_9182,55,Male,Japan,46.16,6,158,0,Home,0.3,82,0.11,2128,276.96,0.072289156626506,0.0377358490566037
CUST_3767,37,Male,Canada,94.93,9,131,0,Beauty,33.0,48,0.14,1353,854.3700000000001,0.1836734693877551,0.0681818181818181
CUST_2137,67,Male,France,104.31,8,46,0,Sports,6.6,92,0.33,1872,834.48,0.086021505376344,0.1702127659574468
CUST_5117,42,Male,USA,74.49,8,339,0,Fashion,72.1,62,0.22,2176,595.92,0.1269841269841269,0.0235294117647058
CUST_4420,19,Other,Germany,316.84,9,88,0,Electronics,50.0,28,0.14,2099,2851.56,0.3103448275862069,0.1011235955056179
CUST_6845,74,Male,Brazil,36.12,12,44,0,Fashion,50.95,20,0.26,592,433.44,0.5714285714285714,0.2666666666666666
CUST_5778,49,Female,Canada,38.29,12,320,0,Sports,8.5,88,0.15,1248,459.48,0.1348314606741573,0.0373831775700934
CUST_4906,43,Female,Brazil,261.4,18,193,0,Beauty,22.6,70,0.34,2041,4705.2,0.2535211267605634,0.0927835051546391
CUST_4637,23,Other,USA,21.28,8,5,0,Beauty,92.1,41,0.32,489,170.24,0.1904761904761904,1.3333333333333333
CUST_3953,58,Male,UK,175.77,16,262,0,Home,67.8,96,0.28,2201,2812.32,0.1649484536082474,0.0608365019011406
CUST_6929,74,Male,Brazil,58.77,13,195,0,Beauty,24.2,6,0.19,1925,764.01,1.8571428571428568,0.0663265306122449
CUST_1276,20,Male,Australia,151.49,11,17,0,Sports,89.4,11,0.32,1009,1666.39,0.9166666666666666,0.6111111111111112
CUST_2999,50,Male,China,30.06,10,296,0,Beauty,13.6,30,0.25,897,300.6,0.3225806451612903,0.0336700336700336
CUST_2227,18,Male,UK,119.05,10,106,0,Beauty,68.8,3,0.52,1586,1190.5,2.5,0.0934579439252336
CUST_7337,68,Female,Canada,78.02,10,68,0,Sports,42.5,72,0.71,642,780.1999999999999,0.136986301369863,0.144927536231884
CUST_4735,22,Female,Germany,235.81,5,24,0,Electronics,26.8,33,0.15,596,1179.05,0.1470588235294117,0.2
CUST_1695,30,Female,Australia,49.04,10,55,0,Fashion,26.2,54,0.43,1236,490.4,0.1818181818181818,0.1785714285714285
CUST_5152,36,Female,USA,105.97,14,0,0,Beauty,50.1,47,0.1,1020,1483.58,0.2916666666666667,14.0
CUST_8901,29,Male,UK,41.04,9,182,0,Fashion,93.1,83,0.32,1800,369.36,0.1071428571428571,0.0491803278688524
CUST_8470,65,Male,Australia,35.62,9,53,0,Fashion,74.2,10,0.43,441,320.58,0.8181818181818182,0.1666666666666666
CUST_8537,42,Other,China,182.11,13,80,0,Home,66.2,19,0.11,2085,2367.4300000000003,0.65,0.1604938271604938
CUST_3841,74,Female,UK,89.63,7,159,0,Electronics,87.6,9,0.36,1157,627.41,0.7,0.04375
CUST_5208,68,Female,India,196.86,10,225,0,Fashion,57.0,7,0.06,1484,1968.6,1.25,0.0442477876106194
CUST_9733,52,Female,India,57.16,12,263,0,Home,19.2,61,0.16,1378,685.92,0.1935483870967742,0.0454545454545454
CUST_2088,29,Male,UK,101.28,10,108,0,Sports,97.7,14,0.42,1364,1012.8,0.6666666666666666,0.091743119266055
CUST_4363,47,Male,UK,173.74,7,308,0,Sports,53.5,2,0.35,1939,1216.18,2.333333333333333,0.0226537216828478
CUST_1024,22,Male,India,193.23,7,43,0,Sports,31.5,22,0.18,1495,1352.61,0.3043478260869565,0.1590909090909091
CUST_7144,51,Male,Canada,58.35,11,200,0,Sports,77.8,60,0.29,1078,641.85,0.180327868852459,0.0547263681592039
CUST_6668,39,Male,Brazil,159.46,14,283,0,Sports,46.4,45,0.29,1867,2232.44,0.3043478260869565,0.0492957746478873
CUST_5236,56,Female,Germany,151.37,8,146,0,Home,50.95,20,0.34,528,1210.96,0.3809523809523809,0.0544217687074829
CUST_9068,30,Female,Australia,200.2,11,198,0,Electronics,32.0,26,0.18,754,2202.2,0.4074074074074074,0.0552763819095477
CUST_3235,74,Female,Australia,76.64,9,233,0,Electronics,45.7,59,0.15,755,689.76,0.15,0.0384615384615384
CUST_8295,64,Female,USA,121.88,7,183,0,Home,37.3,68,0.26,1829,853.16,0.1014492753623188,0.0380434782608695
CUST_9392,71,Other,Germany,115.25,9,34,0,Home,55.2,39,0.38,724,1037.25,0.225,0.2571428571428571
CUST_9448,20,Male,Japan,67.35,9,208,0,Beauty,18.3,23,0.3,951,606.15,0.375,0.0430622009569378
CUST_4747,77,Male,India,147.7,12,359,0,Fashion,57.2,80,0.5,1198,1772.4,0.1481481481481481,0.0333333333333333
CUST_4175,70,Female,Japan,158.72,13,62,0,Sports,98.7,25,0.12,1438,2063.36,0.5,0.2063492063492063
CUST_5897,37,Male,China,57.41,5,81,0,Fashion,75.4,73,0.14,1218,287.04999999999995,0.0675675675675675,0.0609756097560975
CUST_6037,48,Male,Germany,228.7,6,262,0,Beauty,68.5,53,0.35,1894,1372.1999999999998,0.1111111111111111,0.0228136882129277
CUST_8427,22,Male,France,128.09,14,254,0,Electronics,20.1,11,0.34,1311,1793.26,1.1666666666666667,0.0549019607843137
CUST_9605,41,Male,USA,37.41,5,38,0,Sports,58.2,25,0.29,1520,187.05,0.1923076923076923,0.1282051282051282
CUST_3014,57,Female,UK,52.23,11,285,0,Electronics,82.0,31,0.19,1001,574.53,0.34375,0.0384615384615384
CUST_2381,71,Male,China,151.68,18,22,0,Home,24.1,46,0.1,1742,2730.24,0.3829787234042553,0.782608695652174
CUST_2098,50,Female,Brazil,160.31,9,83,0,Fashion,8.7,27,0.31,1209,1442.79,0.3214285714285714,0.1071428571428571
CUST_4426,25,Female,France,225.7,11,302,0,Electronics,66.2,63,0.25,1222,2482.7,0.171875,0.0363036303630363
CUST_4655,41,Male,Germany,65.45,14,205,0,Beauty,67.4,47,0.43,1095,916.3,0.2916666666666667,0.0679611650485436
CUST_8938,67,Male,Germany,69.43,11,94,0,Electronics,80.4,14,0.31,1236,763.73,0.7333333333333333,0.1157894736842105
CUST_1187,37,Male,Japan,306.02,8,62,0,Sports,63.0,23,0.44,1351,2448.16,0.3333333333333333,0.1269841269841269
CUST_6409,77,Male,Canada,214.75,21,136,0,Sports,84.8,16,0.62,504,4509.75,1.2352941176470589,0.1532846715328467
CUST_3092,33,Female,Japan,110.35,8,150,0,Fashion,26.6,20,0.16,621,882.8,0.3809523809523809,0.0529801324503311
CUST_3130,67,Female,Australia,94.39,11,116,0,Home,3.5,3,0.57,1973,1038.29,2.75,0.094017094017094
CUST_6242,69,Female,Japan,284.1,13,190,0,Sports,73.3,6,0.31,1981,3693.3,1.8571428571428568,0.0680628272251308
CUST_9549,29,Male,Canada,41.85,9,201,0,Beauty,38.6,29,0.12,524,376.65,0.3,0.0445544554455445
CUST_6647,30,Female,Brazil,82.88,10,249,0,Fashion,21.0,4,0.12,1787,828.8,2.0,0.04
CUST_6185,62,Female,China,121.11,7,86,0,Sports,5.2,65,0.27,1020,847.77,0.106060606060606,0.0804597701149425
CUST_6776,59,Female,India,164.36,12,73,0,Beauty,50.95,8,0.5,463,1972.32,1.3333333333333333,0.1621621621621621
CUST_8913,56,Female,Germany,57.88,6,321,0,Electronics,82.6,48,0.33,687,347.28000000000003,0.1224489795918367,0.0186335403726708
CUST_8547,42,Female,UK,92.47,7,36,0,Beauty,38.9,84,0.28,694,647.29,0.0823529411764705,0.1891891891891892
CUST_8823,63,Female,Japan,99.22,10,124,0,Fashion,88.5,16,0.08,1187,992.2,0.5882352941176471,0.08
CUST_8355,49,Female,France,405.77,8,165,0,Sports,41.6,47,0.21,1434,3246.16,0.1666666666666666,0.0481927710843373
CUST_7465,79,Male,Brazil,225.84,9,0,0,Home,95.2,31,0.29,1571,2032.56,0.28125,9.0
CUST_2497,41,Female,USA,362.07,11,337,0,Home,98.3,96,0.34,1285,3982.77,0.1134020618556701,0.0325443786982248
CUST_3555,65,Male,Germany,76.4,12,290,0,Beauty,81.8,98,0.44,1444,916.8,0.1212121212121212,0.0412371134020618
CUST_6409,64,Male,Canada,244.98,8,70,0,Beauty,25.6,29,0.05,2032,1959.84,0.2666666666666666,0.1126760563380281
CUST_3951,61,Other,Australia,160.91,10,107,0,Beauty,36.6,76,0.45,799,1609.1,0.1298701298701298,0.0925925925925925
CUST_2238,26,Other,Canada,106.12,8,85,0,Sports,53.3,68,0.39,1061,848.96,0.1159420289855072,0.0930232558139534
CUST_5727,57,Male,Japan,129.72,14,180,0,Home,32.9,43,0.34,2196,1816.08,0.3181818181818182,0.0773480662983425
CUST_4965,67,Male,China,58.3,11,24,0,Home,81.9,34,0.14,2235,641.3,0.3142857142857143,0.44
CUST_6686,40,Male,Australia,21.19,4,297,0,Fashion,92.8,6,0.64,606,84.76,0.5714285714285714,0.0134228187919463
CUST_4701,67,Female,France,55.28,9,150,0,Fashion,98.6,49,0.23,610,497.52,0.18,0.0596026490066225
CUST_3780,30,Female,Canada,116.36,5,264,0,Electronics,33.6,60,0.24,1108,581.8,0.081967213114754,0.0188679245283018
CUST_8398,77,Other,France,112.16,12,202,0,Sports,27.0,51,0.33,1348,1345.92,0.2307692307692307,0.0591133004926108
CUST_2588,76,Female,USA,229.78,9,50,0,Beauty,16.1,9,0.27,1155,2068.02,0.9,0.1764705882352941
CUST_3368,49,Male,France,155.03,8,219,1,Fashion,4.7,5,0.43,1300,1240.24,1.3333333333333333,0.0363636363636363
CUST_6789,67,Female,Germany,185.57,14,56,0,Electronics,17.7,64,0.15,456,2597.98,0.2153846153846154,0.2456140350877192
CUST_1436,32,Male,Brazil,55.98,13,81,0,Electronics,28.5,16,0.26,1238,727.74,0.7647058823529411,0.1585365853658536
CUST_3828,53,Other,Australia,56.3,10,163,0,Home,39.1,59,0.43,1982,563.0,0.1666666666666666,0.0609756097560975
CUST_2556,66,Female,Germany,46.84,13,268,0,Sports,11.0,56,0.31,2200,608.9200000000001,0.2280701754385964,0.0483271375464684
CUST_8570,22,Female,UK,28.62,10,182,0,Sports,82.0,65,0.32,2063,286.2,0.1515151515151515,0.0546448087431694
CUST_8480,39,Male,Canada,81.79,12,179,0,Beauty,61.9,84,0.24,2090,981.48,0.1411764705882353,0.0666666666666666
CUST_1182,33,Male,Canada,74.13,4,283,0,Sports,56.3,35,0.16,1709,296.52,0.1111111111111111,0.0140845070422535
CUST_8190,58,Male,UK,142.79,16,85,0,Beauty,54.5,10,0.14,544,2284.64,1.4545454545454546,0.1860465116279069
CUST_7687,27,Female,France,273.36,11,110,0,Sports,29.0,89,0.34,1251,3006.96,0.1222222222222222,0.0990990990990991
CUST_6565,41,Female,Germany,21.82,7,157,0,Home,93.8,47,0.63,1732,152.74,0.1458333333333333,0.0443037974683544
CUST_8241,35,Male,Australia,71.59,4,44,0,Electronics,23.2,92,0.03,1306,286.36,0.043010752688172,0.0888888888888888
CUST_8651,66,Female,Australia,71.8,8,37,0,Sports,66.9,35,0.25,414,574.4,0.2222222222222222,0.2105263157894736
CUST_6575,35,Female,UK,88.33,15,19,0,Sports,25.3,62,0.13,1974,1324.95,0.238095238095238,0.75
CUST_2589,24,Male,Canada,101.86,9,96,0,Home,99.0,33,0.36,1727,916.74,0.2647058823529412,0.0927835051546391
CUST_9851,21,Female,UK,59.56,8,357,0,Fashion,91.2,15,0.03,934,476.48,0.5,0.0223463687150838
CUST_1159,43,Female,USA,129.32,5,58,0,Beauty,50.95,85,0.5,2105,646.5999999999999,0.0581395348837209,0.0847457627118644
CUST_7555,22,Other,USA,42.07,11,223,0,Fashion,98.7,35,0.15,912,462.77,0.3055555555555556,0.0491071428571428
CUST_9244,77,Male,USA,40.39,11,297,0,Electronics,62.6,10,0.38,971,444.29,1.0,0.0369127516778523
CUST_7846,72,Male,India,178.66,9,188,0,Fashion,72.9,80,0.25,1051,1607.94,0.1111111111111111,0.0476190476190476
CUST_3307,33,Male,Brazil,216.83,8,58,0,Electronics,28.3,20,0.32,575,1734.64,0.3809523809523809,0.135593220338983
CUST_2228,52,Male,China,48.64,10,7,0,Beauty,21.6,8,0.42,1969,486.4,1.1111111111111112,1.25
CUST_8226,43,Male,Japan,52.52,13,312,0,Home,85.8,95,0.13,1162,682.76,0.1354166666666666,0.0415335463258785
CUST_6590,35,Female,India,70.61,13,101,0,Electronics,50.95,8,0.52,731,917.93,1.4444444444444444,0.1274509803921568
CUST_7919,46,Female,Australia,93.19,8,339,0,Beauty,91.8,13,0.55,597,745.52,0.5714285714285714,0.0235294117647058
CUST_6585,40,Female,France,148.63,11,20,0,Home,36.7,88,0.12,1901,1634.9299999999998,0.1235955056179775,0.5238095238095238
CUST_7046,70,Male,Canada,34.53,10,304,0,Fashion,0.9,76,0.38,1060,345.3,0.1298701298701298,0.0327868852459016
CUST_5945,31,Female,France,134.11,9,215,0,Fashion,59.2,59,0.35,1485,1206.9900000000002,0.15,0.0416666666666666
CUST_8927,32,Female,UK,143.51,5,309,0,Electronics,35.4,81,0.2,1097,717.55,0.0609756097560975,0.0161290322580645
CUST_8016,66,Female,Canada,165.25,4,230,0,Sports,97.6,47,0.33,2100,661.0,0.0833333333333333,0.0173160173160173
CUST_8758,50,Female,Japan,165.23,16,235,0,Sports,38.7,60,0.19,1082,2643.68,0.2622950819672131,0.0677966101694915
CUST_6086,42,Female,Japan,228.75,11,150,0,Home,31.4,41,0.03,1278,2516.25,0.2619047619047619,0.0728476821192053
CUST_8161,38,Other,Germany,125.24,13,67,0,Fashion,56.6,52,0.09,1109,1628.12,0.2452830188679245,0.1911764705882352
CUST_2884,34,Male,France,171.29,11,45,0,Beauty,73.0,76,0.37,501,1884.19,0.1428571428571428,0.2391304347826087
CUST_2809,40,Female,China,21.25,9,221,0,Home,96.7,54,0.3,802,191.25,0.1636363636363636,0.0405405405405405
CUST_4167,74,Male,Japan,123.93,11,239,0,Electronics,7.0,36,0.26,2021,1363.23,0.2972972972972973,0.0458333333333333
CUST_7352,60,Male,Brazil,138.09,17,155,0,Electronics,42.0,77,0.39,1708,2347.53,0.2179487179487179,0.1089743589743589
CUST_7056,34,Male,Germany,171.28,18,94,0,Home,66.4,99,0.56,458,3083.04,0.18,0.1894736842105263
CUST_3437,75,Male,China,137.31,17,96,0,Beauty,0.5,69,0.25,2023,2334.27,0.2428571428571428,0.1752577319587628
CUST_7468,31,Male,Canada,103.4,13,305,0,Fashion,48.9,13,0.39,602,1344.2,0.9285714285714286,0.0424836601307189
CUST_6951,46,Male,France,44.3,10,82,0,Fashion,80.7,72,0.13,1498,443.0,0.136986301369863,0.1204819277108433
CUST_6276,37,Male,France,93.19,9,244,0,Beauty,5.1,11,0.49,1853,838.71,0.75,0.036734693877551
CUST_9859,47,Other,China,63.28,15,62,0,Fashion,34.1,8,0.16,1150,949.2,1.6666666666666667,0.238095238095238
CUST_8818,36,Male,China,235.07,6,9,0,Sports,40.1,31,0.47,1379,1410.42,0.1875,0.6
CUST_5728,70,Female,Japan,41.71,15,88,0,Sports,71.6,62,0.49,461,625.65,0.238095238095238,0.1685393258426966
CUST_3624,56,Male,Canada,245.28,9,164,0,Beauty,29.6,12,0.29,1270,2207.52,0.6923076923076923,0.0545454545454545
CUST_6738,73,Other,Germany,93.19,14,325,0,Sports,24.6,11,0.06,1306,1304.66,1.1666666666666667,0.0429447852760736
CUST_5232,30,Female,Brazil,142.19,10,285,0,Home,11.6,17,0.64,1899,1421.9,0.5555555555555556,0.0349650349650349
CUST_6793,35,Female,Australia,60.1,11,214,0,Fashion,50.95,27,0.19,1585,661.1,0.3928571428571428,0.0511627906976744
CUST_5523,40,Female,Australia,64.07,7,335,0,Home,47.2,77,0.0,667,448.49,0.0897435897435897,0.0208333333333333
CUST_6571,79,Male,India,98.53,7,71,0,Beauty,4.8,13,0.25,490,689.71,0.5,0.0972222222222222
CUST_3224,63,Other,Brazil,54.27,7,207,0,Sports,7.7,86,0.39,737,379.89,0.0804597701149425,0.0336538461538461
CUST_9389,50,Female,Canada,94.69,9,138,0,Home,50.95,44,0.23,1925,852.21,0.2,0.0647482014388489
CUST_7091,56,Female,Canada,67.54,10,245,0,Home,21.2,58,0.44,1514,675.4000000000001,0.1694915254237288,0.040650406504065
CUST_9662,57,Female,Germany,52.48,10,128,0,Electronics,74.0,88,0.34,609,524.8,0.1123595505617977,0.0775193798449612
CUST_7361,35,Male,France,156.14,9,99,0,Home,55.9,30,0.71,1603,1405.2599999999998,0.2903225806451613,0.09
CUST_2948,26,Female,India,24.87,8,10,0,Sports,77.7,13,0.48,718,198.96,0.5714285714285714,0.7272727272727273
CUST_8094,50,Male,Germany,266.77,15,339,0,Fashion,2.0,8,0.18,1873,4001.55,1.6666666666666667,0.0441176470588235
CUST_7318,49,Female,India,109.11,8,175,0,Fashion,26.5,69,0.25,1125,872.88,0.1142857142857142,0.0454545454545454
CUST_4796,78,Male,France,93.19,15,316,0,Fashion,40.6,64,0.13,1277,1397.85,0.2307692307692307,0.0473186119873817
CUST_1234,71,Other,UK,172.13,10,356,0,Sports,42.9,52,0.23,631,1721.3,0.1886792452830188,0.0280112044817927
CUST_4607,34,Male,India,22.87,7,315,0,Fashion,5.4,6,0.19,1384,160.09,1.0,0.0221518987341772
CUST_9043,36,Male,Germany,93.19,9,149,1,Fashion,51.2,71,0.19,1316,838.71,0.125,0.06
CUST_1522,44,Female,UK,66.21,9,74,0,Beauty,28.7,54,0.39,1095,595.89,0.1636363636363636,0.12
CUST_6904,23,Female,China,93.19,8,98,0,Beauty,19.1,22,0.21,776,745.52,0.3478260869565217,0.0808080808080808
CUST_5888,52,Female,Brazil,335.92,8,264,0,Electronics,50.95,63,0.21,1434,2687.36,0.125,0.030188679245283
CUST_6832,73,Male,Japan,101.24,10,242,0,Electronics,8.4,94,0.43,1539,1012.4,0.1052631578947368,0.0411522633744856
CUST_8122,54,Male,Germany,117.06,10,82,0,Home,86.7,79,0.21,821,1170.6,0.125,0.1204819277108433
CUST_6842,51,Female,China,254.39,10,292,0,Home,90.0,37,0.11,1180,2543.9,0.2631578947368421,0.0341296928327645
CUST_2316,37,Other,Australia,93.19,7,69,0,Home,32.6,56,0.05,591,652.3299999999999,0.1228070175438596,0.1
CUST_2124,42,Female,Australia,22.81,8,227,1,Electronics,98.7,41,0.47,1474,182.48,0.1904761904761904,0.0350877192982456
CUST_6621,21,Female,Canada,97.01,10,171,0,Fashion,40.1,60,0.31,743,970.1,0.1639344262295081,0.0581395348837209
CUST_6423,27,Other,Germany,93.27,7,130,0,Home,96.2,20,0.16,941,652.89,0.3333333333333333,0.0534351145038167
CUST_3587,27,Male,USA,68.25,12,9,0,Fashion,98.7,95,0.25,2227,819.0,0.125,1.2
CUST_6672,41,Female,Japan,121.74,13,55,0,Fashion,82.7,69,0.22,652,1582.62,0.1857142857142857,0.2321428571428571
CUST_2378,38,Female,USA,105.88,8,32,0,Electronics,50.95,45,0.2,760,847.04,0.1739130434782608,0.2424242424242424
CUST_4374,28,Male,Brazil,89.78,16,243,0,Beauty,58.4,58,0.2,1350,1436.48,0.2711864406779661,0.0655737704918032
CUST_2519,44,Female,Canada,160.24,12,225,0,Beauty,73.2,76,0.14,617,1922.88,0.1558441558441558,0.0530973451327433
CUST_6777,33,Female,Japan,271.71,9,227,0,Sports,7.7,37,0.24,878,2445.39,0.2368421052631578,0.0394736842105263
CUST_8935,43,Male,UK,51.73,12,244,0,Beauty,89.4,94,0.37,776,620.76,0.1263157894736842,0.0489795918367346
CUST_7093,78,Male,India,51.88,16,102,0,Home,85.2,39,0.46,727,830.08,0.4,0.1553398058252427
CUST_9418,78,Male,Japan,142.83,13,196,0,Electronics,93.4,3,0.32,1874,1856.79,3.25,0.065989847715736
CUST_6355,47,Female,France,71.19,8,300,0,Fashion,51.4,77,0.18,1208,569.52,0.1025641025641025,0.0265780730897009
CUST_5968,66,Male,UK,133.02,11,312,0,Electronics,32.4,75,0.31,1051,1463.22,0.1447368421052631,0.0351437699680511
CUST_6574,33,Male,India,46.78,7,208,0,Sports,50.6,74,0.05,1650,327.46000000000004,0.0933333333333333,0.0334928229665071
CUST_5072,24,Female,Brazil,318.19,5,191,0,Sports,72.9,94,0.31,1884,1590.95,0.0526315789473684,0.0260416666666666
CUST_3257,33,Female,Australia,77.67,6,126,0,Sports,41.6,73,0.28,1398,466.02,0.081081081081081,0.0472440944881889
CUST_9588,52,Female,India,231.69,9,9,0,Fashion,35.2,94,0.3,1368,2085.21,0.0947368421052631,0.9
CUST_5424,75,Female,France,140.56,12,329,0,Sports,7.7,93,0.19,1818,1686.72,0.1276595744680851,0.0363636363636363
CUST_4237,33,Female,Canada,104.87,11,65,0,Sports,44.7,38,0.17,1708,1153.5700000000002,0.282051282051282,0.1666666666666666
CUST_4893,57,Other,India,83.03,10,357,0,Sports,39.3,46,0.15,935,830.3,0.2127659574468085,0.0279329608938547
CUST_3005,79,Female,Japan,63.97,7,340,0,Fashion,66.3,49,0.15,999,447.79,0.14,0.0205278592375366
CUST_3016,29,Female,Japan,104.26,5,157,0,Sports,43.9,34,0.49,1445,521.3000000000001,0.1428571428571428,0.0316455696202531
CUST_2772,52,Male,Canada,141.67,11,255,0,Home,0.4,26,0.21,823,1558.37,0.4074074074074074,0.04296875
CUST_9353,66,Other,Japan,69.29,10,337,0,Electronics,48.4,2,0.46,1572,692.9000000000001,3.333333333333333,0.029585798816568
CUST_4976,38,Male,Brazil,99.06,13,34,0,Sports,77.4,56,0.19,1037,1287.78,0.2280701754385964,0.3714285714285714
CUST_2751,67,Male,France,68.98,10,308,0,Sports,94.5,7,0.3,1167,689.8000000000001,1.25,0.0323624595469255
CUST_9967,60,Male,Germany,101.71,10,166,0,Electronics,19.3,36,0.19,1523,1017.1,0.2702702702702703,0.059880239520958
CUST_8430,53,Male,Germany,47.26,8,21,0,Sports,42.3,40,0.5,745,378.08,0.1951219512195122,0.3636363636363636
CUST_8170,65,Other,Australia,31.62,10,66,0,Sports,50.95,78,0.19,1814,316.2,0.1265822784810126,0.1492537313432835
CUST_7469,34,Female,China,164.17,9,197,0,Home,4.3,91,0.24,1562,1477.53,0.0978260869565217,0.0454545454545454
CUST_4220,49,Female,Brazil,31.94,11,99,0,Beauty,35.0,26,0.21,632,351.34000000000003,0.4074074074074074,0.11
CUST_1539,58,Female,China,83.96,17,335,0,Fashion,50.95,84,0.13,898,1427.32,0.2,0.050595238095238
CUST_2461,23,Female,Germany,26.72,11,194,0,Fashion,34.3,99,0.52,1991,293.92,0.11,0.0564102564102564
CUST_6184,41,Male,India,90.51,9,99,0,Electronics,48.9,75,0.04,1122,814.59,0.1184210526315789,0.09
CUST_9547,44,Female,India,37.15,13,74,0,Home,93.9,90,0.29,2141,482.95,0.1428571428571428,0.1733333333333333
CUST_1234,37,Female,India,102.71,5,16,0,Fashion,2.4,99,0.29,1254,513.55,0.05,0.2941176470588235
CUST_2548,42,Male,Japan,22.57,3,146,0,Electronics,7.8,69,0.18,1097,67.71000000000001,0.0428571428571428,0.0204081632653061
CUST_8480,19,Female,Japan,167.18,11,249,1,Electronics,19.7,16,0.2,676,1838.98,0.6470588235294118,0.044
CUST_5213,26,Male,USA,186.02,12,254,0,Electronics,38.5,75,0.46,1171,2232.24,0.1578947368421052,0.0470588235294117
CUST_2673,45,Male,India,62.54,10,187,0,Fashion,47.1,97,0.34,1658,625.4,0.1020408163265306,0.0531914893617021
CUST_7708,70,Male,India,436.5,9,327,0,Beauty,3.7,9,0.21,498,3928.5,0.9,0.0274390243902439
CUST_8982,78,Male,UK,93.19,11,345,0,Electronics,88.3,22,0.32,798,1025.09,0.4782608695652174,0.0317919075144508
CUST_3100,55,Female,Canada,52.39,10,239,0,Sports,75.9,5,0.62,1160,523.9,1.6666666666666667,0.0416666666666666
CUST_4748,20,Female,Germany,60.72,6,306,0,Beauty,26.8,84,0.39,901,364.32,0.0705882352941176,0.019543973941368
CUST_4173,37,Male,Japan,31.59,14,175,0,Beauty,25.7,43,0.21,1121,442.26,0.3181818181818182,0.0795454545454545
CUST_2815,23,Female,France,214.94,11,312,1,Sports,2.6,98,0.42,567,2364.34,0.1111111111111111,0.0351437699680511
CUST_4841,56,Female,Japan,119.41,10,31,0,Fashion,39.9,30,0.07,995,1194.1,0.3225806451612903,0.3125
CUST_9016,50,Male,France,180.8,8,334,0,Fashion,25.4,74,0.08,2013,1446.4,0.1066666666666666,0.0238805970149253
CUST_8011,72,Male,USA,22.93,2,121,0,Home,61.8,32,0.09,1681,45.86,0.0606060606060606,0.0163934426229508
CUST_5493,18,Other,France,45.03,11,323,0,Fashion,54.8,88,0.55,1925,495.33,0.1235955056179775,0.0339506172839506
CUST_1674,54,Female,Japan,72.73,13,27,1,Home,95.7,17,0.26,1735,945.49,0.7222222222222222,0.4642857142857143
CUST_9088,23,Other,Australia,93.19,13,188,0,Electronics,79.5,67,0.46,500,1211.47,0.1911764705882352,0.0687830687830687
CUST_9578,62,Male,Japan,93.19,16,332,0,Fashion,8.1,26,0.07,1124,1491.04,0.5925925925925926,0.048048048048048
CUST_3158,51,Female,Brazil,44.13,7,139,0,Fashion,70.4,12,0.09,1284,308.91,0.5384615384615384,0.05
CUST_3661,64,Male,Australia,156.51,7,270,0,Sports,10.7,37,0.2,697,1095.57,0.1842105263157894,0.025830258302583
CUST_3064,32,Male,India,137.29,10,284,0,Electronics,32.3,42,0.33,1480,1372.9,0.2325581395348837,0.0350877192982456
CUST_4253,62,Female,Germany,97.3,10,342,0,Home,55.5,57,0.25,1217,973.0,0.1724137931034483,0.0291545189504373
CUST_5979,43,Male,France,71.99,12,268,0,Electronics,49.6,12,0.47,551,863.8799999999999,0.9230769230769232,0.0446096654275092
CUST_8703,74,Male,Japan,72.61,12,293,0,Beauty,50.95,46,0.12,1392,871.3199999999999,0.2553191489361702,0.0408163265306122
CUST_9931,31,Male,Japan,25.21,8,185,0,Sports,81.0,97,0.2,1831,201.68,0.0816326530612244,0.043010752688172
CUST_2401,75,Male,France,361.97,9,109,0,Beauty,82.9,27,0.06,1786,3257.7300000000005,0.3214285714285714,0.0818181818181818
CUST_4259,71,Female,China,43.72,15,254,0,Home,5.8,78,0.36,906,655.8,0.189873417721519,0.0588235294117647
CUST_4923,24,Female,Germany,55.31,10,34,0,Fashion,64.2,7,0.12,1382,553.1,1.25,0.2857142857142857
CUST_5214,63,Male,UK,34.66,6,331,0,Fashion,50.95,38,0.19,720,207.96,0.1538461538461538,0.0180722891566265
CUST_4227,75,Male,Canada,49.15,10,221,0,Fashion,50.95,48,0.4,1285,491.5,0.2040816326530612,0.045045045045045
CUST_3745,48,Male,India,112.11,11,109,0,Home,52.0,42,0.08,1186,1233.21,0.2558139534883721,0.1
CUST_7091,41,Female,Australia,43.17,10,260,0,Beauty,99.9,27,0.26,1625,431.7000000000001,0.3571428571428571,0.0383141762452107
CUST_4866,76,Male,Japan,173.56,9,1,0,Home,4.4,10,0.33,487,1562.04,0.8181818181818182,4.5
CUST_6818,48,Female,USA,65.03,8,233,1,Home,8.8,42,0.12,633,520.24,0.1860465116279069,0.0341880341880341
CUST_3222,46,Male,Germany,39.81,13,285,0,Beauty,76.8,58,0.37,1342,517.53,0.2203389830508474,0.0454545454545454
CUST_3792,59,Male,France,93.19,4,98,0,Fashion,55.0,41,0.44,1474,372.76,0.0952380952380952,0.0404040404040404
CUST_5063,49,Female,Japan,30.32,14,118,0,Sports,50.95,9,0.02,2160,424.48,1.4,0.1176470588235294
CUST_2524,34,Female,Australia,43.95,10,9,0,Home,37.5,98,0.18,2235,439.5,0.101010101010101,1.0
CUST_9224,31,Male,USA,159.58,12,72,0,Home,6.4,46,0.22,510,1914.96,0.2553191489361702,0.1643835616438356
CUST_7198,57,Female,Canada,77.8,8,208,0,Beauty,52.6,93,0.35,507,622.4,0.0851063829787234,0.0382775119617224
CUST_5025,53,Female,Canada,170.91,10,123,0,Sports,10.4,82,0.09,1626,1709.1,0.1204819277108433,0.0806451612903225
CUST_3566,75,Female,Australia,67.26,6,37,0,Home,0.7,54,0.26,2228,403.56000000000006,0.109090909090909,0.1578947368421052
CUST_3803,65,Female,Germany,159.57,7,93,0,Electronics,32.2,93,0.13,806,1116.99,0.0744680851063829,0.0744680851063829
CUST_4709,41,Female,USA,78.22,6,232,0,Sports,23.4,94,0.2,428,469.32,0.0631578947368421,0.0257510729613733
CUST_7155,62,Other,France,121.84,8,162,0,Home,36.2,59,0.58,1762,974.72,0.1333333333333333,0.0490797546012269
CUST_1719,71,Male,USA,53.78,10,326,0,Sports,35.0,13,0.2,437,537.8,0.7142857142857143,0.0305810397553516
CUST_7516,44,Female,Brazil,174.86,10,139,0,Electronics,63.0,86,0.41,1501,1748.6,0.1149425287356321,0.0714285714285714
CUST_5579,42,Female,France,152.33,8,241,0,Electronics,68.0,16,0.29,1635,1218.64,0.4705882352941176,0.0330578512396694
CUST_1972,76,Male,India,61.56,5,169,0,Sports,12.7,45,0.17,1900,307.8,0.108695652173913,0.0294117647058823
CUST_4718,49,Male,UK,104.22,11,97,0,Fashion,48.9,32,0.26,1526,1146.42,0.3333333333333333,0.1122448979591836
CUST_8395,69,Male,India,52.05,9,66,0,Sports,88.9,40,0.27,2004,468.45,0.2195121951219512,0.1343283582089552
CUST_5402,35,Female,UK,53.31,13,288,0,Beauty,14.8,90,0.28,1116,693.03,0.1428571428571428,0.0449826989619377
CUST_5552,63,Female,India,27.49,10,103,0,Fashion,96.7,95,0.32,616,274.9,0.1041666666666666,0.0961538461538461
CUST_3207,35,Female,USA,113.06,11,140,0,Electronics,1.9,44,0.35,1583,1243.66,0.2444444444444444,0.0780141843971631
CUST_5426,54,Male,Germany,27.66,11,202,0,Fashion,10.0,83,0.51,1132,304.26,0.1309523809523809,0.0541871921182266
CUST_7919,43,Female,Australia,74.89,12,289,0,Electronics,17.8,98,0.48,1752,898.6800000000001,0.1212121212121212,0.0413793103448275
CUST_9835,26,Other,Japan,44.99,4,305,0,Electronics,47.0,47,0.21,1546,179.96,0.0833333333333333,0.0130718954248366
CUST_9386,77,Male,UK,264.66,12,136,0,Electronics,29.9,70,0.32,2014,3175.92,0.1690140845070422,0.0875912408759124
CUST_9680,52,Female,Japan,41.23,14,262,0,Beauty,41.8,60,0.32,1810,577.2199999999999,0.2295081967213114,0.053231939163498
CUST_3204,25,Female,Brazil,142.98,12,105,0,Beauty,94.1,35,0.21,1327,1715.7599999999998,0.3333333333333333,0.1132075471698113
CUST_6345,37,Female,Brazil,128.43,4,129,0,Home,34.1,75,0.44,1709,513.72,0.0526315789473684,0.0307692307692307
CUST_4276,71,Female,Japan,102.62,9,260,0,Beauty,84.8,60,0.45,669,923.58,0.1475409836065573,0.0344827586206896
CUST_2102,59,Female,Brazil,108.23,9,112,0,Electronics,7.3,37,0.26,1770,974.07,0.2368421052631578,0.079646017699115
CUST_6243,39,Male,France,36.52,10,321,0,Sports,81.2,22,0.41,1778,365.2000000000001,0.4347826086956521,0.031055900621118
CUST_7614,36,Female,Japan,278.91,10,115,0,Fashion,90.2,13,0.09,1871,2789.1000000000004,0.7142857142857143,0.0862068965517241
CUST_9707,47,Male,Brazil,173.56,16,137,0,Sports,28.5,16,0.31,1127,2776.96,0.9411764705882352,0.1159420289855072
CUST_6223,70,Male,UK,80.85,11,160,0,Electronics,54.7,90,0.2,2165,889.3499999999999,0.1208791208791208,0.0683229813664596
CUST_9584,45,Male,Germany,102.63,11,107,0,Sports,18.7,86,0.35,1410,1128.9299999999998,0.1264367816091954,0.1018518518518518
CUST_1630,52,Female,Brazil,255.86,9,247,0,Fashion,9.1,60,0.31,1356,2302.74,0.1475409836065573,0.0362903225806451
CUST_7683,60,Male,Japan,195.56,10,133,0,Home,50.95,42,0.2,936,1955.6,0.2325581395348837,0.0746268656716417
CUST_1277,28,Male,UK,141.56,13,13,0,Home,63.0,13,0.02,1468,1840.28,0.9285714285714286,0.9285714285714286
CUST_1232,48,Male,Japan,56.54,9,77,0,Beauty,75.2,87,0.26,987,508.86,0.1022727272727272,0.1153846153846153
CUST_6690,66,Other,Canada,123.31,8,270,0,Sports,44.0,63,0.23,987,986.48,0.125,0.029520295202952
CUST_8659,65,Female,USA,93.19,13,224,0,Beauty,25.0,32,0.15,1120,1211.47,0.3939393939393939,0.0577777777777777
CUST_1025,56,Female,USA,53.56,10,120,0,Beauty,42.7,23,0.16,551,535.6,0.4166666666666667,0.0826446280991735
CUST_8468,53,Female,USA,93.19,10,222,0,Sports,6.5,43,0.28,2189,931.9,0.2272727272727272,0.0448430493273542
CUST_7410,47,Female,India,270.15,8,208,0,Sports,28.4,32,0.29,835,2161.2,0.2424242424242424,0.0382775119617224
CUST_9652,40,Male,France,73.46,5,239,0,Fashion,29.8,28,0.16,1624,367.3,0.1724137931034483,0.0208333333333333
CUST_4764,36,Other,Japan,106.36,10,20,0,Sports,71.5,33,0.14,669,1063.6,0.2941176470588235,0.4761904761904761
CUST_7599,29,Male,France,30.33,8,284,0,Sports,5.3,26,0.25,2121,242.64,0.2962962962962963,0.0280701754385964
CUST_6102,32,Male,Japan,36.78,11,328,0,Beauty,24.5,94,0.4,1732,404.58,0.1157894736842105,0.033434650455927
CUST_8006,48,Male,Canada,47.63,17,92,0,Home,27.7,81,0.06,1672,809.71,0.2073170731707317,0.1827956989247312
CUST_4483,60,Female,Brazil,113.76,8,254,0,Electronics,55.1,42,0.21,1371,910.08,0.1860465116279069,0.0313725490196078
CUST_2994,54,Female,India,190.92,17,161,0,Home,24.5,29,0.37,637,3245.64,0.5666666666666667,0.1049382716049382
CUST_9682,54,Female,Germany,83.91,5,302,0,Sports,13.2,2,0.49,2148,419.55,1.6666666666666667,0.0165016501650165
CUST_2072,32,Male,Japan,93.19,9,251,0,Electronics,25.8,34,0.19,1190,838.71,0.2571428571428571,0.0357142857142857
CUST_7707,46,Female,UK,69.23,8,264,0,Sports,42.2,38,0.11,1468,553.84,0.2051282051282051,0.030188679245283
CUST_1215,67,Male,Brazil,321.19,12,187,0,Fashion,52.5,12,0.14,1337,3854.28,0.9230769230769232,0.0638297872340425
CUST_8605,60,Male,Australia,57.24,7,111,0,Sports,3.7,52,0.17,1437,400.68,0.1320754716981132,0.0625
CUST_3606,43,Male,Australia,93.19,8,29,0,Electronics,31.0,21,0.07,1522,745.52,0.3636363636363636,0.2666666666666666
CUST_9350,61,Female,Germany,93.19,11,272,0,Fashion,76.4,91,0.1,1053,1025.09,0.1195652173913043,0.0402930402930402
CUST_5781,19,Male,UK,47.68,10,314,0,Electronics,59.8,40,0.49,1876,476.8,0.2439024390243902,0.0317460317460317
CUST_4313,37,Female,USA,72.26,10,167,0,Fashion,45.6,67,0.34,2188,722.6,0.1470588235294117,0.0595238095238095
CUST_8763,32,Female,India,117.44,5,95,0,Beauty,45.3,49,0.67,1893,587.2,0.1,0.0520833333333333
CUST_6939,69,Female,France,165.92,13,134,0,Electronics,36.9,26,0.26,1881,2156.96,0.4814814814814814,0.0962962962962963
CUST_3295,21,Female,China,68.36,15,37,0,Beauty,34.2,52,0.31,1110,1025.4,0.2830188679245283,0.3947368421052631
CUST_6685,39,Male,China,21.67,13,287,0,Beauty,40.1,62,0.08,1301,281.71000000000004,0.2063492063492063,0.0451388888888888
CUST_2696,67,Male,India,36.02,18,68,0,Sports,86.9,69,0.38,761,648.36,0.2571428571428571,0.2608695652173913
CUST_2946,55,Female,Brazil,137.24,10,233,0,Home,46.9,61,0.55,1564,1372.4,0.1612903225806451,0.0427350427350427
CUST_3783,40,Female,Canada,68.37,11,66,0,Fashion,66.9,84,0.13,802,752.07,0.1294117647058823,0.1641791044776119
CUST_4644,76,Female,Brazil,102.36,9,55,0,Electronics,80.8,46,0.27,671,921.24,0.1914893617021276,0.1607142857142857
CUST_6241,43,Female,Australia,68.16,8,275,0,Beauty,43.2,72,0.12,1025,545.28,0.1095890410958904,0.0289855072463768
CUST_7420,68,Male,France,78.1,11,191,0,Sports,83.9,92,0.12,1859,859.0999999999999,0.1182795698924731,0.0572916666666666
CUST_8557,28,Male,Australia,43.32,11,119,0,Electronics,99.3,29,0.47,557,476.52,0.3666666666666666,0.0916666666666666
CUST_3645,45,Female,Japan,66.51,8,10,0,Sports,50.4,50,0.18,1292,532.08,0.1568627450980392,0.7272727272727273
CUST_7589,73,Male,Australia,26.8,13,145,0,Electronics,40.3,2,0.1,1390,348.40000000000003,4.333333333333333,0.0890410958904109
CUST_7353,19,Male,China,110.84,3,13,0,Sports,80.6,64,0.14,999,332.52,0.0461538461538461,0.2142857142857142
CUST_2932,76,Female,China,262.47,11,33,0,Sports,64.9,66,0.31,981,2887.17,0.1641791044776119,0.3235294117647059
CUST_2757,25,Male,France,79.4,10,203,0,Home,61.3,43,0.11,1367,794.0,0.2272727272727272,0.0490196078431372
CUST_6085,46,Other,Australia,179.56,10,85,0,Beauty,88.6,87,0.26,1353,1795.6,0.1136363636363636,0.1162790697674418
CUST_6637,28,Female,India,218.09,6,153,0,Fashion,64.9,10,0.22,1843,1308.54,0.5454545454545454,0.0389610389610389
CUST_2116,54,Female,India,86.94,6,169,0,Fashion,64.2,53,0.42,2148,521.64,0.1111111111111111,0.0352941176470588
CUST_1492,35,Male,Germany,225.43,9,166,0,Electronics,20.7,92,0.52,2033,2028.87,0.0967741935483871,0.0538922155688622
CUST_9811,72,Male,Canada,44.51,9,184,0,Electronics,68.8,83,0.04,1025,400.59,0.1071428571428571,0.0486486486486486
CUST_8888,79,Female,France,93.19,12,305,0,Home,50.95,28,0.19,684,1118.28,0.4137931034482758,0.0392156862745098
CUST_7474,67,Male,Australia,257.54,4,112,0,Electronics,57.6,95,0.19,1378,1030.16,0.0416666666666666,0.0353982300884955
CUST_5958,31,Male,France,86.8,8,143,0,Fashion,90.3,2,0.14,2081,694.4,2.6666666666666665,0.0555555555555555
CUST_3743,71,Male,Brazil,52.88,6,317,0,Beauty,34.0,29,0.16,890,317.28000000000003,0.2,0.0188679245283018
CUST_8866,27,Male,USA,32.69,8,353,0,Home,4.3,52,0.38,1737,261.52,0.1509433962264151,0.0225988700564971
CUST_8160,52,Male,UK,121.15,10,210,0,Electronics,44.5,14,0.46,2144,1211.5,0.6666666666666666,0.0473933649289099
CUST_6451,26,Female,Brazil,106.22,9,190,0,Home,0.4,28,0.07,1270,955.98,0.3103448275862069,0.0471204188481675
CUST_6258,52,Male,Brazil,170.39,15,285,0,Home,15.5,1,0.4,2056,2555.85,7.5,0.0524475524475524
CUST_9548,28,Male,Australia,179.35,7,181,0,Home,19.1,59,0.47,695,1255.45,0.1166666666666666,0.0384615384615384
CUST_8186,61,Female,USA,71.58,12,154,0,Electronics,53.4,44,0.2,1496,858.96,0.2666666666666666,0.0774193548387096
CUST_7102,29,Other,India,105.22,10,341,0,Sports,95.0,80,0.46,755,1052.2,0.1234567901234567,0.0292397660818713
CUST_1619,20,Male,India,186.98,6,191,0,Electronics,2.0,85,0.05,1419,1121.88,0.0697674418604651,0.03125
CUST_1882,70,Male,Brazil,254.07,15,80,0,Electronics,23.7,78,0.17,958,3811.05,0.189873417721519,0.1851851851851851
CUST_9988,56,Female,Canada,30.75,6,334,0,Electronics,50.95,43,0.28,778,184.5,0.1363636363636363,0.017910447761194
CUST_4642,31,Other,India,60.36,5,331,0,Electronics,88.2,17,0.63,1860,301.8,0.2777777777777778,0.0150602409638554
CUST_2296,73,Female,Japan,61.81,13,48,1,Electronics,83.5,54,0.67,2122,803.53,0.2363636363636363,0.2653061224489796
CUST_9436,45,Female,Brazil,195.85,7,303,0,Home,9.2,15,0.25,1082,1370.95,0.4375,0.0230263157894736
CUST_3895,28,Male,UK,93.19,6,54,1,Home,50.95,48,0.22,1919,559.14,0.1224489795918367,0.109090909090909
CUST_7593,56,Female,USA,91.67,12,335,0,Electronics,20.3,95,0.36,1877,1100.04,0.125,0.0357142857142857
CUST_1929,42,Male,Germany,116.37,6,66,0,Beauty,65.1,46,0.09,614,698.22,0.1276595744680851,0.0895522388059701
CUST_6366,38,Female,China,70.52,13,114,0,Beauty,42.8,49,0.31,1461,916.76,0.26,0.1130434782608695
CUST_9711,27,Female,France,103.53,4,111,0,Sports,63.6,36,0.24,1825,414.12,0.1081081081081081,0.0357142857142857
CUST_4212,60,Other,Brazil,56.07,9,158,0,Beauty,42.9,14,0.49,785,504.63,0.6,0.0566037735849056
CUST_3409,32,Male,India,43.79,9,106,0,Fashion,90.8,91,0.54,896,394.11,0.0978260869565217,0.0841121495327102
CUST_9199,36,Male,France,85.86,12,25,0,Fashion,2.5,3,0.16,616,1030.32,3.0,0.4615384615384615
CUST_4423,65,Female,UK,154.98,9,109,0,Beauty,19.2,6,0.36,1260,1394.82,1.2857142857142858,0.0818181818181818
CUST_7976,39,Female,Australia,108.98,13,65,0,Electronics,83.3,91,0.28,460,1416.74,0.1413043478260869,0.1969696969696969
CUST_8594,38,Female,China,217.61,13,204,0,Beauty,73.7,22,0.56,719,2828.9300000000003,0.5652173913043478,0.0634146341463414
CUST_6158,77,Male,Canada,92.24,8,100,0,Fashion,18.6,22,0.13,2229,737.92,0.3478260869565217,0.0792079207920792
CUST_4667,69,Male,Germany,17.92,9,205,0,Beauty,12.1,36,0.25,1599,161.28000000000003,0.2432432432432432,0.0436893203883495
CUST_6973,61,Female,Australia,73.03,6,0,0,Home,31.1,96,0.12,1974,438.18,0.0618556701030927,6.0
CUST_7236,49,Male,UK,93.19,18,223,0,Sports,48.2,91,0.31,1364,1677.42,0.1956521739130435,0.0803571428571428
CUST_9277,67,Female,India,122.23,11,69,0,Home,4.7,71,0.35,1335,1344.53,0.1527777777777778,0.1571428571428571
CUST_3468,40,Female,Japan,67.13,12,149,0,Home,84.6,50,0.14,1919,805.56,0.2352941176470588,0.08
CUST_7217,30,Female,USA,84.84,7,214,0,Sports,52.1,76,0.34,708,593.88,0.0909090909090909,0.0325581395348837
CUST_4619,22,Female,Australia,203.87,5,309,0,Electronics,91.9,80,0.21,1197,1019.35,0.0617283950617283,0.0161290322580645
CUST_2636,21,Female,Australia,114.57,9,141,0,Sports,32.6,69,0.01,611,1031.13,0.1285714285714285,0.0633802816901408
CUST_9155,45,Male,Germany,59.38,11,13,0,Electronics,4.9,35,0.07,725,653.1800000000001,0.3055555555555556,0.7857142857142857
CUST_4583,31,Female,USA,121.41,12,198,0,Fashion,87.1,9,0.06,1418,1456.92,1.2,0.0603015075376884
CUST_5009,25,Male,UK,152.4,9,18,0,Beauty,15.0,29,0.14,801,1371.6,0.3,0.4736842105263157
CUST_4326,26,Female,France,58.39,16,314,0,Fashion,50.95,27,0.5,1768,934.24,0.5714285714285714,0.0507936507936507
CUST_9148,74,Male,France,135.09,10,149,0,Fashion,46.4,57,0.09,1553,1350.9,0.1724137931034483,0.0666666666666666
CUST_3217,68,Female,USA,79.35,11,261,0,Fashion,49.2,96,0.17,1319,872.8499999999999,0.1134020618556701,0.0419847328244274
CUST_5967,52,Male,Canada,59.65,7,318,0,Beauty,2.3,74,0.34,1718,417.55,0.0933333333333333,0.0219435736677116
CUST_3369,54,Male,Brazil,99.23,8,332,0,Electronics,52.7,89,0.26,1388,793.84,0.0888888888888888,0.024024024024024
CUST_4638,38,Other,Canada,48.18,10,73,0,Sports,7.7,59,0.53,788,481.8,0.1666666666666666,0.1351351351351351
CUST_6722,75,Male,Canada,133.54,11,350,0,Electronics,32.7,42,0.29,807,1468.9399999999998,0.2558139534883721,0.0313390313390313
CUST_5444,35,Female,Australia,51.15,11,265,0,Electronics,97.5,53,0.58,796,562.65,0.2037037037037037,0.0413533834586466
CUST_8618,50,Other,Australia,178.49,8,292,0,Home,28.0,38,0.09,1030,1427.92,0.2051282051282051,0.0273037542662116
CUST_4947,25,Male,China,107.34,6,144,0,Beauty,81.3,89,0.04,786,644.04,0.0666666666666666,0.0413793103448275
CUST_2676,68,Female,India,181.38,10,132,0,Electronics,51.0,4,0.18,1482,1813.8,2.0,0.075187969924812
CUST_2196,66,Male,UK,71.99,11,147,0,Electronics,20.2,52,0.43,736,791.89,0.2075471698113207,0.0743243243243243
CUST_3787,34,Male,UK,67.49,8,78,0,Fashion,72.2,44,0.19,1302,539.92,0.1777777777777777,0.1012658227848101
CUST_8432,60,Male,China,144.4,8,308,0,Home,55.5,23,0.31,2151,1155.2,0.3333333333333333,0.0258899676375404
CUST_8927,48,Other,Australia,72.66,9,214,0,Sports,53.3,74,0.08,1201,653.9399999999999,0.12,0.041860465116279
CUST_4318,51,Male,Germany,81.89,9,32,0,Home,3.0,70,0.31,1985,737.01,0.1267605633802817,0.2727272727272727
CUST_9858,23,Female,Germany,93.19,8,193,0,Fashion,33.4,77,0.16,1841,745.52,0.1025641025641025,0.0412371134020618
CUST_7689,39,Female,India,23.37,8,177,0,Fashion,73.5,95,0.12,1008,186.96,0.0833333333333333,0.0449438202247191
CUST_3176,31,Female,USA,246.62,7,287,0,Fashion,79.6,69,0.04,2043,1726.34,0.1,0.0243055555555555
CUST_4743,20,Male,Australia,122.02,11,334,0,Beauty,81.5,60,0.38,1070,1342.22,0.180327868852459,0.0328358208955223
CUST_9792,29,Female,France,160.01,14,200,0,Fashion,3.7,4,0.66,990,2240.14,2.8,0.0696517412935323
CUST_5422,53,Female,France,107.88,12,2,0,Electronics,16.3,3,0.37,1260,1294.56,3.0,4.0
CUST_4824,29,Female,Australia,111.49,10,52,0,Beauty,98.6,94,0.07,787,1114.9,0.1052631578947368,0.1886792452830188
CUST_3451,62,Other,Japan,94.84,9,257,0,Fashion,15.5,23,0.15,1851,853.5600000000001,0.375,0.0348837209302325
CUST_1628,19,Female,USA,33.48,9,120,0,Beauty,50.95,37,0.23,1060,301.32,0.2368421052631578,0.0743801652892562
CUST_8778,19,Male,France,93.19,14,149,0,Electronics,80.3,18,0.27,1473,1304.66,0.7368421052631579,0.0933333333333333
CUST_4696,32,Female,Brazil,109.08,8,152,0,Fashion,39.3,99,0.7,2135,872.64,0.08,0.0522875816993464
CUST_4674,40,Male,Canada,36.0,11,216,0,Fashion,11.6,5,0.03,1660,396.0,1.8333333333333333,0.0506912442396313
CUST_4929,46,Male,Australia,140.16,9,134,0,Electronics,12.5,41,0.11,1386,1261.44,0.2142857142857142,0.0666666666666666
CUST_3765,34,Female,Japan,230.58,9,255,0,Fashion,8.4,92,0.37,1479,2075.2200000000003,0.0967741935483871,0.03515625
CUST_5369,49,Male,Brazil,112.29,9,61,0,Electronics,18.1,38,0.14,1005,1010.61,0.2307692307692307,0.1451612903225806
CUST_9307,24,Male,Canada,235.86,5,286,0,Fashion,49.7,47,0.21,1808,1179.3000000000002,0.1041666666666666,0.0174216027874564
CUST_5956,47,Other,Canada,93.19,12,62,0,Fashion,1.5,82,0.43,1258,1118.28,0.144578313253012,0.1904761904761904
CUST_1692,45,Male,India,132.7,9,292,0,Home,11.7,72,0.16,841,1194.3,0.1232876712328767,0.030716723549488
CUST_4162,31,Other,USA,180.89,15,67,0,Beauty,50.95,12,0.28,830,2713.35,1.1538461538461535,0.2205882352941176
CUST_2105,61,Female,Australia,85.37,11,224,0,Sports,87.7,30,0.15,1546,939.07,0.3548387096774194,0.0488888888888888
CUST_4008,47,Female,Japan,35.21,9,334,0,Home,83.3,86,0.08,1010,316.89,0.1034482758620689,0.026865671641791
CUST_3161,34,Female,China,181.17,13,136,0,Home,70.6,6,0.22,477,2355.21,1.8571428571428568,0.0948905109489051
CUST_9345,49,Male,India,93.19,11,45,0,Beauty,66.2,61,0.28,2174,1025.09,0.1774193548387097,0.2391304347826087
CUST_4699,63,Male,Germany,50.56,7,94,0,Home,27.6,94,0.19,1439,353.92,0.0736842105263157,0.0736842105263157
CUST_4786,23,Male,Brazil,54.64,14,289,0,Electronics,33.5,72,0.54,1511,764.96,0.1917808219178082,0.0482758620689655
CUST_5200,68,Male,China,99.7,9,363,0,Home,23.6,64,0.1,439,897.3000000000001,0.1384615384615384,0.0247252747252747
CUST_2913,41,Other,Brazil,481.9,13,246,0,Sports,98.0,93,0.17,1901,6264.7,0.1382978723404255,0.0526315789473684
CUST_6520,23,Female,Australia,55.57,14,315,0,Electronics,63.4,95,0.11,1269,777.98,0.1458333333333333,0.0443037974683544
CUST_2772,44,Male,Japan,131.88,11,291,0,Beauty,96.6,69,0.05,1000,1450.6799999999998,0.1571428571428571,0.0376712328767123
CUST_3780,35,Male,Japan,55.59,10,213,0,Beauty,27.2,11,0.03,703,555.9000000000001,0.8333333333333334,0.0467289719626168
CUST_8423,41,Male,Canada,93.19,12,255,0,Beauty,62.1,62,0.4,925,1118.28,0.1904761904761904,0.046875
CUST_3871,54,Male,China,45.92,4,47,0,Electronics,75.9,17,0.47,432,183.68,0.2222222222222222,0.0833333333333333
CUST_1660,73,Female,Japan,78.63,9,92,0,Beauty,9.5,77,0.33,1950,707.67,0.1153846153846153,0.0967741935483871
CUST_7242,41,Male,France,220.7,6,5,0,Beauty,66.7,20,0.12,1448,1324.1999999999998,0.2857142857142857,1.0
CUST_2132,55,Female,Brazil,124.4,19,192,0,Sports,16.9,95,0.3,576,2363.6,0.1979166666666666,0.0984455958549222
CUST_1699,51,Male,Canada,14.16,7,102,0,Fashion,32.8,26,0.18,1674,99.12,0.2592592592592592,0.0679611650485436
CUST_8470,57,Male,Australia,165.63,11,73,0,Fashion,50.95,92,0.63,2067,1821.93,0.1182795698924731,0.1486486486486486
CUST_7297,64,Female,Japan,150.88,10,73,0,Fashion,44.0,59,0.17,2156,1508.8,0.1666666666666666,0.1351351351351351
CUST_8812,32,Female,UK,56.28,12,112,0,Beauty,92.1,25,0.06,1834,675.36,0.4615384615384615,0.1061946902654867
CUST_5557,28,Other,Australia,83.1,17,151,0,Electronics,24.1,18,0.26,1037,1412.6999999999998,0.8947368421052632,0.1118421052631579
CUST_3179,39,Female,China,44.01,9,262,0,Beauty,15.4,96,0.19,1320,396.09,0.0927835051546391,0.0342205323193916
CUST_9275,71,Male,France,122.73,5,85,0,Fashion,33.7,29,0.56,2065,613.65,0.1666666666666666,0.0581395348837209
CUST_2422,41,Male,USA,90.05,12,57,0,Sports,85.2,67,0.41,1144,1080.6,0.1764705882352941,0.2068965517241379
CUST_4180,18,Female,Germany,33.17,7,148,0,Beauty,84.7,35,0.26,1599,232.19,0.1944444444444444,0.046979865771812
CUST_5316,35,Other,UK,122.73,7,213,0,Beauty,36.9,15,0.32,1192,859.11,0.4375,0.0327102803738317
CUST_7696,61,Female,Canada,46.6,11,299,1,Beauty,81.0,51,0.34,2002,512.6,0.2115384615384615,0.0366666666666666
CUST_1614,29,Male,Brazil,119.14,13,280,0,Electronics,7.8,3,0.12,549,1548.82,3.25,0.0462633451957295
CUST_5570,74,Other,China,73.71,12,94,0,Sports,0.8,21,0.19,704,884.52,0.5454545454545454,0.1263157894736842
CUST_1270,60,Male,China,54.87,13,207,0,Sports,86.5,61,0.05,1574,713.31,0.2096774193548387,0.0625
CUST_3468,45,Female,USA,29.36,9,142,0,Sports,87.4,3,0.64,1375,264.24,2.25,0.0629370629370629
CUST_4607,57,Other,UK,14.79,5,82,0,Sports,14.3,53,0.14,1110,73.94999999999999,0.0925925925925925,0.0602409638554216
CUST_4075,77,Male,Brazil,73.47,13,51,0,Fashion,29.8,35,0.42,455,955.11,0.3611111111111111,0.25
CUST_1289,24,Other,Germany,197.2,8,16,0,Beauty,85.1,50,0.37,1847,1577.6,0.1568627450980392,0.4705882352941176
CUST_9120,40,Male,India,69.92,10,217,0,Sports,8.4,8,0.62,1335,699.2,1.1111111111111112,0.0458715596330275
CUST_7614,38,Other,India,138.36,8,227,0,Home,86.3,48,0.22,528,1106.88,0.1632653061224489,0.0350877192982456
CUST_4252,51,Male,China,93.19,11,291,0,Home,57.5,3,0.29,556,1025.09,2.75,0.0376712328767123
CUST_8415,28,Other,UK,214.95,8,200,0,Fashion,65.7,54,0.4,1183,1719.6,0.1454545454545454,0.0398009950248756
CUST_7771,39,Male,USA,69.45,8,81,0,Home,59.5,75,0.34,1883,555.6,0.1052631578947368,0.0975609756097561
CUST_1278,59,Female,China,251.29,17,127,0,Home,58.3,2,0.27,1720,4271.93,5.666666666666667,0.1328125
CUST_1580,52,Female,India,109.53,6,79,0,Home,50.95,33,0.56,1029,657.1800000000001,0.1764705882352941,0.075
CUST_5958,69,Female,China,90.65,13,188,0,Fashion,23.6,72,0.11,585,1178.45,0.1780821917808219,0.0687830687830687
CUST_9445,46,Male,India,93.19,10,155,0,Beauty,58.0,12,0.18,1453,931.9,0.7692307692307693,0.0641025641025641
CUST_5276,59,Female,UK,147.25,10,315,0,Fashion,40.1,19,0.41,1788,1472.5,0.5,0.0316455696202531
CUST_8997,45,Male,UK,106.72,9,159,0,Electronics,54.1,18,0.3,1901,960.48,0.4736842105263157,0.05625
CUST_5776,76,Female,USA,64.03,14,241,0,Electronics,50.95,50,0.12,907,896.4200000000001,0.2745098039215686,0.0578512396694214
CUST_1824,35,Male,Canada,177.36,13,313,0,Home,46.4,85,0.62,1882,2305.6800000000003,0.1511627906976744,0.0414012738853503
CUST_4832,31,Other,Canada,92.52,12,81,0,Home,50.95,22,0.33,674,1110.24,0.5217391304347826,0.1463414634146341
CUST_9891,35,Male,China,107.47,6,43,0,Beauty,3.8,30,0.58,1631,644.8199999999999,0.1935483870967742,0.1363636363636363
CUST_6445,45,Male,China,33.11,10,161,0,Home,95.1,82,0.23,1803,331.1,0.1204819277108433,0.0617283950617283
CUST_2380,41,Male,China,83.37,9,220,0,Electronics,72.3,6,0.32,1119,750.33,1.2857142857142858,0.0407239819004524
CUST_7534,25,Male,USA,53.37,10,148,0,Home,49.8,1,0.32,600,533.6999999999999,5.0,0.0671140939597315
CUST_4156,59,Male,Australia,40.61,10,123,0,Beauty,55.1,9,0.15,819,406.1,1.0,0.0806451612903225
CUST_5307,71,Female,China,79.22,14,0,0,Electronics,51.1,52,0.27,558,1109.08,0.2641509433962264,14.0
CUST_6634,62,Female,Canada,179.32,19,182,0,Home,89.9,80,0.3,1733,3407.08,0.2345679012345679,0.1038251366120218
CUST_9575,70,Female,Canada,86.8,12,207,0,Beauty,77.4,29,0.58,2061,1041.6,0.4,0.0576923076923076
CUST_6810,25,Female,Brazil,213.05,12,96,0,Beauty,32.5,62,0.34,686,2556.6000000000004,0.1904761904761904,0.1237113402061855
CUST_9533,21,Male,UK,27.06,9,20,0,Electronics,21.8,29,0.21,1500,243.54,0.3,0.4285714285714285
CUST_6934,44,Female,Australia,30.39,13,354,0,Electronics,6.7,5,0.12,970,395.07,2.1666666666666665,0.0366197183098591
CUST_4109,53,Male,India,140.68,8,222,0,Electronics,14.8,83,0.18,530,1125.44,0.0952380952380952,0.0358744394618834
CUST_5082,22,Female,Canada,207.69,7,47,0,Beauty,49.0,22,0.34,685,1453.83,0.3043478260869565,0.1458333333333333
CUST_4240,50,Male,Germany,24.74,9,31,0,Electronics,20.3,49,0.23,1326,222.66,0.18,0.28125
CUST_7028,66,Male,Germany,75.52,11,287,0,Electronics,31.2,8,0.19,1070,830.7199999999999,1.2222222222222223,0.0381944444444444
CUST_2849,51,Male,Canada,209.81,8,129,0,Beauty,13.3,82,0.23,1678,1678.48,0.0963855421686747,0.0615384615384615
CUST_9497,47,Female,Germany,34.59,6,277,0,Beauty,92.3,78,0.17,1069,207.54,0.0759493670886076,0.0215827338129496
CUST_3749,25,Male,Japan,52.6,7,244,1,Electronics,3.4,68,0.23,1658,368.2,0.1014492753623188,0.0285714285714285
CUST_7680,56,Female,Australia,122.53,11,51,0,Electronics,35.2,40,0.07,1437,1347.83,0.2682926829268293,0.2115384615384615
CUST_1205,64,Male,UK,99.89,10,208,0,Electronics,25.8,91,0.34,2050,998.9,0.108695652173913,0.0478468899521531
CUST_8352,43,Female,Canada,40.65,17,351,0,Beauty,0.8,24,0.46,1194,691.05,0.68,0.0482954545454545
CUST_5591,74,Other,Canada,16.17,9,229,1,Sports,92.9,94,0.43,1277,145.53000000000003,0.0947368421052631,0.0391304347826087
CUST_4450,54,Male,India,99.15,11,185,1,Fashion,31.4,76,0.26,480,1090.65,0.1428571428571428,0.0591397849462365
CUST_8214,51,Female,Australia,26.38,8,161,0,Home,50.2,13,0.39,1665,211.04,0.5714285714285714,0.0493827160493827
CUST_4811,24,Other,China,173.01,9,198,0,Fashion,58.3,50,0.35,1887,1557.09,0.1764705882352941,0.0452261306532663
CUST_6141,57,Female,China,58.53,8,278,0,Beauty,61.0,45,0.19,1050,468.24,0.1739130434782608,0.028673835125448
CUST_9501,45,Female,France,111.64,9,32,0,Sports,46.0,4,0.16,801,1004.76,1.8,0.2727272727272727
CUST_3708,56,Female,Brazil,131.64,13,18,0,Beauty,59.4,90,0.28,1527,1711.3199999999997,0.1428571428571428,0.6842105263157895
CUST_2991,79,Female,Japan,176.45,5,120,0,Electronics,75.2,63,0.13,2042,882.25,0.078125,0.0413223140495867
CUST_9463,56,Male,USA,167.94,9,68,0,Home,95.2,65,0.62,1586,1511.46,0.1363636363636363,0.1304347826086956
CUST_4273,45,Female,USA,63.92,16,292,0,Fashion,50.95,27,0.31,964,1022.72,0.5714285714285714,0.0546075085324232
CUST_5538,31,Male,France,102.91,8,214,0,Beauty,46.2,87,0.42,2053,823.28,0.0909090909090909,0.0372093023255813
CUST_9712,70,Male,UK,361.66,9,122,0,Sports,44.5,63,0.15,1138,3254.94,0.140625,0.073170731707317
CUST_4722,67,Female,USA,291.08,10,279,0,Electronics,71.0,11,0.59,578,2910.8,0.8333333333333334,0.0357142857142857
CUST_4551,55,Male,China,154.08,13,53,0,Sports,50.95,42,0.25,1910,2003.04,0.3023255813953488,0.2407407407407407
CUST_3832,21,Male,Germany,154.33,6,20,0,Home,42.0,85,0.11,521,925.98,0.0697674418604651,0.2857142857142857
CUST_6679,59,Female,Brazil,53.37,8,96,0,Sports,33.6,86,0.76,1591,426.96,0.0919540229885057,0.0824742268041237
CUST_7579,35,Female,Australia,92.36,8,345,0,Sports,99.3,92,0.44,675,738.88,0.086021505376344,0.0231213872832369
CUST_1152,61,Female,China,137.99,8,137,0,Electronics,76.7,38,0.12,932,1103.92,0.2051282051282051,0.0579710144927536
CUST_6754,65,Other,India,77.94,9,41,0,Sports,20.7,70,0.11,1320,701.46,0.1267605633802817,0.2142857142857142
CUST_3800,42,Female,Australia,50.14,11,245,0,Electronics,29.2,89,0.05,945,551.54,0.1222222222222222,0.0447154471544715
CUST_6310,24,Male,USA,228.63,12,27,0,Home,89.4,62,0.3,1080,2743.56,0.1904761904761904,0.4285714285714285
CUST_3610,55,Male,India,328.61,7,57,0,Beauty,66.1,4,0.1,1952,2300.27,1.4,0.1206896551724138
CUST_2104,45,Female,Australia,119.59,13,126,0,Electronics,50.95,34,0.41,1974,1554.67,0.3714285714285714,0.1023622047244094
CUST_8361,22,Male,Canada,121.61,5,262,0,Beauty,36.4,26,0.25,1107,608.05,0.1851851851851851,0.0190114068441064
CUST_5199,20,Female,Japan,106.48,10,143,0,Fashion,37.9,54,0.26,1205,1064.8,0.1818181818181818,0.0694444444444444
CUST_4854,61,Female,China,191.86,18,92,0,Sports,18.6,27,0.54,460,3453.4800000000005,0.6428571428571429,0.1935483870967742
CUST_8263,48,Male,India,31.74,6,34,0,Beauty,51.1,39,0.48,1341,190.44,0.15,0.1714285714285714
CUST_2914,64,Other,France,61.12,3,91,0,Sports,76.6,85,0.51,1520,183.36,0.0348837209302325,0.0326086956521739
CUST_8365,59,Female,Japan,135.16,11,262,0,Electronics,56.4,21,0.5,1602,1486.76,0.5,0.0418250950570342
CUST_4072,75,Female,Australia,84.86,14,13,0,Sports,65.6,54,0.31,1300,1188.04,0.2545454545454545,1.0
CUST_1406,37,Other,UK,131.87,9,314,0,Home,59.5,56,0.38,1269,1186.83,0.1578947368421052,0.0285714285714285
CUST_1166,36,Female,France,44.25,13,317,0,Beauty,5.9,93,0.16,837,575.25,0.1382978723404255,0.040880503144654
CUST_1508,65,Male,China,134.32,9,201,0,Sports,18.8,98,0.2,639,1208.88,0.0909090909090909,0.0445544554455445
CUST_2661,77,Female,Canada,126.79,16,321,0,Beauty,35.0,63,0.15,1422,2028.64,0.25,0.0496894409937888
CUST_4664,28,Female,India,99.81,12,277,0,Beauty,88.9,91,0.11,1707,1197.72,0.1304347826086956,0.0431654676258992
CUST_4489,57,Female,Germany,56.19,9,143,0,Home,34.9,42,0.12,640,505.71,0.2093023255813953,0.0625
CUST_1680,20,Female,India,143.88,9,354,0,Electronics,32.7,26,0.51,1440,1294.92,0.3333333333333333,0.0253521126760563
CUST_3524,40,Female,Japan,58.57,8,298,0,Sports,8.1,69,0.35,2031,468.56,0.1142857142857142,0.0267558528428093
CUST_3120,24,Male,India,73.72,8,352,0,Fashion,97.2,20,0.24,1379,589.76,0.3809523809523809,0.0226628895184136
CUST_6260,40,Female,Japan,133.53,11,353,0,Beauty,77.9,72,0.44,500,1468.83,0.1506849315068493,0.0310734463276836
CUST_5357,78,Female,France,93.19,15,244,0,Electronics,76.6,82,0.64,966,1397.85,0.180722891566265,0.0612244897959183
CUST_2363,24,Male,India,48.37,8,11,0,Fashion,38.4,53,0.28,1215,386.96,0.1481481481481481,0.6666666666666666
CUST_3292,63,Male,France,24.21,9,70,0,Beauty,7.8,69,0.49,1036,217.89,0.1285714285714285,0.1267605633802817
CUST_2538,51,Other,Canada,84.81,11,183,0,Fashion,26.4,68,0.21,1603,932.91,0.1594202898550724,0.0597826086956521
CUST_4408,59,Female,Canada,112.61,10,103,0,Sports,85.3,5,0.62,1813,1126.1,1.6666666666666667,0.0961538461538461
CUST_8742,36,Female,Japan,66.38,6,10,0,Sports,18.0,16,0.14,2052,398.28,0.3529411764705882,0.5454545454545454
CUST_9752,75,Female,Australia,143.7,12,207,0,Beauty,89.4,9,0.07,1015,1724.4,1.2,0.0576923076923076
CUST_2903,26,Female,Canada,105.87,15,224,0,Beauty,53.6,25,0.53,1304,1588.0500000000002,0.5769230769230769,0.0666666666666666
CUST_1174,65,Female,Brazil,54.24,8,316,0,Sports,71.5,57,0.45,1255,433.92,0.1379310344827586,0.0252365930599369
CUST_3230,68,Female,India,125.62,9,272,0,Electronics,45.4,38,0.1,2011,1130.58,0.2307692307692307,0.0329670329670329
CUST_5287,35,Male,Brazil,457.22,19,53,0,Fashion,93.2,8,0.36,728,8687.18,2.111111111111111,0.3518518518518518
CUST_5160,58,Female,India,149.08,13,172,0,Beauty,24.0,65,0.62,1704,1938.04,0.1969696969696969,0.0751445086705202
CUST_8106,65,Female,USA,42.16,9,246,0,Beauty,50.95,31,0.23,1744,379.44,0.28125,0.0364372469635627
CUST_4171,62,Female,France,50.87,6,152,0,Home,6.9,33,0.15,2105,305.22,0.1764705882352941,0.0392156862745098
CUST_2567,59,Female,Japan,86.97,7,105,0,Fashion,48.0,55,0.17,1264,608.79,0.125,0.0660377358490566
CUST_2151,42,Female,China,21.18,14,158,0,Sports,97.3,69,0.13,1724,296.52,0.2,0.0880503144654088
CUST_8619,69,Male,China,99.21,11,105,0,Beauty,8.8,82,0.21,1353,1091.31,0.1325301204819277,0.1037735849056603
CUST_7033,31,Male,UK,84.56,11,192,0,Beauty,50.7,36,0.41,724,930.16,0.2972972972972973,0.0569948186528497
CUST_9560,61,Male,Australia,40.34,18,294,0,Sports,60.2,84,0.52,1494,726.1200000000001,0.2117647058823529,0.0610169491525423
CUST_5946,42,Male,Japan,93.19,14,275,0,Fashion,93.2,24,0.33,1347,1304.66,0.56,0.0507246376811594
CUST_9234,36,Other,Canada,76.26,8,72,0,Electronics,29.7,61,0.09,1600,610.08,0.1290322580645161,0.1095890410958904
CUST_2907,56,Male,Germany,19.45,8,42,0,Sports,50.3,83,0.29,944,155.6,0.0952380952380952,0.1860465116279069
CUST_4490,72,Male,Australia,60.33,12,193,0,Electronics,98.7,28,0.06,1249,723.96,0.4137931034482758,0.0618556701030927
CUST_3535,32,Female,Australia,56.72,11,128,0,Beauty,76.9,60,0.48,2059,623.92,0.180327868852459,0.0852713178294573
CUST_5173,33,Female,Germany,84.46,6,310,0,Electronics,81.0,94,0.2,1844,506.76,0.0631578947368421,0.0192926045016077
CUST_2293,44,Male,France,178.36,14,107,0,Electronics,78.1,79,0.41,1132,2497.04,0.175,0.1296296296296296
CUST_5769,57,Female,Australia,106.69,13,102,0,Sports,51.5,73,0.55,1598,1386.97,0.1756756756756756,0.1262135922330097
CUST_5796,27,Female,USA,34.63,12,132,0,Beauty,43.4,39,0.32,1728,415.56000000000006,0.3,0.0902255639097744
CUST_7871,21,Male,Australia,61.84,9,249,0,Fashion,25.5,31,0.11,2039,556.5600000000001,0.28125,0.036
CUST_3972,68,Male,UK,86.36,13,269,0,Home,46.6,1,0.61,1898,1122.68,6.5,0.0481481481481481
CUST_4922,36,Other,Brazil,100.44,9,102,0,Electronics,2.1,13,0.06,1005,903.96,0.6428571428571429,0.087378640776699
CUST_5997,45,Female,China,130.42,11,295,0,Beauty,9.7,66,0.03,2168,1434.62,0.1641791044776119,0.0371621621621621
CUST_8032,38,Female,France,118.3,8,237,0,Home,28.7,42,0.27,1200,946.4,0.1860465116279069,0.0336134453781512
CUST_1992,76,Male,Japan,118.65,14,107,0,Fashion,33.4,37,0.21,2115,1661.1,0.3684210526315789,0.1296296296296296
CUST_9112,64,Male,Canada,107.61,8,136,0,Home,70.8,57,0.32,611,860.88,0.1379310344827586,0.0583941605839416
CUST_6287,31,Female,USA,109.43,11,297,0,Fashion,17.2,35,0.05,661,1203.73,0.3055555555555556,0.0369127516778523
CUST_3240,50,Male,France,116.54,11,288,0,Home,79.6,37,0.56,2203,1281.94,0.2894736842105263,0.0380622837370242
CUST_2476,65,Male,Brazil,48.12,15,24,0,Fashion,80.1,75,0.33,751,721.8,0.1973684210526315,0.6
CUST_7426,27,Female,UK,50.08,8,117,0,Electronics,58.7,82,0.41,624,400.64,0.0963855421686747,0.0677966101694915
CUST_1389,36,Male,Brazil,190.89,12,229,1,Home,49.1,20,0.31,726,2290.68,0.5714285714285714,0.0521739130434782
CUST_1999,47,Female,Japan,106.76,12,333,0,Fashion,46.7,66,0.26,945,1281.12,0.1791044776119403,0.0359281437125748
CUST_2855,39,Female,Germany,121.71,12,255,0,Beauty,42.1,88,0.31,2227,1460.52,0.1348314606741573,0.046875
CUST_9125,20,Male,Canada,69.22,9,8,0,Sports,8.9,80,0.13,2236,622.98,0.1111111111111111,1.0
CUST_9850,54,Female,Germany,212.48,11,118,0,Home,65.5,23,0.34,716,2337.28,0.4583333333333333,0.0924369747899159
CUST_3763,58,Male,India,83.63,9,118,0,Home,50.95,55,0.22,1435,752.67,0.1607142857142857,0.0756302521008403
CUST_4663,35,Female,UK,171.11,6,90,0,Home,1.6,57,0.13,1134,1026.66,0.1034482758620689,0.0659340659340659
CUST_5986,28,Male,Canada,107.46,10,171,0,Home,20.3,50,0.2,1053,1074.6,0.196078431372549,0.0581395348837209
CUST_2481,65,Male,Japan,44.29,8,210,0,Sports,43.6,38,0.68,820,354.32,0.2051282051282051,0.0379146919431279
CUST_8256,19,Female,France,134.15,12,313,0,Home,90.1,47,0.06,918,1609.8000000000002,0.25,0.0382165605095541
CUST_4731,29,Female,China,87.09,9,115,0,Electronics,99.0,93,0.07,1896,783.8100000000001,0.0957446808510638,0.0775862068965517
CUST_8262,71,Other,Canada,50.93,5,287,0,Electronics,75.1,30,0.45,1406,254.65,0.1612903225806451,0.0173611111111111
CUST_1451,23,Male,France,153.03,7,21,0,Beauty,74.9,68,0.48,1290,1071.21,0.1014492753623188,0.3181818181818182
CUST_4093,60,Male,France,44.13,8,348,0,Sports,41.5,93,0.2,1863,353.04,0.0851063829787234,0.0229226361031518
CUST_1882,76,Female,India,123.2,5,54,0,Beauty,57.1,43,0.06,1176,616.0,0.1136363636363636,0.0909090909090909
CUST_5408,57,Female,USA,204.46,5,107,0,Electronics,23.3,27,0.56,2177,1022.3,0.1785714285714285,0.0462962962962962
CUST_5068,61,Male,UK,108.66,12,76,0,Home,73.8,97,0.45,2145,1303.92,0.1224489795918367,0.1558441558441558
CUST_4277,46,Female,UK,156.09,8,60,0,Home,6.0,82,0.52,1423,1248.72,0.0963855421686747,0.1311475409836065
CUST_9566,76,Female,India,169.33,13,121,0,Fashion,41.7,64,0.31,814,2201.29,0.2,0.1065573770491803
CUST_8951,47,Female,Germany,231.27,4,91,0,Sports,83.1,6,0.68,1224,925.08,0.5714285714285714,0.0434782608695652
CUST_5690,19,Other,Germany,57.08,7,322,0,Fashion,98.0,96,0.39,2041,399.56,0.0721649484536082,0.0216718266253869
CUST_5595,26,Male,Japan,183.88,7,221,0,Sports,69.7,31,0.48,1046,1287.16,0.21875,0.0315315315315315
CUST_5559,64,Female,USA,121.96,5,129,0,Sports,50.95,76,0.14,1215,609.8,0.0649350649350649,0.0384615384615384
CUST_8291,19,Male,France,95.08,12,247,0,Home,57.1,87,0.38,914,1140.96,0.1363636363636363,0.0483870967741935
CUST_9160,46,Female,Australia,46.73,8,120,0,Home,56.1,29,0.52,613,373.84,0.2666666666666666,0.0661157024793388
CUST_1112,50,Female,Australia,89.61,9,200,0,Beauty,50.95,3,0.31,1294,806.49,2.25,0.044776119402985
CUST_6131,27,Other,Germany,161.36,13,160,0,Electronics,84.0,97,0.29,887,2097.6800000000003,0.1326530612244898,0.0807453416149068
CUST_4197,51,Female,India,110.98,9,249,0,Electronics,4.9,92,0.21,967,998.82,0.0967741935483871,0.036
CUST_1139,61,Other,USA,99.31,9,217,0,Home,22.0,82,0.49,928,893.79,0.108433734939759,0.0412844036697247
CUST_2424,72,Female,Brazil,97.27,8,62,0,Electronics,84.2,86,0.06,1141,778.16,0.0919540229885057,0.1269841269841269
CUST_3949,25,Other,China,86.23,17,216,0,Sports,97.2,20,0.19,1361,1465.91,0.8095238095238095,0.0783410138248847
CUST_4168,54,Female,USA,117.32,8,340,0,Electronics,29.5,80,0.11,2206,938.56,0.0987654320987654,0.0234604105571847
CUST_9708,71,Female,Japan,104.58,7,63,1,Beauty,69.1,58,0.39,837,732.06,0.1186440677966101,0.109375
CUST_7043,77,Male,France,72.11,10,211,0,Electronics,30.8,57,0.17,1217,721.1,0.1724137931034483,0.0471698113207547
CUST_7989,50,Male,France,69.28,6,119,0,Electronics,4.1,71,0.31,1471,415.68,0.0833333333333333,0.05
CUST_8236,64,Male,UK,71.61,13,68,0,Beauty,82.9,4,0.47,2193,930.93,2.6,0.1884057971014492
CUST_7261,23,Female,Canada,55.56,8,123,0,Beauty,73.9,42,0.72,1249,444.48,0.1860465116279069,0.064516129032258
CUST_1887,61,Female,Canada,50.43,16,144,0,Home,5.3,34,0.13,958,806.88,0.4571428571428571,0.1103448275862069
CUST_4104,57,Female,UK,74.6,11,295,0,Beauty,14.5,18,0.62,435,820.5999999999999,0.5789473684210527,0.0371621621621621
CUST_1049,62,Other,Japan,109.17,9,357,0,Home,100.0,97,0.47,1385,982.53,0.0918367346938775,0.0251396648044692
CUST_4951,36,Other,France,181.19,6,128,0,Sports,65.1,65,0.39,1473,1087.14,0.0909090909090909,0.0465116279069767
CUST_4560,49,Male,Canada,46.42,8,12,0,Fashion,80.0,25,0.28,1867,371.36,0.3076923076923077,0.6153846153846154
CUST_1018,44,Male,Canada,74.84,15,273,0,Electronics,38.9,45,0.27,855,1122.6,0.3260869565217391,0.0547445255474452
CUST_5821,18,Male,China,102.58,14,67,0,Beauty,51.8,14,0.34,569,1436.12,0.9333333333333332,0.2058823529411764
CUST_7340,60,Male,Canada,119.15,12,269,0,Electronics,62.0,11,0.21,1797,1429.8000000000002,1.0,0.0444444444444444
CUST_9058,69,Female,France,179.55,12,132,0,Sports,80.6,52,0.08,1311,2154.6000000000004,0.2264150943396226,0.0902255639097744
CUST_3606,50,Female,Japan,130.17,14,61,0,Fashion,33.9,8,0.18,1505,1822.38,1.5555555555555556,0.2258064516129032
CUST_8846,79,Female,Brazil,118.12,15,160,0,Beauty,67.2,60,0.26,1906,1771.8000000000002,0.2459016393442623,0.093167701863354
CUST_9643,57,Female,Germany,41.58,9,25,0,Home,77.6,42,0.49,658,374.22,0.2093023255813953,0.3461538461538461
CUST_7432,49,Female,USA,196.64,17,246,0,Home,80.5,16,0.4,839,3342.88,1.0,0.068825910931174
CUST_4765,22,Male,India,95.34,8,188,0,Beauty,49.9,39,0.29,1264,762.72,0.2,0.0423280423280423
CUST_3438,34,Female,Australia,281.6,15,285,0,Beauty,50.95,95,0.39,1524,4224.0,0.15625,0.0524475524475524
CUST_7358,79,Male,USA,58.25,12,317,0,Sports,10.5,42,0.23,2093,699.0,0.2790697674418604,0.0377358490566037
CUST_9319,25,Male,China,67.31,9,336,0,Fashion,49.8,18,0.25,2171,605.79,0.4736842105263157,0.0267062314540059
CUST_6941,74,Male,Canada,93.19,15,219,0,Beauty,70.2,7,0.09,652,1397.85,1.875,0.0681818181818181
CUST_8644,59,Female,Japan,62.03,13,325,0,Home,92.1,4,0.52,1778,806.39,2.6,0.0398773006134969
CUST_5855,51,Male,Brazil,77.34,8,248,1,Fashion,12.5,96,0.16,1275,618.72,0.0824742268041237,0.0321285140562249
CUST_7547,26,Male,Australia,101.18,8,90,0,Beauty,96.9,95,0.15,832,809.44,0.0833333333333333,0.0879120879120879
CUST_8196,73,Female,UK,76.89,13,35,0,Fashion,23.4,74,0.24,2082,999.57,0.1733333333333333,0.3611111111111111
CUST_6911,40,Female,Brazil,245.07,6,6,0,Sports,17.6,30,0.29,1892,1470.42,0.1935483870967742,0.8571428571428571
CUST_7481,52,Male,Germany,130.98,8,320,0,Beauty,11.5,50,0.09,562,1047.84,0.1568627450980392,0.0249221183800623
CUST_3761,67,Male,Canada,66.93,11,201,0,Beauty,99.0,99,0.28,1287,736.23,0.11,0.0544554455445544
CUST_5456,24,Female,India,185.26,10,332,0,Fashion,56.1,45,0.08,1399,1852.6,0.217391304347826,0.03003003003003
CUST_7361,32,Male,Australia,129.77,11,40,0,Beauty,27.1,31,0.22,679,1427.47,0.34375,0.2682926829268293
CUST_6693,70,Other,Canada,182.45,15,31,0,Fashion,31.8,95,0.31,1422,2736.75,0.15625,0.46875
CUST_6788,71,Female,Australia,72.81,13,141,0,Fashion,95.0,46,0.47,1487,946.53,0.2765957446808511,0.0915492957746478
CUST_1201,37,Male,India,256.2,6,255,0,Beauty,90.0,54,0.21,1899,1537.1999999999998,0.109090909090909,0.0234375
CUST_7160,67,Male,Germany,61.98,8,160,0,Home,35.0,46,0.31,2079,495.84,0.1702127659574468,0.0496894409937888
CUST_1517,42,Male,UK,37.67,9,29,0,Sports,6.4,97,0.2,2166,339.03000000000003,0.0918367346938775,0.3
CUST_8737,20,Male,France,189.48,8,261,0,Fashion,83.4,5,0.39,832,1515.84,1.3333333333333333,0.0305343511450381
CUST_2988,77,Male,Japan,72.96,8,9,0,Home,91.4,10,0.16,546,583.68,0.7272727272727273,0.8
CUST_4802,79,Female,Brazil,42.59,12,202,0,Fashion,83.8,23,0.45,897,511.08,0.5,0.0591133004926108
CUST_6808,72,Male,USA,234.95,13,358,0,Home,91.3,7,0.31,1225,3054.35,1.625,0.0362116991643454
CUST_8162,63,Female,UK,140.72,10,275,0,Beauty,57.6,58,0.19,1255,1407.2,0.1694915254237288,0.036231884057971
CUST_7241,41,Female,UK,164.57,7,344,1,Sports,84.0,47,0.06,1961,1151.99,0.1458333333333333,0.0202898550724637
CUST_9399,51,Male,China,155.57,12,123,0,Home,94.4,92,0.39,1067,1866.84,0.1290322580645161,0.0967741935483871
CUST_6633,63,Male,Australia,44.63,8,117,0,Electronics,89.0,21,0.2,711,357.04,0.3636363636363636,0.0677966101694915
CUST_6755,39,Male,Australia,75.02,6,267,0,Fashion,50.95,31,0.58,795,450.12,0.1875,0.0223880597014925
CUST_7309,28,Male,China,95.69,13,277,1,Home,74.7,27,0.15,2060,1243.97,0.4642857142857143,0.0467625899280575
CUST_5117,65,Female,Brazil,389.32,16,75,0,Sports,72.1,29,0.71,1002,6229.12,0.5333333333333333,0.2105263157894736
CUST_9345,25,Male,Australia,42.83,10,13,0,Sports,80.3,10,0.68,2151,428.3,0.9090909090909092,0.7142857142857143
CUST_2518,56,Female,France,29.52,9,105,0,Sports,22.9,72,0.54,822,265.68,0.1232876712328767,0.0849056603773584
CUST_7163,60,Male,Japan,245.07,8,175,0,Home,0.2,9,0.24,1824,1960.56,0.8,0.0454545454545454
CUST_3600,52,Female,USA,135.63,10,181,0,Home,51.0,11,0.05,1463,1356.3,0.8333333333333334,0.0549450549450549
CUST_3195,66,Female,USA,149.04,14,35,0,Beauty,76.6,22,0.39,1763,2086.56,0.6086956521739131,0.3888888888888889
CUST_4554,63,Female,India,42.17,16,54,0,Electronics,12.5,90,0.07,709,674.72,0.1758241758241758,0.2909090909090909
CUST_3849,55,Male,India,140.4,16,269,0,Home,53.3,50,0.37,1553,2246.4,0.3137254901960784,0.0592592592592592
CUST_2742,25,Male,Japan,51.24,12,1,0,Beauty,31.4,40,0.27,502,614.88,0.2926829268292683,6.0
CUST_2306,71,Female,Canada,26.01,10,255,0,Fashion,83.8,66,0.61,553,260.1,0.1492537313432835,0.0390625
CUST_4849,54,Male,Canada,93.19,10,1,0,Electronics,10.0,63,0.35,619,931.9,0.15625,5.0
CUST_8519,44,Male,UK,65.71,10,60,0,Sports,84.8,19,0.37,800,657.0999999999999,0.5,0.1639344262295081
CUST_5195,45,Female,UK,65.89,14,362,0,Electronics,61.1,16,0.18,2073,922.46,0.8235294117647058,0.0385674931129476
CUST_6178,57,Female,China,102.63,19,106,0,Fashion,91.9,4,0.26,2135,1949.97,3.8,0.1775700934579439
CUST_3555,51,Female,Germany,53.54,10,133,0,Home,93.6,49,0.39,1590,535.4,0.2,0.0746268656716417
CUST_3305,49,Female,India,131.5,8,22,0,Home,80.9,38,0.68,2213,1052.0,0.2051282051282051,0.3478260869565217
CUST_8619,32,Female,Germany,131.95,9,72,1,Beauty,53.0,7,0.56,1190,1187.55,1.125,0.1232876712328767
CUST_3642,61,Female,Australia,189.33,11,350,0,Home,14.3,55,0.41,1803,2082.63,0.1964285714285714,0.0313390313390313
CUST_7409,34,Female,USA,93.19,12,27,0,Home,22.5,14,0.23,423,1118.28,0.8,0.4285714285714285
CUST_5757,50,Female,UK,69.76,8,24,0,Electronics,41.8,76,0.55,651,558.08,0.1038961038961039,0.32
CUST_3994,64,Female,Canada,93.19,9,354,0,Fashion,72.9,85,0.26,1681,838.71,0.1046511627906976,0.0253521126760563
CUST_9751,63,Male,Japan,35.49,9,64,0,Sports,54.5,34,0.55,1724,319.41,0.2571428571428571,0.1384615384615384
CUST_2271,69,Male,India,68.3,14,193,0,Sports,43.8,21,0.42,628,956.2,0.6363636363636364,0.0721649484536082
CUST_2813,71,Female,USA,162.44,7,206,0,Beauty,47.8,36,0.61,2116,1137.08,0.1891891891891892,0.0338164251207729
CUST_9801,33,Female,Brazil,40.4,10,298,0,Fashion,74.1,63,0.25,447,404.0,0.15625,0.0334448160535117
CUST_3461,46,Male,Japan,84.0,16,39,0,Electronics,3.4,42,0.13,1829,1344.0,0.3720930232558139,0.4
CUST_5120,26,Female,Germany,268.46,14,22,0,Sports,44.3,49,0.42,519,3758.44,0.28,0.6086956521739131
CUST_7124,50,Male,France,75.75,9,176,0,Beauty,57.3,71,0.27,1776,681.75,0.125,0.0508474576271186
CUST_9475,77,Female,Germany,134.24,13,263,0,Home,58.9,85,0.14,2116,1745.12,0.1511627906976744,0.0492424242424242
CUST_5396,66,Female,India,106.73,13,127,0,Home,61.9,10,0.31,768,1387.49,1.181818181818182,0.1015625
CUST_1816,46,Other,Japan,125.47,11,262,0,Electronics,5.3,21,0.33,2130,1380.17,0.5,0.0418250950570342
CUST_8304,30,Male,France,31.16,11,276,0,Sports,55.8,80,0.22,881,342.76,0.1358024691358024,0.03971119133574
CUST_8331,38,Female,Australia,85.8,17,34,0,Home,55.1,63,0.16,2163,1458.6,0.265625,0.4857142857142857
CUST_1082,75,Male,Brazil,109.33,12,100,0,Beauty,85.5,89,0.38,489,1311.96,0.1333333333333333,0.1188118811881188
CUST_2920,38,Male,Germany,68.29,17,224,0,Beauty,76.0,77,0.26,1293,1160.93,0.2179487179487179,0.0755555555555555
CUST_8817,22,Male,Brazil,35.95,6,228,0,Sports,3.1,50,0.29,630,215.7,0.1176470588235294,0.0262008733624454
CUST_3093,27,Female,Japan,93.67,6,98,0,Electronics,55.6,27,0.24,1439,562.02,0.2142857142857142,0.0606060606060606
CUST_8071,23,Female,USA,93.19,7,81,0,Beauty,69.1,8,0.1,1060,652.3299999999999,0.7777777777777778,0.0853658536585365
CUST_8967,73,Male,Japan,50.69,8,316,0,Fashion,58.0,30,0.33,1359,405.52,0.2580645161290322,0.0252365930599369
CUST_9367,68,Female,Canada,84.48,13,329,0,Beauty,67.6,95,0.21,521,1098.24,0.1354166666666666,0.0393939393939393
CUST_6285,74,Female,France,204.15,9,195,0,Electronics,50.95,71,0.62,1135,1837.35,0.125,0.0459183673469387
CUST_5937,30,Female,USA,172.39,10,364,0,Beauty,16.9,30,0.02,1681,1723.9,0.3225806451612903,0.0273972602739726
CUST_1369,18,Other,Germany,155.55,8,67,0,Home,58.3,18,0.34,2032,1244.4,0.4210526315789473,0.1176470588235294
CUST_2818,37,Male,Australia,82.65,12,272,0,Electronics,80.1,23,0.54,2173,991.8,0.5,0.0439560439560439
CUST_3101,74,Other,Brazil,59.07,12,298,0,Home,2.6,38,0.09,1099,708.84,0.3076923076923077,0.040133779264214
CUST_4490,64,Female,Japan,260.84,9,358,0,Home,43.6,30,0.24,1561,2347.56,0.2903225806451613,0.0250696378830083
CUST_2779,63,Male,China,142.67,8,343,0,Sports,99.2,30,0.43,2110,1141.36,0.2580645161290322,0.0232558139534883
CUST_8674,25,Male,India,64.1,10,358,0,Electronics,76.6,72,0.13,1932,641.0,0.136986301369863,0.0278551532033426
CUST_2364,27,Male,Germany,80.46,8,140,0,Home,45.0,76,0.2,1820,643.68,0.1038961038961039,0.0567375886524822
CUST_8294,26,Male,India,131.27,8,184,0,Sports,9.8,74,0.28,453,1050.16,0.1066666666666666,0.0432432432432432
CUST_4676,66,Female,USA,113.74,3,153,0,Sports,35.9,71,0.16,1859,341.22,0.0416666666666666,0.0194805194805194
CUST_3426,58,Female,Canada,36.97,10,188,0,Home,15.4,39,0.36,1539,369.7,0.25,0.0529100529100529
CUST_9264,20,Female,Germany,87.15,14,61,0,Home,92.1,17,0.32,917,1220.1,0.7777777777777778,0.2258064516129032
CUST_9089,28,Female,Canada,20.25,9,18,0,Fashion,68.6,96,0.14,948,182.25,0.0927835051546391,0.4736842105263157
CUST_3962,29,Male,Canada,44.13,9,80,0,Electronics,85.6,69,0.31,1752,397.17,0.1285714285714285,0.1111111111111111
CUST_1859,27,Female,Australia,220.32,11,29,0,Sports,89.7,85,0.24,1792,2423.52,0.127906976744186,0.3666666666666666
CUST_5138,42,Male,USA,151.98,7,126,0,Electronics,60.7,95,0.4,579,1063.86,0.0729166666666666,0.0551181102362204
CUST_3424,66,Other,Japan,139.47,7,217,0,Sports,0.7,52,0.17,1789,976.29,0.1320754716981132,0.0321100917431192
CUST_5017,66,Male,China,87.98,12,12,0,Beauty,55.6,79,0.16,1925,1055.76,0.15,0.9230769230769232
CUST_9560,42,Other,France,209.3,13,176,0,Beauty,80.2,13,0.11,865,2720.9,0.9285714285714286,0.0734463276836158
CUST_9342,28,Male,Canada,79.95,10,337,0,Sports,31.4,7,0.49,1144,799.5,1.25,0.029585798816568
CUST_2134,79,Male,USA,157.72,11,120,0,Fashion,92.8,88,0.23,605,1734.92,0.1235955056179775,0.0909090909090909
CUST_6166,71,Male,Australia,65.01,12,178,0,Beauty,99.7,68,0.31,1014,780.1200000000001,0.1739130434782608,0.0670391061452514
CUST_6119,53,Female,Germany,19.84,17,110,0,Electronics,54.9,60,0.29,1960,337.28,0.2786885245901639,0.1531531531531531
CUST_6694,56,Female,UK,55.34,10,8,0,Home,53.1,83,0.21,429,553.4000000000001,0.119047619047619,1.1111111111111112
CUST_7136,70,Male,UK,87.81,8,221,0,Electronics,65.5,46,0.28,1104,702.48,0.1702127659574468,0.036036036036036
CUST_6485,43,Other,China,174.43,9,284,0,Electronics,56.6,35,0.1,992,1569.87,0.25,0.031578947368421
CUST_5164,31,Female,Australia,63.07,10,348,0,Electronics,16.0,29,0.18,1886,630.7,0.3333333333333333,0.0286532951289398
CUST_3346,56,Female,USA,88.75,14,109,1,Sports,27.1,34,0.41,1157,1242.5,0.4,0.1272727272727272
CUST_6039,73,Female,Australia,173.72,6,135,0,Sports,20.2,8,0.13,1383,1042.32,0.6666666666666666,0.0441176470588235
CUST_5897,57,Male,France,72.74,9,107,0,Electronics,50.95,66,0.42,1628,654.66,0.1343283582089552,0.0833333333333333
CUST_9252,18,Male,France,95.18,9,336,0,Home,14.0,4,0.13,1707,856.6200000000001,1.8,0.0267062314540059
CUST_6041,73,Other,Japan,91.07,12,203,0,Fashion,97.2,66,0.55,1022,1092.84,0.1791044776119403,0.0588235294117647
CUST_4901,71,Other,UK,115.66,9,14,1,Fashion,50.95,94,0.4,1784,1040.94,0.0947368421052631,0.6
CUST_2337,21,Other,UK,66.69,6,161,0,Beauty,12.6,57,0.34,1875,400.14,0.1034482758620689,0.037037037037037
CUST_2184,78,Other,France,97.31,4,194,0,Beauty,71.3,93,0.3,2053,389.24,0.0425531914893617,0.0205128205128205
CUST_5426,47,Male,Australia,93.19,11,260,0,Home,50.95,4,0.15,654,1025.09,2.2,0.0421455938697318
CUST_2551,29,Female,China,124.82,5,353,0,Electronics,22.5,85,0.3,547,624.0999999999999,0.0581395348837209,0.0141242937853107
CUST_2629,73,Male,China,19.03,8,8,0,Sports,94.4,73,0.09,1133,152.24,0.1081081081081081,0.8888888888888888
CUST_2526,52,Other,Canada,217.2,12,215,0,Beauty,22.5,66,0.27,2092,2606.4,0.1791044776119403,0.0555555555555555
CUST_2361,30,Female,Germany,123.86,6,260,0,Electronics,9.8,20,0.69,1951,743.16,0.2857142857142857,0.0229885057471264
CUST_5370,69,Female,UK,41.3,10,112,0,Fashion,20.6,97,0.28,2176,413.0,0.1020408163265306,0.0884955752212389
CUST_6283,48,Female,France,55.49,9,116,0,Home,91.2,55,0.26,1105,499.41,0.1607142857142857,0.0769230769230769
CUST_8610,55,Male,Australia,56.3,11,339,0,Sports,85.8,6,0.38,1469,619.3,1.5714285714285714,0.0323529411764705
CUST_2993,60,Male,USA,58.85,11,46,0,Sports,89.4,29,0.48,1659,647.35,0.3666666666666666,0.2340425531914893
CUST_1869,40,Female,Germany,172.67,6,317,0,Beauty,91.6,80,0.25,1186,1036.02,0.074074074074074,0.0188679245283018
CUST_2014,21,Female,China,183.21,17,300,0,Electronics,7.7,5,0.21,1745,3114.57,2.833333333333333,0.0564784053156146
CUST_1602,69,Male,India,141.05,13,321,0,Sports,50.95,37,0.21,1814,1833.65,0.3421052631578947,0.0403726708074534
CUST_1690,33,Female,India,41.3,11,278,0,Fashion,66.5,9,0.21,1029,454.3,1.1,0.039426523297491
CUST_9685,24,Female,Australia,71.32,2,97,0,Fashion,50.95,96,0.21,1329,142.64,0.0206185567010309,0.0204081632653061
CUST_1489,39,Male,Brazil,52.04,13,92,0,Home,71.5,37,0.09,1455,676.52,0.3421052631578947,0.1397849462365591
CUST_7864,46,Male,Brazil,55.85,9,298,0,Home,79.2,98,0.32,1814,502.65,0.0909090909090909,0.0301003344481605
CUST_8240,28,Female,UK,64.95,13,251,0,Fashion,71.5,39,0.34,988,844.35,0.325,0.0515873015873015
CUST_8786,73,Female,USA,55.22,12,162,1,Fashion,62.1,63,0.11,1450,662.64,0.1875,0.0736196319018405
CUST_9024,50,Female,Canada,57.98,8,157,0,Electronics,55.3,57,0.51,1908,463.84,0.1379310344827586,0.050632911392405
CUST_1294,75,Female,Australia,110.47,3,66,0,Sports,96.9,40,0.19,466,331.41,0.073170731707317,0.044776119402985
CUST_6488,46,Male,India,74.52,12,137,0,Electronics,93.6,93,0.27,1277,894.24,0.1276595744680851,0.0869565217391304
CUST_5027,76,Female,India,213.72,17,311,0,Home,43.8,64,0.3,2182,3633.24,0.2615384615384615,0.0544871794871794
CUST_3912,56,Male,USA,23.32,8,289,0,Home,28.4,95,0.27,747,186.56,0.0833333333333333,0.0275862068965517
CUST_5744,29,Male,UK,100.44,21,64,0,Home,50.9,3,0.16,1953,2109.24,5.25,0.3230769230769231
CUST_2873,24,Female,Brazil,93.19,8,261,0,Sports,74.6,43,0.06,913,745.52,0.1818181818181818,0.0305343511450381
CUST_4258,76,Other,Japan,180.84,11,197,0,Beauty,40.1,25,0.26,1298,1989.24,0.4230769230769231,0.0555555555555555
CUST_3817,72,Male,UK,98.92,12,170,0,Home,53.7,55,0.1,1341,1187.04,0.2142857142857142,0.0701754385964912
CUST_9636,56,Male,UK,68.98,8,15,0,Home,29.9,36,0.24,585,551.84,0.2162162162162162,0.5
CUST_4641,59,Female,China,89.32,9,190,1,Electronics,42.8,58,0.33,2156,803.8799999999999,0.1525423728813559,0.0471204188481675
CUST_5458,79,Female,Canada,23.59,16,24,0,Electronics,95.7,77,0.1,758,377.44,0.2051282051282051,0.64
CUST_6307,65,Female,Canada,55.82,4,249,0,Beauty,21.5,19,0.19,1510,223.28,0.2,0.016
CUST_9933,43,Female,India,238.58,14,26,0,Beauty,98.9,59,0.11,958,3340.1200000000003,0.2333333333333333,0.5185185185185185
CUST_3041,57,Female,Canada,163.58,18,169,0,Beauty,21.6,16,0.18,931,2944.44,1.0588235294117647,0.1058823529411764
CUST_1679,26,Female,India,105.34,14,116,0,Beauty,31.9,94,0.17,1545,1474.76,0.1473684210526315,0.1196581196581196
CUST_6738,58,Male,UK,59.69,4,54,0,Electronics,8.7,99,0.38,1635,238.76,0.04,0.0727272727272727
CUST_6668,51,Male,USA,105.2,9,362,0,Home,75.2,2,0.39,958,946.8,3.0,0.024793388429752
CUST_8697,62,Male,Japan,93.19,12,25,0,Electronics,1.8,65,0.11,1207,1118.28,0.1818181818181818,0.4615384615384615
CUST_9033,30,Female,USA,173.09,11,271,0,Fashion,78.8,59,0.53,2168,1903.99,0.1833333333333333,0.0404411764705882
CUST_1062,72,Other,UK,16.12,8,364,0,Fashion,57.7,48,0.13,2179,128.96,0.1632653061224489,0.021917808219178
CUST_8829,72,Female,France,30.92,10,107,0,Home,74.9,3,0.17,1214,309.20000000000005,2.5,0.0925925925925925
CUST_8352,53,Male,Australia,109.54,13,89,0,Beauty,50.95,26,0.15,557,1424.02,0.4814814814814814,0.1444444444444444
CUST_7915,42,Male,Brazil,116.71,9,356,0,Home,12.4,92,0.12,718,1050.39,0.0967741935483871,0.0252100840336134
CUST_9326,41,Male,Australia,145.24,10,121,0,Fashion,2.1,91,0.37,2085,1452.4,0.108695652173913,0.081967213114754
CUST_4644,61,Male,Japan,81.39,7,344,0,Home,16.9,14,0.31,1908,569.73,0.4666666666666667,0.0202898550724637
CUST_5970,34,Female,Canada,101.44,11,242,0,Beauty,38.4,24,0.21,498,1115.84,0.44,0.0452674897119341
CUST_9003,19,Other,Australia,160.25,6,268,1,Electronics,7.3,35,0.19,1117,961.5,0.1666666666666666,0.0223048327137546
CUST_4278,30,Other,Canada,228.3,12,251,0,Beauty,45.7,98,0.41,1060,2739.6000000000004,0.1212121212121212,0.0476190476190476
CUST_8296,48,Female,UK,43.47,6,74,0,Electronics,28.5,88,0.19,1536,260.82,0.0674157303370786,0.08
CUST_4074,46,Female,Japan,52.17,10,111,0,Fashion,36.4,6,0.01,1163,521.7,1.4285714285714286,0.0892857142857142
CUST_9312,67,Female,China,64.06,9,150,0,Sports,50.95,62,0.39,1716,576.54,0.1428571428571428,0.0596026490066225
CUST_8552,45,Male,Brazil,75.21,4,269,0,Home,72.4,95,0.49,412,300.84,0.0416666666666666,0.0148148148148148
CUST_2637,77,Female,Brazil,93.19,4,97,0,Sports,65.8,93,0.29,1479,372.76,0.0425531914893617,0.0408163265306122
CUST_6103,44,Female,France,52.07,8,359,0,Beauty,50.95,36,0.29,1009,416.56,0.2162162162162162,0.0222222222222222
CUST_1644,32,Female,China,35.05,7,254,0,Electronics,55.5,29,0.06,1645,245.35,0.2333333333333333,0.0274509803921568
CUST_3032,48,Male,India,65.82,6,167,0,Beauty,51.3,13,0.4,2061,394.92,0.4285714285714285,0.0357142857142857
CUST_3761,57,Male,Brazil,131.1,9,249,1,Beauty,88.2,8,0.34,1496,1179.9,1.0,0.036
CUST_3068,32,Male,Germany,112.66,10,319,0,Fashion,7.5,15,0.26,575,1126.6,0.625,0.03125
CUST_1241,50,Other,India,503.63,7,245,0,Beauty,28.9,33,0.52,1558,3525.41,0.2058823529411764,0.0284552845528455
CUST_3668,37,Male,Brazil,187.26,8,212,0,Home,10.4,89,0.03,1082,1498.08,0.0888888888888888,0.0375586854460093
CUST_1802,59,Female,UK,90.04,7,275,0,Fashion,1.1,16,0.35,1773,630.2800000000001,0.4117647058823529,0.0253623188405797
CUST_6059,29,Female,Japan,110.61,9,333,0,Sports,1.4,85,0.14,476,995.49,0.1046511627906976,0.0269461077844311
CUST_1195,54,Male,Japan,23.6,8,279,0,Beauty,2.4,52,0.26,1247,188.8,0.1509433962264151,0.0285714285714285
CUST_3187,26,Female,Germany,66.06,13,45,0,Sports,68.2,81,0.07,1476,858.78,0.1585365853658536,0.2826086956521739
CUST_3330,40,Female,UK,111.01,11,17,0,Home,11.1,34,0.2,2084,1221.11,0.3142857142857143,0.6111111111111112
CUST_5841,25,Female,Germany,171.33,6,245,0,Home,20.2,77,0.27,2036,1027.98,0.0769230769230769,0.024390243902439
CUST_4606,49,Other,Canada,82.41,11,349,0,Home,41.9,34,0.15,517,906.51,0.3142857142857143,0.0314285714285714
CUST_9468,65,Male,USA,115.33,11,219,0,Sports,26.9,43,0.11,1333,1268.63,0.25,0.05
CUST_1060,31,Male,Brazil,181.46,15,175,0,Sports,81.7,61,0.5,1546,2721.9,0.2419354838709677,0.0852272727272727
CUST_4927,44,Female,UK,67.43,10,233,0,Electronics,62.3,79,0.46,1456,674.3000000000001,0.125,0.0427350427350427
CUST_7296,42,Female,USA,61.38,10,148,0,Fashion,33.3,22,0.23,1648,613.8000000000001,0.4347826086956521,0.0671140939597315
CUST_3591,30,Other,USA,162.74,12,97,0,Beauty,31.8,51,0.23,1754,1952.88,0.2307692307692307,0.1224489795918367
CUST_9758,72,Female,Japan,20.16,10,4,0,Fashion,68.4,4,0.39,1149,201.6,2.0,2.0
CUST_7121,38,Other,Japan,101.62,8,158,0,Home,17.1,49,0.05,625,812.96,0.16,0.050314465408805
CUST_2200,62,Female,China,82.02,7,86,0,Beauty,28.1,39,0.28,1027,574.14,0.175,0.0804597701149425
CUST_3854,48,Female,Canada,199.19,7,230,0,Electronics,35.3,87,0.31,1355,1394.33,0.0795454545454545,0.0303030303030303
CUST_8024,54,Female,UK,80.35,9,119,0,Fashion,45.5,77,0.3,477,723.15,0.1153846153846153,0.075
CUST_7972,65,Male,France,50.99,6,171,0,Home,19.1,72,0.48,738,305.94,0.0821917808219178,0.0348837209302325
CUST_1136,75,Other,UK,53.69,8,63,0,Beauty,15.7,1,0.11,430,429.52,4.0,0.125
CUST_2029,60,Male,Canada,132.12,10,93,0,Beauty,99.0,41,0.24,728,1321.2,0.238095238095238,0.1063829787234042
CUST_3594,71,Female,Japan,90.38,9,169,0,Home,91.3,50,0.05,1195,813.42,0.1764705882352941,0.0529411764705882
CUST_8206,22,Male,Japan,63.61,11,234,0,Sports,50.95,81,0.24,1219,699.71,0.1341463414634146,0.0468085106382978
CUST_1661,30,Female,Brazil,129.24,10,120,0,Fashion,76.6,17,0.48,861,1292.4,0.5555555555555556,0.0826446280991735
CUST_3472,45,Female,Australia,116.23,8,99,0,Beauty,67.4,8,0.16,1823,929.84,0.8888888888888888,0.08
CUST_1086,60,Male,Japan,93.19,8,134,0,Sports,7.5,67,0.13,994,745.52,0.1176470588235294,0.0592592592592592
CUST_7219,42,Female,Germany,157.19,8,314,0,Electronics,51.8,93,0.16,512,1257.52,0.0851063829787234,0.0253968253968253
CUST_9143,68,Male,Brazil,139.59,7,68,0,Beauty,18.4,86,0.72,861,977.13,0.0804597701149425,0.1014492753623188
CUST_7968,52,Female,India,213.17,11,197,0,Beauty,58.4,66,0.49,483,2344.87,0.1641791044776119,0.0555555555555555
CUST_3773,64,Male,Australia,174.36,12,304,0,Electronics,6.2,2,0.48,933,2092.32,4.0,0.0393442622950819
CUST_2700,56,Male,Australia,123.41,10,205,0,Electronics,16.3,17,0.13,1831,1234.1,0.5555555555555556,0.0485436893203883
CUST_3700,24,Male,Germany,175.33,8,10,0,Beauty,78.2,73,0.41,477,1402.64,0.1081081081081081,0.7272727272727273
CUST_7815,55,Female,Australia,101.81,8,356,0,Home,84.3,33,0.05,1459,814.48,0.2352941176470588,0.0224089635854341
CUST_2647,49,Male,France,128.63,19,129,0,Electronics,90.7,93,0.13,1019,2443.97,0.202127659574468,0.1461538461538461
CUST_7038,20,Other,Japan,82.2,7,222,0,Sports,89.7,93,0.2,814,575.4,0.0744680851063829,0.0313901345291479
CUST_6164,79,Male,Japan,96.31,11,109,0,Electronics,90.7,54,0.53,1254,1059.41,0.2,0.1
CUST_6520,62,Male,Brazil,69.7,9,26,0,Beauty,9.5,70,0.52,432,627.3000000000001,0.1267605633802817,0.3333333333333333
CUST_4687,56,Male,Canada,81.74,7,319,0,Beauty,65.9,6,0.48,649,572.18,1.0,0.021875
CUST_1596,54,Male,Germany,93.19,7,193,0,Fashion,70.1,52,0.4,751,652.3299999999999,0.1320754716981132,0.0360824742268041
CUST_5545,72,Female,Japan,35.01,8,345,0,Sports,26.8,45,0.17,1977,280.08,0.1739130434782608,0.0231213872832369
CUST_9676,67,Female,USA,40.94,4,15,0,Fashion,99.3,1,0.23,1927,163.76,2.0,0.25
CUST_9837,39,Female,China,39.21,9,72,0,Electronics,50.95,80,0.41,1531,352.89,0.1111111111111111,0.1232876712328767
CUST_5757,79,Male,Japan,80.45,8,115,1,Fashion,57.5,51,0.3,1847,643.6,0.1538461538461538,0.0689655172413793
CUST_5384,25,Male,UK,169.66,8,200,0,Beauty,50.95,11,0.67,1972,1357.28,0.6666666666666666,0.0398009950248756
CUST_9912,34,Female,USA,139.42,10,132,1,Home,28.9,22,0.19,2183,1394.1999999999998,0.4347826086956521,0.075187969924812
CUST_5733,69,Other,Canada,63.01,9,163,0,Electronics,60.7,34,0.37,1173,567.09,0.2571428571428571,0.0548780487804878
CUST_8081,44,Male,USA,102.28,9,6,0,Beauty,72.0,1,0.37,887,920.52,4.5,1.2857142857142858
CUST_9690,50,Female,Australia,89.07,10,60,0,Electronics,62.7,77,0.22,1297,890.6999999999999,0.1282051282051282,0.1639344262295081
CUST_8117,63,Male,China,267.75,10,351,0,Fashion,40.6,49,0.36,2153,2677.5,0.2,0.0284090909090909
CUST_5729,34,Male,India,104.98,11,119,0,Fashion,94.5,49,0.52,2022,1154.78,0.22,0.0916666666666666
CUST_2673,59,Female,China,26.48,3,30,0,Electronics,61.2,42,0.27,1886,79.44,0.0697674418604651,0.0967741935483871
CUST_9306,29,Male,Japan,56.93,10,47,0,Electronics,22.4,92,0.13,2104,569.3,0.1075268817204301,0.2083333333333333
CUST_8178,65,Female,Brazil,28.18,6,90,0,Fashion,80.6,49,0.17,933,169.07999999999998,0.12,0.0659340659340659
CUST_3294,63,Male,France,58.69,12,5,0,Electronics,65.6,13,0.22,882,704.28,0.8571428571428571,2.0
CUST_4630,79,Female,Canada,147.16,13,284,0,Fashion,11.0,94,0.17,798,1913.08,0.1368421052631579,0.0456140350877193
CUST_1146,44,Male,Brazil,114.05,10,83,0,Electronics,27.8,68,0.54,1045,1140.5,0.144927536231884,0.119047619047619
CUST_4453,65,Other,Japan,78.75,12,138,0,Home,15.8,14,0.06,1398,945.0,0.8,0.0863309352517985
CUST_5507,25,Male,Brazil,156.21,17,274,0,Electronics,7.3,36,0.05,555,2655.57,0.4594594594594595,0.0618181818181818
CUST_6783,40,Female,UK,107.6,14,329,0,Electronics,23.0,56,0.52,1719,1506.4,0.2456140350877192,0.0424242424242424
CUST_8751,77,Female,USA,224.97,15,132,0,Beauty,27.8,87,0.21,1757,3374.55,0.1704545454545454,0.112781954887218
CUST_6628,59,Other,France,77.45,10,102,0,Home,46.7,69,0.47,1425,774.5,0.1428571428571428,0.0970873786407767
CUST_9328,78,Female,Japan,33.27,4,325,0,Fashion,96.9,46,0.64,1167,133.08,0.0851063829787234,0.0122699386503067
CUST_4360,66,Female,Australia,101.04,13,94,0,Fashion,94.3,15,0.44,1529,1313.52,0.8125,0.1368421052631579
CUST_4005,76,Male,Canada,143.14,8,17,0,Sports,75.4,87,0.04,1953,1145.12,0.0909090909090909,0.4444444444444444
CUST_4552,79,Male,Australia,103.06,9,20,0,Home,64.7,8,0.32,1566,927.54,1.0,0.4285714285714285
CUST_1018,46,Male,USA,202.57,9,5,0,Home,94.7,56,0.21,671,1823.13,0.1578947368421052,1.5
CUST_3242,67,Male,France,83.24,7,23,0,Electronics,14.2,11,0.18,1756,582.68,0.5833333333333334,0.2916666666666667
CUST_7318,37,Other,USA,38.66,6,224,0,Beauty,33.0,71,0.3,2121,231.96,0.0833333333333333,0.0266666666666666
CUST_6097,33,Male,Germany,53.71,5,59,0,Fashion,55.3,23,0.47,2195,268.55,0.2083333333333333,0.0833333333333333
CUST_9640,34,Female,Australia,25.65,10,283,0,Fashion,81.4,45,0.43,1716,256.5,0.217391304347826,0.0352112676056338
CUST_2948,33,Female,USA,120.76,9,219,0,Beauty,62.4,27,0.24,554,1086.84,0.3214285714285714,0.0409090909090909
CUST_6618,36,Female,USA,112.42,10,329,0,Beauty,80.9,31,0.79,1560,1124.2,0.3125,0.0303030303030303
CUST_5236,73,Female,Brazil,155.84,9,278,0,Home,15.3,47,0.22,1870,1402.56,0.1875,0.032258064516129
CUST_7901,73,Male,Japan,23.93,10,334,0,Beauty,19.3,66,0.3,1225,239.3,0.1492537313432835,0.0298507462686567
CUST_2920,25,Female,Brazil,101.99,4,45,0,Beauty,74.1,95,0.2,524,407.96,0.0416666666666666,0.0869565217391304
CUST_5188,55,Male,Germany,48.3,11,292,0,Electronics,34.8,61,0.18,880,531.3,0.1774193548387097,0.0375426621160409
CUST_1238,55,Other,China,26.99,5,141,0,Home,43.6,8,0.07,925,134.95,0.5555555555555556,0.0352112676056338
CUST_1204,70,Female,China,137.57,8,303,0,Sports,79.2,65,0.23,1017,1100.56,0.1212121212121212,0.0263157894736842
CUST_6552,46,Other,Brazil,209.22,15,77,0,Sports,7.0,25,0.23,2193,3138.3,0.5769230769230769,0.1923076923076923
CUST_5927,58,Male,India,26.77,6,198,0,Fashion,16.8,17,0.38,1550,160.62,0.3333333333333333,0.0301507537688442
CUST_5390,53,Male,Australia,151.21,9,114,0,Beauty,29.6,30,0.07,1945,1360.89,0.2903225806451613,0.0782608695652174
CUST_3687,43,Male,Brazil,63.43,13,35,0,Electronics,88.3,24,0.31,1706,824.59,0.52,0.3611111111111111
CUST_5951,48,Male,UK,96.99,6,59,0,Beauty,50.95,95,0.49,2077,581.9399999999999,0.0625,0.1
CUST_7160,61,Male,UK,150.23,15,244,0,Fashion,25.2,52,0.05,858,2253.45,0.2830188679245283,0.0612244897959183
CUST_6388,77,Female,Canada,48.91,11,78,0,Beauty,67.8,63,0.28,1393,538.01,0.171875,0.1392405063291139
CUST_6126,29,Male,Germany,107.42,11,190,0,Sports,3.0,61,0.48,467,1181.62,0.1774193548387097,0.0575916230366492
CUST_1816,72,Female,Germany,87.89,3,96,0,Home,77.5,77,0.58,489,263.67,0.0384615384615384,0.0309278350515463
CUST_1192,34,Female,Brazil,80.7,6,303,0,Beauty,50.95,58,0.26,1855,484.2000000000001,0.1016949152542373,0.0197368421052631
CUST_2776,32,Female,France,41.73,13,149,0,Sports,5.5,79,0.38,955,542.49,0.1625,0.0866666666666666
CUST_4645,26,Male,USA,171.2,10,42,0,Sports,49.8,90,0.17,1025,1712.0,0.1098901098901098,0.2325581395348837
CUST_7314,56,Male,Japan,137.54,9,296,0,Fashion,40.4,32,0.41,693,1237.86,0.2727272727272727,0.0303030303030303
CUST_9442,59,Female,USA,229.37,13,318,0,Home,15.8,35,0.17,606,2981.81,0.3611111111111111,0.0407523510971786
CUST_2788,65,Male,USA,93.19,9,217,0,Fashion,15.4,16,0.27,1020,838.71,0.5294117647058824,0.0412844036697247
CUST_8374,29,Female,Germany,179.67,14,206,0,Electronics,16.0,9,0.32,1674,2515.38,1.4,0.0676328502415458
CUST_4700,49,Male,Germany,108.38,9,145,0,Home,60.0,19,0.23,1404,975.42,0.45,0.0616438356164383
CUST_4893,42,Female,UK,29.31,11,327,0,Electronics,17.1,40,0.13,826,322.41,0.2682926829268293,0.0335365853658536
CUST_7811,56,Female,Germany,78.42,10,258,0,Home,6.0,40,0.39,2202,784.2,0.2439024390243902,0.0386100386100386
CUST_3679,35,Female,Brazil,221.27,10,53,0,Sports,95.8,46,0.39,2161,2212.7000000000003,0.2127659574468085,0.1851851851851851
CUST_4904,32,Male,UK,143.23,18,118,0,Electronics,3.9,3,0.28,1029,2578.14,4.5,0.1512605042016806
CUST_8260,49,Male,Australia,174.41,15,242,0,Home,50.95,26,0.27,526,2616.15,0.5555555555555556,0.0617283950617283
CUST_1504,23,Female,USA,40.3,7,141,0,Home,93.6,72,0.1,899,282.1,0.0958904109589041,0.0492957746478873
CUST_7773,75,Female,Australia,62.24,10,289,0,Electronics,50.95,70,0.07,847,622.4,0.1408450704225352,0.0344827586206896
CUST_4816,61,Male,USA,77.93,11,126,0,Home,96.6,5,0.25,2124,857.23,1.8333333333333333,0.0866141732283464
CUST_1717,60,Male,USA,131.74,12,224,0,Fashion,50.2,85,0.07,1011,1580.88,0.1395348837209302,0.0533333333333333
CUST_5434,69,Male,Canada,194.74,10,228,0,Fashion,78.5,27,0.35,2019,1947.4,0.3571428571428571,0.0436681222707423
CUST_1658,52,Female,USA,72.69,4,240,0,Electronics,50.95,44,0.33,1676,290.76,0.0888888888888888,0.0165975103734439
CUST_6057,51,Male,France,55.76,7,256,0,Sports,61.7,38,0.67,466,390.32,0.1794871794871795,0.0272373540856031
CUST_5008,55,Female,Australia,74.92,8,244,0,Beauty,78.9,72,0.4,2126,599.36,0.1095890410958904,0.0326530612244898
CUST_5994,73,Female,USA,25.49,11,175,1,Electronics,6.5,86,0.27,2028,280.39,0.1264367816091954,0.0625
CUST_5234,71,Female,India,72.92,13,354,0,Electronics,50.95,87,0.15,954,947.96,0.1477272727272727,0.0366197183098591
CUST_4764,74,Female,India,53.57,9,9,0,Electronics,97.0,89,0.64,451,482.13,0.1,0.9
CUST_5637,79,Female,India,126.36,10,82,0,Electronics,5.5,71,0.11,762,1263.6,0.1388888888888889,0.1204819277108433
CUST_3104,22,Female,Brazil,139.65,10,138,0,Fashion,26.3,78,0.37,1610,1396.5,0.1265822784810126,0.0719424460431654
CUST_7801,35,Male,UK,118.65,11,118,0,Electronics,67.2,41,0.27,1597,1305.15,0.2619047619047619,0.0924369747899159
CUST_9575,33,Male,Australia,74.59,8,126,0,Sports,10.0,58,0.18,593,596.72,0.135593220338983,0.0629921259842519
CUST_3607,25,Female,USA,30.49,14,98,0,Beauty,53.7,29,0.45,2120,426.86,0.4666666666666667,0.1414141414141414
CUST_9385,42,Female,China,42.99,12,65,0,Beauty,71.3,81,0.16,1711,515.88,0.1463414634146341,0.1818181818181818
CUST_4719,49,Female,UK,21.79,8,258,0,Sports,75.7,51,0.52,2184,174.32,0.1538461538461538,0.0308880308880308
CUST_3581,79,Male,China,114.08,16,142,0,Electronics,56.1,70,0.16,1118,1825.28,0.2253521126760563,0.1118881118881118
CUST_3565,43,Female,Japan,72.26,13,58,0,Beauty,50.1,96,0.07,1779,939.38,0.134020618556701,0.2203389830508474
CUST_3763,69,Male,France,209.81,6,243,0,Fashion,71.4,63,0.32,1870,1258.86,0.09375,0.0245901639344262
CUST_7328,39,Female,Japan,167.64,11,360,0,Beauty,14.5,19,0.15,485,1844.04,0.55,0.0304709141274238
CUST_6991,48,Male,Germany,109.0,13,191,0,Sports,50.95,27,0.33,1765,1417.0,0.4642857142857143,0.0677083333333333
CUST_4406,60,Female,UK,59.59,12,347,0,Beauty,91.9,94,0.29,1088,715.08,0.1263157894736842,0.0344827586206896
CUST_9923,27,Male,China,200.44,4,129,0,Sports,68.3,53,0.19,2234,801.76,0.074074074074074,0.0307692307692307
CUST_5780,73,Male,Canada,55.18,3,157,0,Electronics,4.7,97,0.28,1817,165.54,0.0306122448979591,0.0189873417721519
CUST_5177,74,Female,USA,65.14,5,165,0,Beauty,50.6,45,0.34,1173,325.7,0.108695652173913,0.0301204819277108
CUST_7476,29,Male,Brazil,64.59,10,260,0,Sports,72.6,11,0.26,635,645.9000000000001,0.8333333333333334,0.0383141762452107
CUST_3604,70,Female,Australia,199.01,8,132,0,Fashion,4.3,10,0.13,437,1592.08,0.7272727272727273,0.0601503759398496
CUST_9181,45,Female,USA,81.83,9,11,0,Fashion,76.2,93,0.24,1153,736.47,0.0957446808510638,0.75
CUST_3382,23,Female,Australia,63.42,12,131,0,Home,28.2,86,0.06,1956,761.04,0.1379310344827586,0.0909090909090909
CUST_1531,76,Male,Canada,153.54,12,152,0,Beauty,58.9,20,0.22,2161,1842.48,0.5714285714285714,0.0784313725490196
CUST_7079,37,Female,USA,78.49,6,281,0,Electronics,96.6,19,0.3,2198,470.94,0.3,0.0212765957446808
CUST_1634,22,Female,France,54.18,17,54,0,Home,99.5,88,0.21,1109,921.06,0.1910112359550561,0.3090909090909091
CUST_1002,40,Female,Germany,90.38,7,255,1,Beauty,63.4,92,0.1,2215,632.66,0.075268817204301,0.02734375
CUST_9397,26,Female,India,68.12,13,125,0,Fashion,49.1,2,0.1,751,885.5600000000001,4.333333333333333,0.1031746031746031
CUST_6951,75,Male,Canada,239.28,11,45,0,Electronics,17.8,40,0.06,773,2632.08,0.2682926829268293,0.2391304347826087
CUST_6626,76,Male,Germany,61.1,13,173,0,Fashion,20.8,18,0.48,1820,794.3000000000001,0.6842105263157895,0.0747126436781609
CUST_8739,46,Male,USA,24.03,3,298,0,Beauty,42.9,82,0.41,2195,72.09,0.036144578313253,0.0100334448160535
CUST_7003,33,Male,China,235.27,14,20,0,Electronics,70.2,2,0.5,454,3293.78,4.666666666666667,0.6666666666666666
CUST_3890,71,Male,Germany,114.05,12,254,0,Electronics,50.95,47,0.32,1976,1368.6,0.25,0.0470588235294117
CUST_7239,63,Female,Brazil,138.96,15,164,0,Home,22.2,49,0.58,890,2084.4,0.3,0.0909090909090909
CUST_9026,39,Female,Germany,170.56,16,267,0,Electronics,50.95,23,0.22,1679,2728.96,0.6666666666666666,0.0597014925373134
CUST_4306,25,Male,Japan,138.03,13,100,0,Beauty,59.2,47,0.3,543,1794.39,0.2708333333333333,0.1287128712871287
CUST_1897,76,Other,France,129.68,10,148,0,Sports,89.3,79,0.08,1040,1296.8000000000002,0.125,0.0671140939597315
CUST_1670,37,Female,Canada,25.34,11,140,0,Sports,87.6,89,0.21,965,278.74,0.1222222222222222,0.0780141843971631
CUST_8291,68,Other,India,175.53,8,32,0,Electronics,81.7,45,0.22,2145,1404.24,0.1739130434782608,0.2424242424242424
CUST_2505,31,Female,USA,73.47,11,235,0,Sports,51.7,82,0.13,2025,808.17,0.1325301204819277,0.0466101694915254
CUST_7460,56,Female,Canada,319.02,11,197,0,Beauty,6.5,21,0.09,2228,3509.22,0.5,0.0555555555555555
CUST_6167,54,Male,UK,302.5,13,234,0,Home,33.4,47,0.32,555,3932.5,0.2708333333333333,0.0553191489361702
CUST_6255,67,Male,Canada,94.85,10,331,0,Fashion,62.2,32,0.18,1090,948.5,0.303030303030303,0.0301204819277108
CUST_1249,51,Male,Brazil,303.3,8,119,0,Fashion,63.8,19,0.55,1079,2426.4,0.4,0.0666666666666666
CUST_7457,28,Female,Canada,98.7,9,157,0,Beauty,84.9,18,0.48,1582,888.3000000000001,0.4736842105263157,0.0569620253164556
CUST_2892,71,Male,UK,93.19,4,36,0,Home,37.9,24,0.19,1594,372.76,0.16,0.1081081081081081
CUST_4439,57,Female,Germany,107.48,15,337,0,Beauty,93.7,47,0.17,2058,1612.2,0.3125,0.044378698224852
CUST_3854,50,Male,Japan,57.95,11,143,0,Electronics,16.3,30,0.18,1598,637.45,0.3548387096774194,0.0763888888888889
CUST_4792,48,Female,Germany,107.19,14,44,0,Home,5.0,93,0.17,1042,1500.66,0.1489361702127659,0.3111111111111111
CUST_6330,76,Male,Germany,67.3,6,198,0,Sports,17.7,85,0.43,1790,403.8,0.0697674418604651,0.0301507537688442
CUST_8871,71,Male,UK,89.55,10,237,0,Electronics,50.95,21,0.22,2020,895.5,0.4545454545454545,0.042016806722689
CUST_9235,61,Male,Australia,256.4,9,128,0,Sports,82.3,48,0.21,1964,2307.6,0.1836734693877551,0.0697674418604651
CUST_4612,51,Male,India,122.47,7,180,0,Electronics,15.4,66,0.21,482,857.29,0.1044776119402985,0.0386740331491712
CUST_3618,67,Male,UK,199.79,8,27,0,Electronics,54.8,45,0.08,939,1598.32,0.1739130434782608,0.2857142857142857
CUST_5678,24,Female,Germany,93.19,8,299,0,Electronics,77.7,1,0.48,1549,745.52,4.0,0.0266666666666666
CUST_4163,75,Male,Canada,122.54,17,66,0,Electronics,3.5,22,0.53,2191,2083.1800000000003,0.7391304347826086,0.2537313432835821
CUST_3942,66,Male,India,155.55,15,241,0,Home,50.95,56,0.53,769,2333.25,0.2631578947368421,0.0619834710743801
CUST_9411,71,Female,USA,31.85,10,362,0,Home,49.1,40,0.26,912,318.5,0.2439024390243902,0.0275482093663911
CUST_2925,79,Male,China,54.87,20,243,0,Electronics,18.3,38,0.27,1729,1097.4,0.5128205128205128,0.081967213114754
CUST_3972,40,Other,USA,173.18,7,166,0,Beauty,45.1,19,0.32,1983,1212.26,0.35,0.0419161676646706
CUST_1990,63,Other,Brazil,120.33,14,265,0,Electronics,4.4,19,0.17,1480,1684.62,0.7,0.0526315789473684
CUST_2812,73,Male,Germany,36.41,10,50,0,Electronics,97.7,66,0.5,1570,364.1,0.1492537313432835,0.196078431372549
CUST_9995,24,Male,Canada,175.24,10,108,0,Beauty,50.95,93,0.51,1011,1752.4,0.1063829787234042,0.091743119266055
CUST_1489,71,Male,Australia,93.19,6,334,0,Beauty,68.7,87,0.4,625,559.14,0.0681818181818181,0.017910447761194
CUST_6876,42,Female,Japan,19.96,9,133,0,Electronics,51.0,47,0.25,1027,179.64,0.1875,0.0671641791044776
CUST_4645,78,Female,Japan,162.34,10,166,0,Fashion,82.5,58,0.33,1885,1623.4,0.1694915254237288,0.059880239520958
CUST_8081,20,Female,India,152.9,6,79,0,Fashion,83.3,57,0.39,1310,917.4,0.1034482758620689,0.075
CUST_3891,76,Female,Australia,222.65,10,337,0,Beauty,15.9,48,0.39,1292,2226.5,0.2040816326530612,0.029585798816568
CUST_4516,55,Male,China,169.27,18,98,0,Electronics,76.8,91,0.28,2063,3046.86,0.1956521739130435,0.1818181818181818
CUST_4340,37,Female,USA,261.12,11,152,0,Sports,56.7,45,0.21,842,2872.32,0.2391304347826087,0.0718954248366013
CUST_7410,51,Female,China,51.96,13,288,0,Sports,50.95,87,0.27,438,675.48,0.1477272727272727,0.0449826989619377
CUST_1053,66,Female,France,72.36,5,82,0,Electronics,91.9,92,0.19,2037,361.8,0.053763440860215,0.0602409638554216
CUST_3575,61,Female,USA,232.55,13,101,0,Electronics,33.5,28,0.12,1543,3023.15,0.4482758620689655,0.1274509803921568
CUST_1615,61,Female,USA,63.73,13,330,0,Electronics,57.1,60,0.1,1813,828.49,0.2131147540983606,0.039274924471299
CUST_6944,47,Male,USA,380.3,7,230,0,Sports,78.7,5,0.11,1049,2662.1,1.1666666666666667,0.0303030303030303
CUST_8404,34,Male,Canada,26.36,11,251,0,Sports,98.7,18,0.32,1553,289.96,0.5789473684210527,0.0436507936507936
CUST_1954,76,Female,UK,25.22,16,357,0,Beauty,61.3,94,0.47,1495,403.52,0.1684210526315789,0.0446927374301676
CUST_2629,27,Male,Canada,40.03,6,320,0,Home,72.1,88,0.12,2070,240.18,0.0674157303370786,0.0186915887850467
CUST_7859,52,Other,Japan,99.67,16,24,0,Beauty,84.6,37,0.42,1252,1594.72,0.4210526315789473,0.64
CUST_9841,37,Male,Canada,194.41,10,56,0,Beauty,75.1,80,0.42,893,1944.1,0.1234567901234567,0.175438596491228
CUST_4278,35,Female,China,135.45,7,301,0,Fashion,94.2,93,0.24,833,948.15,0.0744680851063829,0.0231788079470198
CUST_6455,62,Female,Canada,127.31,7,99,0,Beauty,23.0,94,0.33,1806,891.1700000000001,0.0736842105263157,0.07
CUST_4801,61,Male,UK,85.82,12,118,0,Beauty,90.8,25,0.22,925,1029.84,0.4615384615384615,0.1008403361344537
CUST_3561,44,Other,India,28.06,15,150,0,Beauty,20.7,38,0.14,1779,420.9,0.3846153846153846,0.0993377483443708
CUST_7539,76,Female,Australia,33.53,7,79,0,Beauty,50.95,1,0.17,1065,234.71,3.5,0.0875
CUST_1370,79,Female,India,23.41,9,330,0,Home,52.3,40,0.5,1213,210.69,0.2195121951219512,0.0271903323262839
CUST_1857,76,Male,France,93.19,10,149,0,Fashion,83.1,55,0.14,1596,931.9,0.1785714285714285,0.0666666666666666
CUST_5886,66,Male,Japan,43.17,5,358,0,Sports,39.9,95,0.2,1141,215.85,0.0520833333333333,0.0139275766016713
CUST_8485,53,Male,France,99.72,11,125,0,Electronics,14.3,39,0.18,2028,1096.92,0.275,0.0873015873015873
CUST_1383,40,Male,France,75.8,6,288,0,Sports,70.7,95,0.12,833,454.8,0.0625,0.0207612456747404
CUST_5334,49,Female,Australia,56.08,10,40,0,Fashion,60.7,97,0.3,636,560.8,0.1020408163265306,0.2439024390243902
CUST_5290,27,Other,Australia,79.84,6,189,0,Beauty,82.7,76,0.1,573,479.04,0.0779220779220779,0.031578947368421
CUST_3725,28,Female,UK,88.5,7,62,0,Sports,75.9,25,0.51,621,619.5,0.2692307692307692,0.1111111111111111
CUST_7204,55,Female,UK,31.47,3,204,0,Beauty,89.5,23,0.24,1437,94.41,0.125,0.0146341463414634
CUST_7111,23,Female,India,73.43,10,340,0,Home,50.95,43,0.47,1409,734.3000000000001,0.2272727272727272,0.0293255131964809
CUST_5251,76,Female,UK,52.79,12,203,0,Home,68.6,48,0.75,2178,633.48,0.2448979591836734,0.0588235294117647
CUST_1922,58,Female,UK,51.5,8,178,0,Fashion,46.6,92,0.45,1997,412.0,0.086021505376344,0.0446927374301676
CUST_3915,79,Female,Brazil,96.42,13,345,0,Sports,2.0,97,0.08,1004,1253.46,0.1326530612244898,0.0375722543352601
CUST_8957,64,Female,Germany,192.83,10,320,0,Home,30.8,38,0.28,825,1928.3,0.2564102564102564,0.0311526479750778
CUST_4046,51,Male,India,97.72,13,104,0,Fashion,72.8,90,0.34,898,1270.36,0.1428571428571428,0.1238095238095238
CUST_2230,53,Male,Australia,366.02,7,312,0,Fashion,6.0,24,0.38,780,2562.14,0.28,0.0223642172523961
CUST_8647,54,Female,India,107.12,12,85,0,Fashion,50.95,5,0.53,1521,1285.44,2.0,0.1395348837209302
CUST_5933,34,Female,Australia,189.15,13,327,0,Sports,51.6,60,0.38,917,2458.9500000000003,0.2131147540983606,0.0396341463414634
CUST_4940,57,Female,Canada,39.23,11,250,0,Sports,86.8,17,0.46,1543,431.53,0.6111111111111112,0.0438247011952191
CUST_7483,57,Other,Germany,42.15,7,337,0,Fashion,66.0,37,0.13,2012,295.05,0.1842105263157894,0.0207100591715976
CUST_1203,71,Male,Brazil,100.72,9,3,0,Electronics,79.8,15,0.29,1328,906.48,0.5625,2.25
CUST_1160,29,Female,Brazil,59.66,8,320,0,Sports,17.2,66,0.38,1408,477.28,0.1194029850746268,0.0249221183800623
CUST_9960,38,Male,China,178.8,13,183,0,Sports,17.3,98,0.12,479,2324.4,0.1313131313131313,0.0706521739130434
CUST_4748,57,Female,Japan,125.67,8,180,0,Electronics,21.1,20,0.13,2021,1005.36,0.3809523809523809,0.0441988950276243
CUST_7718,36,Female,Australia,97.28,8,299,0,Sports,33.3,30,0.57,869,778.24,0.2580645161290322,0.0266666666666666
CUST_3581,20,Male,Japan,85.17,5,15,0,Sports,90.4,16,0.17,2032,425.85,0.2941176470588235,0.3125
CUST_2093,35,Female,Canada,104.06,8,93,0,Home,77.4,44,0.25,874,832.48,0.1777777777777777,0.0851063829787234
CUST_5500,70,Female,Brazil,69.3,7,278,0,Electronics,36.5,59,0.15,1971,485.1,0.1166666666666666,0.025089605734767
CUST_9799,68,Male,Canada,51.8,9,155,0,Home,91.8,4,0.3,1748,466.2,1.8,0.0576923076923076
CUST_6710,36,Female,France,140.45,4,356,0,Electronics,77.9,31,0.24,1109,561.8,0.125,0.011204481792717
CUST_3875,64,Female,Germany,50.67,12,15,0,Electronics,65.6,26,0.11,1535,608.04,0.4444444444444444,0.75
CUST_4191,23,Other,China,110.33,17,40,0,Electronics,43.7,41,0.15,1915,1875.61,0.4047619047619047,0.4146341463414634
CUST_2837,33,Male,Canada,297.56,7,136,0,Sports,65.2,76,0.2,700,2082.92,0.0909090909090909,0.0510948905109489
CUST_1689,25,Male,China,214.44,9,257,0,Fashion,59.3,2,0.16,927,1929.96,3.0,0.0348837209302325
CUST_4759,65,Female,Germany,61.71,12,42,0,Beauty,50.95,8,0.45,1058,740.52,1.3333333333333333,0.2790697674418604
CUST_3103,35,Male,India,72.1,3,65,0,Fashion,22.6,78,0.19,1081,216.3,0.0379746835443038,0.0454545454545454
CUST_1365,69,Other,Canada,243.96,10,351,0,Sports,88.6,24,0.12,1016,2439.6,0.4,0.0284090909090909
CUST_9092,65,Male,UK,93.19,10,207,0,Sports,59.2,40,0.45,870,931.9,0.2439024390243902,0.048076923076923
CUST_5172,60,Female,USA,199.58,9,244,0,Beauty,80.7,25,0.09,981,1796.22,0.3461538461538461,0.036734693877551
CUST_7033,56,Female,Brazil,94.9,12,242,0,Sports,34.7,62,0.55,930,1138.8000000000002,0.1904761904761904,0.0493827160493827
CUST_3378,66,Male,Brazil,118.84,8,76,0,Electronics,39.2,58,0.26,741,950.72,0.135593220338983,0.1038961038961039
CUST_2205,66,Male,Brazil,91.05,9,218,0,Home,93.7,71,0.06,2208,819.4499999999999,0.125,0.0410958904109589
CUST_5988,29,Female,India,102.18,15,222,0,Home,62.2,32,0.11,1200,1532.7,0.4545454545454545,0.0672645739910313
CUST_6669,62,Female,USA,249.68,10,352,0,Electronics,31.8,87,0.4,524,2496.8,0.1136363636363636,0.0283286118980169
CUST_3735,27,Male,Germany,16.01,5,20,0,Fashion,8.2,46,0.24,860,80.05000000000001,0.1063829787234042,0.238095238095238
CUST_9490,24,Other,India,145.89,8,146,0,Home,43.4,26,0.09,1546,1167.12,0.2962962962962963,0.0544217687074829
CUST_1956,63,Male,Brazil,103.69,12,312,0,Electronics,84.9,42,0.21,534,1244.28,0.2790697674418604,0.0383386581469648
CUST_7623,72,Male,Brazil,201.13,13,76,0,Fashion,25.1,7,0.57,689,2614.69,1.625,0.1688311688311688
CUST_2474,18,Female,Japan,110.59,8,315,0,Home,86.0,56,0.13,2066,884.72,0.1403508771929824,0.0253164556962025
CUST_5460,66,Male,China,137.89,6,354,0,Electronics,16.2,47,0.43,637,827.3399999999999,0.125,0.0169014084507042
CUST_8002,53,Other,China,90.5,4,34,0,Home,13.0,50,0.23,2037,362.0,0.0784313725490196,0.1142857142857142
CUST_7396,38,Male,Japan,93.19,8,125,0,Home,60.6,45,0.25,1332,745.52,0.1739130434782608,0.0634920634920634
CUST_3828,54,Male,France,47.31,9,322,0,Home,80.5,68,0.29,455,425.79,0.1304347826086956,0.0278637770897832
CUST_3850,69,Male,Japan,158.9,10,231,0,Beauty,78.0,44,0.35,1408,1589.0,0.2222222222222222,0.043103448275862
CUST_3964,41,Female,China,145.16,11,86,0,Fashion,54.4,25,0.37,1826,1596.76,0.4230769230769231,0.1264367816091954
CUST_5594,72,Female,Brazil,59.16,8,303,0,Home,63.9,52,0.11,483,473.28,0.1509433962264151,0.0263157894736842
CUST_7644,42,Female,UK,54.13,8,187,0,Electronics,25.8,18,0.63,2149,433.04,0.4210526315789473,0.0425531914893617
CUST_3850,24,Male,China,90.88,6,44,0,Beauty,55.1,7,0.2,2154,545.28,0.75,0.1333333333333333
CUST_1165,59,Male,USA,68.23,12,330,0,Sports,20.8,22,0.13,603,818.76,0.5217391304347826,0.0362537764350453
CUST_1919,34,Female,UK,93.19,16,323,0,Sports,92.8,4,0.18,511,1491.04,3.2,0.0493827160493827
CUST_9305,46,Male,India,117.11,11,347,0,Fashion,67.8,29,0.3,536,1288.21,0.3666666666666666,0.0316091954022988
CUST_4504,47,Female,China,53.46,10,71,0,Electronics,56.5,88,0.1,1918,534.6,0.1123595505617977,0.1388888888888889
CUST_1991,24,Male,Germany,148.62,10,215,0,Beauty,24.7,40,0.32,1010,1486.2,0.2439024390243902,0.0462962962962962
CUST_7047,50,Female,Canada,70.15,13,97,0,Electronics,40.9,52,0.43,1423,911.95,0.2452830188679245,0.1326530612244898
CUST_4839,24,Male,Canada,87.71,16,270,0,Beauty,78.0,60,0.16,1406,1403.36,0.2622950819672131,0.059040590405904
CUST_2258,75,Female,USA,16.23,5,90,0,Beauty,23.9,41,0.22,1811,81.15,0.119047619047619,0.0549450549450549
CUST_8609,41,Male,Australia,270.18,12,141,0,Sports,12.9,76,0.45,1917,3242.16,0.1558441558441558,0.0845070422535211
CUST_9706,28,Male,Canada,64.5,9,116,0,Fashion,30.7,73,0.07,1811,580.5,0.1216216216216216,0.0769230769230769
CUST_5804,26,Male,USA,51.81,7,1,0,Fashion,79.4,15,0.44,1124,362.67,0.4375,3.5
CUST_1067,29,Male,Australia,21.58,5,42,0,Electronics,88.3,77,0.13,2030,107.9,0.0641025641025641,0.1162790697674418
CUST_6660,52,Male,India,73.07,15,70,0,Beauty,41.4,57,0.4,1983,1096.05,0.2586206896551724,0.2112676056338028
CUST_5478,21,Female,Australia,51.76,11,143,0,Beauty,78.1,94,0.57,1241,569.36,0.1157894736842105,0.0763888888888889
CUST_9210,53,Female,Germany,196.16,7,341,0,Home,33.2,99,0.34,838,1373.12,0.07,0.0204678362573099
CUST_4521,45,Female,China,83.5,8,245,0,Fashion,50.9,35,0.41,1178,668.0,0.2222222222222222,0.032520325203252
CUST_1572,74,Female,Canada,76.13,10,283,0,Beauty,2.0,90,0.23,1920,761.3,0.1098901098901098,0.0352112676056338
CUST_8082,30,Female,Brazil,62.46,4,326,0,Electronics,71.2,19,0.71,1334,249.84,0.2,0.0122324159021406
CUST_8832,40,Male,Japan,46.73,7,213,0,Sports,71.9,21,0.38,532,327.11,0.3181818181818182,0.0327102803738317
CUST_6395,36,Female,China,71.01,13,106,0,Sports,10.0,85,0.27,1951,923.13,0.1511627906976744,0.1214953271028037
CUST_3258,59,Male,India,205.29,15,262,0,Fashion,35.9,13,0.26,2180,3079.35,1.0714285714285714,0.0570342205323193
CUST_7039,54,Female,India,42.99,9,293,0,Fashion,50.95,21,0.41,734,386.91,0.4090909090909091,0.0306122448979591
CUST_1650,56,Male,USA,50.51,11,175,0,Home,77.4,88,0.58,1980,555.61,0.1235955056179775,0.0625
CUST_6741,41,Male,France,32.41,15,106,0,Fashion,82.4,26,0.18,844,486.15,0.5555555555555556,0.1401869158878504
CUST_7838,33,Female,Australia,69.69,11,85,0,Beauty,71.9,56,0.33,1580,766.5899999999999,0.1929824561403508,0.127906976744186
CUST_3587,50,Male,Australia,131.15,9,226,0,Beauty,21.6,31,0.27,1889,1180.35,0.28125,0.039647577092511
CUST_8876,29,Female,USA,67.21,14,81,0,Beauty,35.6,30,0.31,661,940.94,0.4516129032258064,0.1707317073170731
CUST_4262,51,Female,Japan,120.5,8,328,0,Beauty,24.7,24,0.29,477,964.0,0.32,0.0243161094224924
CUST_2338,24,Male,Brazil,229.79,11,240,0,Home,63.7,96,0.33,2148,2527.69,0.1134020618556701,0.0456431535269709
CUST_5996,28,Male,India,87.24,8,1,0,Fashion,64.7,30,0.38,976,697.92,0.2580645161290322,4.0
CUST_6780,48,Female,China,77.49,8,250,0,Fashion,1.6,26,0.17,1553,619.92,0.2962962962962963,0.0318725099601593
CUST_3827,46,Female,Japan,136.62,5,41,0,Fashion,73.2,82,0.25,1445,683.1,0.0602409638554216,0.119047619047619
CUST_6232,79,Male,Brazil,66.07,10,80,0,Home,23.0,54,0.21,1163,660.6999999999999,0.1818181818181818,0.1234567901234567
CUST_3217,30,Female,France,22.98,7,261,0,Home,80.1,76,0.1,1920,160.86,0.0909090909090909,0.0267175572519083
CUST_4539,48,Female,China,175.72,8,196,0,Beauty,83.3,21,0.28,1598,1405.76,0.3636363636363636,0.0406091370558375
CUST_8845,19,Male,USA,120.9,6,247,0,Home,79.7,23,0.26,827,725.4000000000001,0.25,0.0241935483870967
CUST_5383,56,Male,China,131.74,14,329,0,Home,50.95,28,0.1,988,1844.36,0.4827586206896552,0.0424242424242424
CUST_3961,32,Female,Germany,238.99,9,295,0,Electronics,34.8,81,0.2,1987,2150.91,0.1097560975609756,0.0304054054054054
CUST_4226,74,Male,France,213.81,9,35,0,Beauty,43.5,79,0.15,1838,1924.29,0.1125,0.25
CUST_7837,28,Female,USA,39.11,9,102,0,Beauty,52.7,23,0.17,1866,351.99,0.375,0.087378640776699
CUST_8031,51,Male,USA,77.22,11,302,0,Electronics,25.0,59,0.51,1096,849.42,0.1833333333333333,0.0363036303630363
CUST_4716,56,Female,USA,23.28,5,97,0,Fashion,93.2,53,0.53,839,116.4,0.0925925925925925,0.0510204081632653
CUST_4414,21,Female,Canada,30.55,8,144,0,Electronics,50.4,53,0.19,1865,244.4,0.1481481481481481,0.0551724137931034
CUST_2448,28,Female,Japan,123.38,5,281,0,Electronics,7.3,34,0.14,1710,616.9,0.1428571428571428,0.0177304964539007
CUST_1570,46,Male,Brazil,295.88,11,126,0,Electronics,99.7,92,0.08,1820,3254.68,0.1182795698924731,0.0866141732283464
CUST_3904,19,Male,Australia,131.28,8,303,0,Home,48.4,68,0.44,1835,1050.24,0.1159420289855072,0.0263157894736842
CUST_3505,78,Female,India,26.29,13,282,0,Electronics,94.7,12,0.46,1481,341.77,1.0,0.0459363957597173
CUST_1917,33,Male,India,15.34,6,301,0,Sports,39.0,2,0.44,1606,92.04,2.0,0.0198675496688741
CUST_7982,56,Male,Germany,64.57,8,66,0,Electronics,22.5,25,0.28,678,516.56,0.3076923076923077,0.1194029850746268
CUST_8427,30,Other,Germany,180.23,11,146,0,Fashion,73.7,88,0.23,451,1982.53,0.1235955056179775,0.0748299319727891
CUST_7336,54,Male,Germany,64.15,10,327,0,Fashion,43.2,95,0.15,1376,641.5,0.1041666666666666,0.0304878048780487
CUST_2678,34,Male,UK,108.73,10,80,0,Fashion,88.1,68,0.25,1347,1087.3,0.144927536231884,0.1234567901234567
CUST_1615,38,Male,Germany,79.17,11,252,0,Electronics,46.4,44,0.05,1762,870.87,0.2444444444444444,0.0434782608695652
CUST_8086,61,Female,India,33.23,13,241,0,Beauty,33.8,34,0.32,1548,431.99,0.3714285714285714,0.0537190082644628
CUST_5749,77,Female,France,33.66,6,64,0,Fashion,96.7,6,0.11,654,201.96,0.8571428571428571,0.0923076923076923
CUST_4505,36,Male,Brazil,198.89,10,70,0,Electronics,83.0,95,0.3,1738,1988.9,0.1041666666666666,0.1408450704225352
CUST_5529,24,Male,Germany,93.19,5,35,0,Fashion,20.6,39,0.5,1220,465.95,0.125,0.1388888888888889
CUST_2135,55,Male,France,97.87,12,66,0,Home,48.9,50,0.47,588,1174.44,0.2352941176470588,0.1791044776119403
CUST_9566,25,Female,UK,130.81,12,82,0,Home,11.3,24,0.24,1386,1569.72,0.48,0.144578313253012
CUST_8226,30,Male,UK,115.12,13,169,0,Electronics,50.95,89,0.12,1422,1496.56,0.1444444444444444,0.0764705882352941
CUST_6162,54,Other,Australia,111.33,10,66,0,Fashion,85.3,5,0.45,2184,1113.3,1.6666666666666667,0.1492537313432835
CUST_1206,19,Male,Canada,59.56,10,97,0,Fashion,93.2,54,0.59,1178,595.6,0.1818181818181818,0.1020408163265306
CUST_5875,58,Other,Canada,69.36,13,324,0,Sports,73.9,54,0.33,2158,901.68,0.2363636363636363,0.04
CUST_2319,79,Male,China,54.96,10,292,0,Fashion,98.9,10,0.22,849,549.6,0.9090909090909092,0.0341296928327645
CUST_2141,28,Female,Canada,57.59,8,249,0,Beauty,4.5,82,0.18,1479,460.72,0.0963855421686747,0.032
CUST_5627,41,Male,China,78.8,16,301,0,Home,33.2,93,0.39,736,1260.8,0.1702127659574468,0.0529801324503311
CUST_8389,23,Male,Japan,101.92,8,207,0,Fashion,13.2,75,0.22,1001,815.36,0.1052631578947368,0.0384615384615384
CUST_3690,78,Female,Canada,222.26,10,311,0,Beauty,78.2,94,0.37,600,2222.6,0.1052631578947368,0.032051282051282
CUST_8323,43,Female,UK,101.16,7,62,0,Electronics,89.0,69,0.28,1991,708.12,0.1,0.1111111111111111
CUST_4255,24,Male,Australia,22.86,11,77,0,Home,44.7,6,0.2,1440,251.46,1.5714285714285714,0.141025641025641
CUST_9281,74,Female,France,74.05,12,29,0,Electronics,82.9,78,0.38,590,888.5999999999999,0.1518987341772152,0.4
CUST_6213,56,Female,Germany,70.41,19,351,1,Fashion,84.8,16,0.11,1852,1337.79,1.1176470588235294,0.0539772727272727
CUST_5108,36,Female,Canada,70.85,9,250,0,Electronics,14.0,60,0.17,2089,637.65,0.1475409836065573,0.0358565737051792
CUST_4020,23,Male,China,129.18,6,318,0,Home,50.95,14,0.35,1195,775.08,0.4,0.018808777429467
CUST_2857,60,Female,France,57.8,10,114,0,Electronics,18.8,33,0.18,1014,578.0,0.2941176470588235,0.0869565217391304
CUST_9996,46,Female,USA,107.24,11,364,0,Electronics,67.0,69,0.22,1604,1179.64,0.1571428571428571,0.0301369863013698
CUST_3789,60,Male,India,31.15,13,331,0,Electronics,38.7,40,0.39,425,404.95,0.3170731707317073,0.0391566265060241
CUST_4875,56,Female,Canada,93.19,9,218,0,Beauty,66.8,78,0.28,513,838.71,0.1139240506329113,0.0410958904109589
CUST_8605,19,Male,India,159.96,8,153,0,Beauty,87.6,40,0.32,1221,1279.68,0.1951219512195122,0.0519480519480519
CUST_9135,36,Male,Canada,240.59,10,220,0,Fashion,41.3,9,0.13,528,2405.9,1.0,0.0452488687782805
CUST_7055,21,Female,USA,40.92,8,22,0,Electronics,97.2,91,0.36,1163,327.36,0.0869565217391304,0.3478260869565217
CUST_4882,75,Female,Germany,42.89,6,213,0,Beauty,40.9,67,0.12,1019,257.34000000000003,0.088235294117647,0.02803738317757
CUST_8175,23,Male,Japan,229.66,8,147,0,Home,21.4,74,0.18,1204,1837.28,0.1066666666666666,0.054054054054054
CUST_8129,66,Male,Brazil,137.12,9,357,0,Home,52.9,48,0.43,506,1234.08,0.1836734693877551,0.0251396648044692
CUST_6021,74,Other,France,100.64,7,301,0,Electronics,39.9,75,0.06,1719,704.48,0.0921052631578947,0.0231788079470198
CUST_5735,54,Male,France,111.44,10,207,0,Fashion,50.95,98,0.5,1599,1114.4,0.101010101010101,0.048076923076923
CUST_3387,78,Female,Germany,74.9,7,158,0,Beauty,2.3,65,0.49,1554,524.3000000000001,0.106060606060606,0.0440251572327044
CUST_7582,45,Female,Australia,93.19,15,306,0,Beauty,74.4,10,0.32,1189,1397.85,1.3636363636363635,0.0488599348534201
CUST_6866,47,Male,UK,44.98,15,166,0,Beauty,93.3,6,0.29,1443,674.6999999999999,2.142857142857143,0.0898203592814371
CUST_3566,24,Other,Canada,71.14,5,62,0,Fashion,44.0,72,0.4,2228,355.7,0.0684931506849315,0.0793650793650793
CUST_1975,26,Female,Brazil,95.07,6,324,0,Sports,6.5,62,0.11,579,570.42,0.0952380952380952,0.0184615384615384
CUST_8212,42,Female,Australia,114.48,8,275,0,Beauty,74.1,31,0.64,1999,915.84,0.25,0.0289855072463768
CUST_2262,50,Female,Brazil,60.18,10,22,0,Electronics,86.7,6,0.35,2097,601.8,1.4285714285714286,0.4347826086956521
CUST_6047,18,Female,UK,93.19,7,223,0,Beauty,32.4,95,0.21,652,652.3299999999999,0.0729166666666666,0.03125
CUST_8382,68,Female,India,198.29,10,200,0,Beauty,22.2,34,0.64,616,1982.9,0.2857142857142857,0.0497512437810945
CUST_7231,23,Female,Canada,59.55,8,282,0,Sports,33.7,93,0.08,1254,476.4,0.0851063829787234,0.0282685512367491
CUST_4327,35,Male,UK,289.65,7,346,0,Electronics,90.8,67,0.14,2056,2027.55,0.1029411764705882,0.0201729106628242
CUST_6630,27,Male,France,190.82,10,335,0,Electronics,41.8,62,0.17,442,1908.2,0.1587301587301587,0.0297619047619047
CUST_3259,45,Male,France,135.72,11,214,0,Electronics,65.4,86,0.51,1131,1492.92,0.1264367816091954,0.0511627906976744
CUST_2257,28,Male,Canada,45.16,9,264,0,Beauty,7.4,12,0.31,1660,406.44,0.6923076923076923,0.0339622641509433
CUST_1464,50,Male,Japan,68.41,9,228,0,Beauty,28.2,38,0.45,564,615.6899999999999,0.2307692307692307,0.0393013100436681
CUST_4294,18,Female,Germany,190.06,6,226,0,Home,22.8,83,0.38,1999,1140.36,0.0714285714285714,0.026431718061674
CUST_7774,30,Female,Germany,229.33,8,326,0,Sports,6.3,7,0.32,1725,1834.64,1.0,0.0244648318042813
CUST_8431,54,Female,France,64.52,9,334,0,Electronics,12.1,64,0.31,991,580.68,0.1384615384615384,0.026865671641791
CUST_2230,37,Female,France,144.55,12,276,0,Electronics,41.7,87,0.31,2021,1734.6,0.1363636363636363,0.0433212996389891
CUST_4805,18,Female,UK,129.09,12,229,0,Home,55.8,77,0.13,500,1549.08,0.1538461538461538,0.0521739130434782
CUST_7419,69,Female,USA,91.42,15,355,0,Beauty,31.2,4,0.11,458,1371.3,3.0,0.0421348314606741
CUST_6750,20,Female,China,236.19,8,214,0,Home,50.95,21,0.57,1444,1889.52,0.3636363636363636,0.0372093023255813
CUST_4856,35,Male,Japan,85.85,14,156,0,Home,75.9,78,0.47,767,1201.9,0.1772151898734177,0.0891719745222929
CUST_4135,58,Other,Australia,84.89,7,12,0,Beauty,24.7,36,0.32,893,594.23,0.1891891891891892,0.5384615384615384
CUST_7953,31,Female,China,18.61,6,196,0,Fashion,3.4,7,0.09,1831,111.66,0.75,0.0304568527918781
CUST_7034,48,Male,UK,93.19,10,110,0,Sports,25.7,77,0.07,438,931.9,0.1282051282051282,0.09009009009009
CUST_5589,44,Female,China,82.31,13,102,0,Fashion,92.1,35,0.35,1267,1070.03,0.3611111111111111,0.1262135922330097
CUST_2546,34,Female,China,73.35,14,102,0,Fashion,1.8,49,0.33,2230,1026.9,0.28,0.1359223300970873
CUST_7065,72,Male,UK,50.51,10,169,0,Sports,12.9,97,0.57,458,505.1,0.1020408163265306,0.0588235294117647
CUST_2094,63,Female,France,421.06,7,108,0,Fashion,50.95,11,0.12,1831,2947.42,0.5833333333333334,0.0642201834862385
CUST_3411,46,Male,France,242.95,12,125,0,Beauty,37.7,89,0.25,1565,2915.4,0.1333333333333333,0.0952380952380952
CUST_3617,53,Male,Canada,149.75,9,234,0,Fashion,64.8,24,0.26,596,1347.75,0.36,0.0382978723404255
CUST_9954,54,Other,China,96.33,11,147,0,Fashion,91.0,22,0.22,2208,1059.63,0.4782608695652174,0.0743243243243243
CUST_5145,43,Female,Australia,17.1,13,170,0,Fashion,79.4,43,0.35,1969,222.3,0.2954545454545454,0.0760233918128654
CUST_3775,70,Female,UK,45.66,7,0,0,Beauty,25.1,51,0.14,701,319.62,0.1346153846153846,7.0
CUST_7628,34,Female,Australia,105.27,4,39,0,Home,63.5,49,0.28,614,421.08,0.08,0.1
CUST_4155,39,Male,Brazil,35.44,9,236,0,Electronics,66.4,22,0.2,1168,318.96,0.391304347826087,0.0379746835443038
CUST_4970,78,Female,Germany,124.07,8,6,0,Sports,9.1,79,0.26,611,992.56,0.1,1.1428571428571428
CUST_8972,42,Female,Canada,99.16,9,162,0,Sports,42.7,18,0.17,563,892.4399999999999,0.4736842105263157,0.0552147239263803
CUST_9775,19,Other,Germany,101.58,5,289,0,Beauty,31.1,44,0.41,2167,507.9,0.1111111111111111,0.0172413793103448
CUST_6415,72,Male,Canada,240.68,13,324,0,Electronics,15.7,32,0.01,1163,3128.84,0.3939393939393939,0.04
CUST_5331,39,Female,Japan,59.66,13,156,0,Fashion,5.9,58,0.3,1126,775.5799999999999,0.2203389830508474,0.0828025477707006
CUST_2942,22,Other,UK,34.37,10,113,0,Sports,2.7,56,0.28,1372,343.7,0.175438596491228,0.087719298245614
CUST_7026,21,Female,Germany,43.74,10,111,0,Fashion,85.9,74,0.16,1738,437.4,0.1333333333333333,0.0892857142857142
CUST_9301,53,Other,Australia,93.19,14,256,0,Beauty,50.95,9,0.3,797,1304.66,1.4,0.0544747081712062
CUST_1191,23,Male,UK,346.3,7,72,0,Beauty,49.3,63,0.16,1348,2424.1,0.109375,0.0958904109589041
CUST_1861,69,Other,Australia,61.86,8,192,0,Beauty,29.2,89,0.48,870,494.88,0.0888888888888888,0.0414507772020725
CUST_7711,38,Female,China,198.59,7,272,0,Home,16.6,4,0.46,1818,1390.13,1.4,0.0256410256410256
CUST_1649,30,Male,Germany,68.7,17,223,0,Beauty,26.1,38,0.36,2103,1167.9,0.4358974358974359,0.0758928571428571
CUST_5134,71,Other,China,94.36,11,360,0,Fashion,17.0,42,0.13,943,1037.96,0.2558139534883721,0.0304709141274238
CUST_8587,54,Female,France,55.35,11,93,0,Home,75.8,7,0.1,1258,608.85,1.375,0.1170212765957446
CUST_9828,72,Female,Brazil,170.49,11,206,0,Fashion,90.8,42,0.21,1160,1875.39,0.2558139534883721,0.0531400966183574
CUST_2036,42,Female,Japan,25.96,6,169,0,Beauty,43.5,60,0.47,521,155.76,0.0983606557377049,0.0352941176470588
CUST_5131,43,Male,Japan,73.91,12,155,0,Home,82.3,90,0.11,1611,886.92,0.1318681318681318,0.0769230769230769
CUST_3148,72,Female,Germany,192.16,9,243,0,Electronics,42.6,20,0.24,2192,1729.44,0.4285714285714285,0.0368852459016393
CUST_6457,56,Female,India,46.65,13,2,0,Beauty,44.7,63,0.36,1953,606.4499999999999,0.203125,4.333333333333333
CUST_7079,37,Male,Brazil,93.19,11,219,0,Home,48.5,21,0.36,1058,1025.09,0.5,0.05
CUST_3430,50,Male,USA,104.57,9,4,0,Home,82.0,5,0.24,1475,941.13,1.5,1.8
CUST_2879,31,Male,Canada,50.88,9,193,0,Home,93.6,30,0.38,517,457.92,0.2903225806451613,0.0463917525773195
CUST_8542,73,Male,Japan,170.82,14,53,0,Sports,74.4,63,0.12,2033,2391.48,0.21875,0.2592592592592592
CUST_3011,53,Female,UK,99.23,6,299,0,Home,88.8,59,0.05,1226,595.38,0.1,0.02
CUST_4373,34,Female,France,230.13,7,208,0,Electronics,64.3,38,0.28,1202,1610.91,0.1794871794871795,0.0334928229665071
CUST_8357,38,Other,China,69.7,5,75,0,Beauty,83.9,36,0.08,1745,348.5,0.1351351351351351,0.0657894736842105
CUST_2289,63,Female,USA,126.95,8,217,0,Beauty,55.7,38,0.57,1194,1015.6,0.2051282051282051,0.036697247706422
CUST_2447,33,Male,UK,82.01,18,117,0,Beauty,50.95,23,0.41,941,1476.18,0.75,0.1525423728813559
CUST_4199,63,Other,Germany,47.49,14,279,0,Home,70.5,23,0.37,752,664.86,0.5833333333333334,0.05
CUST_7381,33,Female,Brazil,168.76,10,79,0,Beauty,74.9,58,0.53,1362,1687.6,0.1694915254237288,0.125
CUST_8522,73,Female,Japan,69.48,8,186,0,Electronics,23.4,48,0.17,1560,555.84,0.1632653061224489,0.0427807486631016
CUST_7059,37,Female,Canada,28.68,12,7,0,Sports,15.4,6,0.27,478,344.16,1.7142857142857142,1.5
CUST_4183,46,Other,USA,105.33,7,90,0,Electronics,65.3,46,0.15,1873,737.31,0.1489361702127659,0.0769230769230769
CUST_6462,45,Female,Japan,57.99,12,345,0,Sports,48.3,87,0.28,2102,695.88,0.1363636363636363,0.0346820809248554
CUST_4216,25,Male,India,38.81,7,350,0,Beauty,50.95,15,0.11,1094,271.67,0.4375,0.0199430199430199
CUST_4136,41,Female,India,94.8,6,209,0,Fashion,14.7,1,0.48,989,568.8,3.0,0.0285714285714285
CUST_4318,20,Male,India,85.09,12,257,0,Sports,94.8,92,0.28,1061,1021.08,0.1290322580645161,0.0465116279069767
CUST_3782,42,Male,France,61.27,9,40,0,Electronics,70.4,74,0.03,2078,551.4300000000001,0.12,0.2195121951219512
CUST_8657,36,Male,China,101.04,10,214,0,Electronics,2.3,33,0.48,905,1010.4,0.2941176470588235,0.0465116279069767
CUST_5920,50,Male,Germany,91.81,6,183,0,Fashion,57.7,24,0.07,739,550.86,0.24,0.0326086956521739
CUST_7324,19,Male,UK,264.99,9,303,0,Sports,31.3,70,0.45,1203,2384.91,0.1267605633802817,0.0296052631578947
CUST_7327,32,Male,Japan,189.59,13,240,0,Sports,27.5,14,0.21,2139,2464.67,0.8666666666666667,0.0539419087136929
CUST_9417,39,Female,UK,132.96,14,105,0,Electronics,90.2,96,0.42,1594,1861.44,0.1443298969072164,0.1320754716981132
CUST_1776,77,Female,UK,130.57,4,21,0,Sports,83.6,83,0.67,2185,522.28,0.0476190476190476,0.1818181818181818
CUST_6208,27,Other,Japan,114.08,9,352,0,Fashion,1.0,70,0.55,1088,1026.72,0.1267605633802817,0.0254957507082152
CUST_1687,35,Male,China,87.98,17,244,0,Sports,18.2,84,0.12,2113,1495.66,0.2,0.0693877551020408
CUST_1529,39,Female,France,44.56,10,273,0,Sports,72.0,89,0.43,523,445.6,0.1111111111111111,0.0364963503649635
CUST_6067,63,Other,France,47.26,10,78,0,Fashion,84.8,84,0.09,1809,472.6,0.1176470588235294,0.1265822784810126
CUST_9080,66,Male,Brazil,93.19,11,322,0,Beauty,71.8,38,0.18,991,1025.09,0.282051282051282,0.0340557275541795
CUST_6518,44,Female,Germany,162.77,12,303,0,Sports,52.5,11,0.19,565,1953.24,1.0,0.0394736842105263
CUST_3153,30,Female,Brazil,73.71,15,22,0,Electronics,98.5,63,0.09,2166,1105.65,0.234375,0.6521739130434783
CUST_7094,50,Male,China,91.43,11,110,0,Home,79.7,32,0.23,1864,1005.73,0.3333333333333333,0.0990990990990991
CUST_7974,22,Female,UK,33.55,12,129,0,Electronics,46.8,29,0.27,2205,402.6,0.4,0.0923076923076923
CUST_5774,43,Female,Germany,93.19,7,361,0,Electronics,58.3,30,0.38,1203,652.3299999999999,0.2258064516129032,0.0193370165745856
CUST_8692,30,Male,Brazil,36.57,6,259,0,Beauty,4.5,29,0.25,1411,219.42,0.2,0.023076923076923
CUST_4103,44,Male,Brazil,99.67,12,153,0,Beauty,96.5,86,0.33,2231,1196.04,0.1379310344827586,0.0779220779220779
CUST_3440,74,Male,India,67.94,13,18,0,Electronics,36.3,11,0.29,795,883.22,1.0833333333333333,0.6842105263157895
CUST_5135,31,Male,France,77.73,10,48,0,Sports,50.95,49,0.04,1566,777.3000000000001,0.2,0.2040816326530612
CUST_8124,41,Female,Australia,161.85,7,73,0,Electronics,66.7,84,0.14,672,1132.95,0.0823529411764705,0.0945945945945946
CUST_6201,20,Female,Brazil,64.71,7,213,0,Sports,5.7,78,0.4,2187,452.97,0.0886075949367088,0.0327102803738317
CUST_1844,64,Male,USA,46.6,6,52,0,Fashion,26.6,91,0.27,1162,279.6,0.0652173913043478,0.1132075471698113
CUST_1446,68,Other,India,214.25,12,189,1,Fashion,65.6,64,0.68,1950,2571.0,0.1846153846153846,0.0631578947368421
CUST_4915,66,Male,UK,37.93,14,128,0,Beauty,91.2,38,0.4,606,531.02,0.358974358974359,0.1085271317829457
CUST_4109,47,Male,Canada,90.69,10,143,0,Home,77.9,60,0.39,1602,906.9,0.1639344262295081,0.0694444444444444
CUST_2234,52,Male,France,74.25,9,247,0,Home,58.0,68,0.12,1402,668.25,0.1304347826086956,0.0362903225806451
CUST_7587,65,Female,China,70.5,9,179,0,Beauty,23.2,7,0.09,1522,634.5,1.125,0.05
CUST_1226,31,Male,Japan,107.74,12,6,0,Fashion,94.9,94,0.34,1670,1292.88,0.1263157894736842,1.7142857142857142
CUST_5143,29,Male,China,75.56,12,343,0,Beauty,40.4,74,0.4,1621,906.72,0.16,0.0348837209302325
CUST_8185,45,Male,India,83.25,10,290,0,Fashion,15.0,7,0.21,1166,832.5,1.25,0.0343642611683848
CUST_6558,61,Female,USA,70.38,15,205,0,Sports,2.2,5,0.27,1148,1055.6999999999998,2.5,0.0728155339805825
CUST_1186,46,Other,China,72.01,7,67,1,Fashion,95.0,68,0.41,2116,504.0700000000001,0.1014492753623188,0.1029411764705882
CUST_3535,60,Male,USA,146.97,6,360,0,Fashion,77.8,47,0.06,2093,881.8199999999999,0.125,0.0166204986149584
CUST_2932,34,Male,Japan,211.27,9,142,0,Fashion,21.6,36,0.41,1392,1901.43,0.2432432432432432,0.0629370629370629
CUST_3032,57,Female,Canada,82.67,10,107,0,Home,14.2,15,0.27,1162,826.7,0.625,0.0925925925925925
CUST_2252,66,Female,France,81.2,7,184,0,Fashion,95.9,39,0.25,1891,568.4,0.175,0.0378378378378378
CUST_6509,38,Male,France,201.33,9,239,0,Electronics,24.1,38,0.02,2100,1811.97,0.2307692307692307,0.0375
CUST_6074,74,Other,Australia,64.95,9,150,0,Sports,46.2,36,0.32,1081,584.5500000000001,0.2432432432432432,0.0596026490066225
CUST_2881,40,Female,USA,96.33,7,210,0,Home,61.1,2,0.39,697,674.31,2.333333333333333,0.0331753554502369
CUST_1269,37,Female,Japan,93.28,13,77,0,Electronics,6.2,15,0.15,2033,1212.64,0.8125,0.1666666666666666
CUST_2630,28,Female,Brazil,50.46,13,227,0,Home,34.4,84,0.36,432,655.98,0.1529411764705882,0.0570175438596491
CUST_5405,74,Other,Brazil,72.9,8,246,0,Home,94.4,55,0.1,488,583.2,0.1428571428571428,0.0323886639676113
CUST_7139,74,Female,UK,23.52,11,101,0,Electronics,70.0,98,0.24,974,258.72,0.1111111111111111,0.1078431372549019
CUST_2574,51,Male,USA,89.66,7,213,0,Beauty,36.8,77,0.16,1400,627.62,0.0897435897435897,0.0327102803738317
CUST_2695,27,Male,Germany,55.81,14,138,0,Beauty,79.2,60,0.46,569,781.34,0.2295081967213114,0.1007194244604316
CUST_4258,27,Female,China,58.06,7,185,0,Fashion,83.7,25,0.2,802,406.42,0.2692307692307692,0.0376344086021505
CUST_4262,60,Male,UK,160.6,13,167,0,Electronics,15.2,14,0.31,1230,2087.8,0.8666666666666667,0.0773809523809523
CUST_2445,77,Female,UK,170.2,7,57,0,Fashion,58.7,9,0.44,2140,1191.4,0.7,0.1206896551724138
CUST_7263,23,Female,UK,67.75,8,118,0,Beauty,36.7,49,0.15,1790,542.0,0.16,0.0672268907563025
CUST_9411,53,Female,Japan,43.96,9,87,0,Electronics,50.7,35,0.46,964,395.64,0.25,0.1022727272727272
CUST_1052,41,Other,France,142.38,12,121,0,Electronics,46.9,86,0.81,476,1708.56,0.1379310344827586,0.0983606557377049
CUST_6570,29,Male,UK,49.34,10,243,0,Electronics,50.4,5,0.14,1907,493.4,1.6666666666666667,0.040983606557377
CUST_8579,60,Female,France,78.15,12,66,0,Fashion,52.2,78,0.24,880,937.8,0.1518987341772152,0.1791044776119403
CUST_2666,72,Female,France,15.44,13,293,0,Home,6.9,17,0.29,2034,200.72,0.7222222222222222,0.0442176870748299
CUST_7901,40,Male,USA,88.2,17,129,0,Home,17.8,69,0.17,1155,1499.4,0.2428571428571428,0.1307692307692307
CUST_3785,44,Female,Japan,150.14,8,342,0,Home,50.95,77,0.38,1384,1201.12,0.1025641025641025,0.0233236151603498
CUST_1719,75,Male,France,149.17,14,39,0,Electronics,93.6,54,0.39,1102,2088.38,0.2545454545454545,0.35
CUST_9597,74,Female,UK,208.16,8,211,0,Beauty,74.7,47,0.27,1234,1665.28,0.1666666666666666,0.0377358490566037
CUST_7855,62,Female,Japan,44.86,8,55,0,Fashion,23.9,95,0.44,1360,358.88,0.0833333333333333,0.1428571428571428
CUST_3294,54,Male,UK,26.04,10,199,0,Fashion,36.2,49,0.19,2067,260.4,0.2,0.05
CUST_9263,23,Female,India,37.08,2,290,0,Beauty,33.5,74,0.17,1537,74.16,0.0266666666666666,0.0068728522336769
CUST_5482,18,Female,China,37.75,12,304,0,Home,77.0,62,0.21,2237,453.0,0.1904761904761904,0.0393442622950819
CUST_1698,23,Male,India,137.87,10,106,0,Sports,97.2,23,0.42,1493,1378.7,0.4166666666666667,0.0934579439252336
CUST_8243,67,Male,India,128.44,7,194,0,Beauty,35.5,93,0.59,488,899.0799999999999,0.0744680851063829,0.0358974358974358
CUST_6918,39,Male,USA,173.02,7,351,0,Home,1.5,16,0.38,1286,1211.14,0.4117647058823529,0.0198863636363636
CUST_1348,58,Female,Germany,47.4,5,121,0,Electronics,93.7,81,0.52,1261,237.0,0.0609756097560975,0.040983606557377
CUST_6374,41,Female,China,144.86,10,94,0,Beauty,75.3,7,0.17,1437,1448.6,1.25,0.1052631578947368
CUST_8869,42,Other,USA,157.71,11,286,0,Home,83.4,43,0.16,1113,1734.8100000000002,0.25,0.0383275261324041
CUST_1307,78,Female,UK,164.91,7,124,0,Fashion,20.9,78,0.27,742,1154.37,0.0886075949367088,0.056
CUST_4416,32,Female,USA,79.09,8,331,0,Sports,64.6,44,0.37,1586,632.72,0.1777777777777777,0.0240963855421686
CUST_5820,43,Male,UK,93.19,6,125,0,Sports,23.3,9,0.29,1479,559.14,0.6,0.0476190476190476
CUST_4558,25,Female,Germany,158.62,12,343,0,Sports,1.2,71,0.16,539,1903.44,0.1666666666666666,0.0348837209302325
CUST_5478,68,Male,France,30.44,11,35,0,Home,15.7,78,0.36,415,334.84000000000003,0.1392405063291139,0.3055555555555556
CUST_7531,41,Male,USA,93.19,9,216,0,Home,92.3,80,0.4,2111,838.71,0.1111111111111111,0.0414746543778801
CUST_5620,65,Female,Australia,114.23,10,2,0,Electronics,21.5,60,0.27,2051,1142.3,0.1639344262295081,3.333333333333333
CUST_3985,55,Male,France,45.04,7,29,0,Sports,58.5,10,0.02,1798,315.28,0.6363636363636364,0.2333333333333333
CUST_9112,78,Female,Canada,93.19,9,254,0,Fashion,96.8,5,0.18,2136,838.71,1.5,0.0352941176470588
CUST_9467,23,Female,USA,137.41,7,44,0,Sports,7.6,51,0.12,1999,961.87,0.1346153846153846,0.1555555555555555
CUST_3547,71,Male,UK,45.58,14,176,0,Beauty,80.8,7,0.23,419,638.12,1.75,0.0790960451977401
CUST_1336,52,Male,China,67.34,4,221,0,Beauty,59.8,22,0.29,1269,269.36,0.1739130434782608,0.018018018018018
CUST_3979,59,Female,USA,132.31,7,112,0,Fashion,32.3,24,0.21,1983,926.17,0.28,0.0619469026548672
CUST_4968,18,Female,UK,113.89,12,121,0,Home,36.4,42,0.08,2110,1366.68,0.2790697674418604,0.0983606557377049
CUST_1910,77,Male,Germany,158.02,13,274,0,Sports,2.7,22,0.47,1289,2054.26,0.5652173913043478,0.0472727272727272
CUST_2996,63,Male,India,71.46,11,231,0,Beauty,25.6,35,0.05,1191,786.06,0.3055555555555556,0.0474137931034482
CUST_4129,53,Female,USA,125.63,12,311,0,Fashion,42.3,55,0.21,1170,1507.56,0.2142857142857142,0.0384615384615384
CUST_6447,75,Female,Brazil,43.03,15,248,0,Electronics,71.7,3,0.5,1529,645.45,3.75,0.0602409638554216
CUST_7129,29,Male,Canada,163.14,9,328,0,Beauty,27.5,71,0.48,845,1468.2599999999998,0.125,0.0273556231003039
CUST_6850,55,Male,Brazil,106.59,9,102,0,Beauty,58.0,19,0.37,1113,959.31,0.45,0.087378640776699
CUST_5204,28,Female,France,296.58,7,175,0,Sports,73.2,42,0.23,1297,2076.06,0.1627906976744186,0.0397727272727272
CUST_8446,29,Female,France,71.42,8,235,0,Home,69.9,46,0.14,1449,571.36,0.1702127659574468,0.0338983050847457
CUST_9519,59,Other,India,192.98,10,281,0,Beauty,59.0,72,0.36,2008,1929.8,0.136986301369863,0.0354609929078014
CUST_1314,67,Female,India,157.02,8,244,0,Beauty,50.95,87,0.23,1005,1256.16,0.0909090909090909,0.0326530612244898
CUST_2134,56,Other,France,189.35,10,132,0,Sports,72.1,20,0.17,817,1893.5,0.4761904761904761,0.075187969924812
CUST_5876,24,Male,USA,192.08,13,343,0,Home,33.6,33,0.41,493,2497.04,0.3823529411764705,0.0377906976744186
CUST_9102,28,Female,Japan,107.34,12,158,0,Electronics,45.0,6,0.21,2014,1288.08,1.7142857142857142,0.0754716981132075
CUST_9347,53,Male,USA,50.86,11,279,0,Electronics,96.6,15,0.39,1639,559.46,0.6875,0.0392857142857142
CUST_6592,69,Female,Canada,43.49,13,340,0,Electronics,66.9,69,0.17,825,565.37,0.1857142857142857,0.0381231671554252
CUST_2724,48,Female,France,51.1,9,21,0,Electronics,52.0,78,0.2,1404,459.9,0.1139240506329113,0.4090909090909091
CUST_4343,50,Male,Brazil,65.54,13,101,0,Home,57.8,73,0.46,569,852.0200000000001,0.1756756756756756,0.1274509803921568
CUST_1886,30,Female,India,55.39,7,149,0,Electronics,10.4,90,0.14,1904,387.73,0.0769230769230769,0.0466666666666666
CUST_1721,35,Female,Brazil,34.53,9,56,0,Sports,59.2,96,0.54,1022,310.77,0.0927835051546391,0.1578947368421052
CUST_8678,58,Male,France,127.45,9,157,0,Sports,83.6,31,0.17,2048,1147.05,0.28125,0.0569620253164556
CUST_4357,75,Female,Germany,119.98,14,302,0,Sports,52.4,6,0.62,1223,1679.72,2.0,0.0462046204620462
CUST_1870,73,Male,France,70.23,9,194,0,Electronics,17.7,1,0.44,1672,632.07,4.5,0.0461538461538461
CUST_7751,41,Male,Australia,82.39,15,166,0,Sports,44.8,19,0.07,2219,1235.85,0.75,0.0898203592814371
CUST_1497,26,Female,Canada,98.33,11,344,0,Sports,27.8,15,0.24,1566,1081.63,0.6875,0.0318840579710144
CUST_2756,48,Male,Australia,49.91,7,193,0,Fashion,36.0,34,0.51,491,349.37,0.2,0.0360824742268041
CUST_2117,72,Other,China,84.9,11,346,0,Electronics,50.95,64,0.49,1596,933.9,0.1692307692307692,0.031700288184438
CUST_3828,78,Male,Brazil,167.2,9,259,1,Sports,33.4,83,0.36,2191,1504.8,0.1071428571428571,0.0346153846153846
CUST_2647,58,Female,Germany,37.74,6,199,0,Home,82.2,49,0.28,1291,226.44,0.12,0.03
CUST_7992,27,Female,Canada,160.19,11,4,0,Sports,75.8,75,0.2,922,1762.09,0.1447368421052631,2.2
CUST_7771,77,Male,UK,245.27,10,299,0,Fashion,49.1,82,0.3,2164,2452.7000000000003,0.1204819277108433,0.0333333333333333
CUST_1142,19,Male,China,169.56,7,90,0,Home,78.3,88,0.39,618,1186.92,0.0786516853932584,0.0769230769230769
CUST_3761,55,Female,Japan,54.75,13,23,0,Home,97.6,46,0.13,1528,711.75,0.2765957446808511,0.5416666666666666
CUST_4435,32,Female,Australia,93.19,7,235,0,Beauty,40.6,51,0.22,1072,652.3299999999999,0.1346153846153846,0.0296610169491525
CUST_7622,20,Male,Canada,49.89,8,234,0,Fashion,98.0,73,0.41,814,399.12,0.1081081081081081,0.0340425531914893
CUST_8069,60,Female,Canada,95.51,12,225,0,Fashion,24.6,11,0.2,829,1146.12,1.0,0.0530973451327433
CUST_5512,48,Male,Australia,202.27,9,27,0,Sports,95.5,4,0.18,1943,1820.43,1.8,0.3214285714285714
CUST_2848,23,Male,China,93.19,12,151,0,Fashion,86.4,82,0.43,1370,1118.28,0.144578313253012,0.0789473684210526
CUST_3696,20,Female,Germany,23.8,8,245,0,Home,19.9,87,0.18,2186,190.4,0.0909090909090909,0.032520325203252
CUST_2717,73,Male,Germany,68.59,11,4,0,Home,35.0,41,0.39,474,754.49,0.2619047619047619,2.2
CUST_4072,28,Female,India,151.48,4,12,0,Sports,70.8,64,0.37,839,605.92,0.0615384615384615,0.3076923076923077
CUST_3786,32,Female,USA,52.21,6,54,0,Home,19.2,1,0.46,1004,313.26,3.0,0.109090909090909
CUST_4791,62,Other,China,39.89,7,285,0,Sports,59.1,89,0.15,1566,279.23,0.0777777777777777,0.0244755244755244
CUST_4871,69,Female,Brazil,70.1,8,101,0,Beauty,53.5,9,0.23,1234,560.8,0.8,0.0784313725490196
CUST_2806,45,Other,Brazil,150.11,8,338,0,Fashion,29.2,39,0.13,1641,1200.88,0.2,0.023598820058997
CUST_2504,27,Female,China,136.0,8,213,0,Fashion,30.1,65,0.18,762,1088.0,0.1212121212121212,0.0373831775700934
CUST_4308,55,Female,Australia,105.59,10,112,0,Fashion,51.6,17,0.54,431,1055.9,0.5555555555555556,0.0884955752212389
CUST_8117,64,Other,Brazil,129.59,9,337,1,Beauty,30.0,67,0.46,893,1166.31,0.1323529411764706,0.0266272189349112
CUST_6048,74,Female,Brazil,85.84,7,89,0,Fashion,18.0,87,0.84,692,600.88,0.0795454545454545,0.0777777777777777
CUST_9263,67,Male,USA,65.14,11,270,0,Beauty,77.3,1,0.25,1800,716.54,5.5,0.040590405904059
CUST_2690,67,Female,Canada,24.04,10,246,0,Beauty,58.2,24,0.36,740,240.4,0.4,0.0404858299595141
CUST_4303,24,Other,Canada,27.6,16,29,0,Sports,43.8,77,0.19,870,441.6,0.2051282051282051,0.5333333333333333
CUST_4113,32,Female,China,177.14,8,27,1,Electronics,18.1,20,0.2,2014,1417.12,0.3809523809523809,0.2857142857142857
CUST_8850,35,Female,France,156.69,6,67,0,Electronics,59.4,64,0.23,1377,940.14,0.0923076923076923,0.088235294117647
CUST_7416,35,Female,Canada,136.33,15,356,0,Sports,62.9,20,0.3,1081,2044.9500000000005,0.7142857142857143,0.042016806722689
CUST_2504,69,Other,Australia,99.41,11,142,0,Sports,48.0,76,0.25,427,1093.51,0.1428571428571428,0.0769230769230769
CUST_9924,58,Male,UK,130.3,10,33,0,Sports,37.3,81,0.05,1397,1303.0,0.1219512195121951,0.2941176470588235
CUST_4924,41,Female,France,59.88,9,354,0,Fashion,86.7,85,0.47,1703,538.9200000000001,0.1046511627906976,0.0253521126760563
CUST_9615,19,Male,USA,63.86,13,226,1,Home,70.5,40,0.17,2077,830.18,0.3170731707317073,0.0572687224669603
CUST_5485,57,Female,Australia,94.84,16,202,0,Sports,50.95,88,0.06,1562,1517.44,0.1797752808988764,0.0788177339901477
CUST_9100,37,Female,Germany,70.3,15,60,0,Beauty,59.3,30,0.2,1947,1054.5,0.4838709677419355,0.2459016393442623
CUST_9684,51,Male,USA,48.48,12,190,0,Electronics,50.95,23,0.06,1742,581.76,0.5,0.06282722513089
CUST_1191,60,Male,India,251.52,8,1,0,Fashion,1.1,23,0.05,1055,2012.16,0.3333333333333333,4.0
CUST_9690,43,Female,Brazil,107.52,12,117,0,Home,86.9,56,0.29,2048,1290.24,0.2105263157894736,0.1016949152542373
CUST_5917,24,Male,Japan,70.56,12,307,0,Electronics,81.9,47,0.25,1533,846.72,0.25,0.0389610389610389
CUST_6831,55,Male,Germany,136.3,9,51,0,Electronics,63.9,17,0.38,1733,1226.7,0.5,0.173076923076923
CUST_5322,47,Female,France,174.27,11,14,0,Electronics,81.1,2,0.54,1308,1916.97,3.6666666666666665,0.7333333333333333
CUST_7999,59,Male,Australia,38.59,13,283,0,Beauty,78.1,88,0.23,991,501.6700000000001,0.146067415730337,0.0457746478873239
CUST_8282,22,Female,Germany,43.75,12,95,0,Beauty,86.0,33,0.41,2087,525.0,0.3529411764705882,0.125
CUST_2874,28,Other,India,168.01,6,97,0,Beauty,89.2,15,0.09,473,1008.06,0.375,0.0612244897959183
CUST_5763,18,Male,Australia,249.74,8,54,0,Home,81.9,32,0.78,1977,1997.92,0.2424242424242424,0.1454545454545454
CUST_9464,51,Male,Japan,148.61,6,277,0,Electronics,85.2,34,0.08,2051,891.6600000000001,0.1714285714285714,0.0215827338129496
CUST_2051,73,Female,France,82.48,13,244,0,Sports,50.2,60,0.21,1511,1072.24,0.2131147540983606,0.0530612244897959
CUST_8538,18,Female,USA,154.39,12,327,1,Home,70.8,86,0.45,1181,1852.68,0.1379310344827586,0.0365853658536585
CUST_8411,36,Other,China,51.12,8,37,0,Beauty,33.3,31,0.29,777,408.96,0.25,0.2105263157894736
CUST_7320,19,Other,Germany,74.74,13,119,0,Beauty,86.1,15,0.13,2081,971.62,0.8125,0.1083333333333333
CUST_3105,38,Female,Japan,54.42,9,257,0,Beauty,85.9,20,0.12,2165,489.78,0.4285714285714285,0.0348837209302325
CUST_1307,37,Male,India,33.11,13,139,0,Fashion,6.6,87,0.28,442,430.43,0.1477272727272727,0.0928571428571428
CUST_8737,78,Male,Germany,93.19,6,182,0,Electronics,34.7,31,0.1,1627,559.14,0.1875,0.0327868852459016
CUST_4359,40,Male,UK,85.17,13,212,0,Sports,17.1,2,0.59,618,1107.21,4.333333333333333,0.0610328638497652
CUST_4176,38,Male,UK,125.57,12,125,0,Electronics,13.6,13,0.01,1193,1506.84,0.8571428571428571,0.0952380952380952
CUST_2251,41,Female,France,96.13,4,139,0,Home,41.5,96,0.3,1009,384.52,0.0412371134020618,0.0285714285714285
CUST_6366,21,Female,USA,71.59,8,108,0,Fashion,62.6,16,0.09,1005,572.72,0.4705882352941176,0.073394495412844
CUST_2517,29,Male,France,20.58,9,8,0,Home,34.4,15,0.23,1406,185.22,0.5625,1.0
CUST_7226,39,Female,France,52.83,13,31,0,Beauty,30.9,25,0.41,502,686.79,0.5,0.40625
CUST_6305,37,Male,Brazil,349.08,5,234,0,Beauty,9.4,76,0.69,1369,1745.4,0.0649350649350649,0.0212765957446808
CUST_6869,35,Male,USA,165.99,14,72,0,Sports,38.3,28,0.23,1109,2323.86,0.4827586206896552,0.1917808219178082
CUST_9039,18,Female,Brazil,27.21,10,135,0,Electronics,47.1,12,0.1,1236,272.1,0.7692307692307693,0.0735294117647058
CUST_5891,47,Male,Australia,37.52,7,253,0,Home,39.9,85,0.34,1049,262.64000000000004,0.0813953488372093,0.0275590551181102
CUST_5992,79,Male,Japan,93.19,7,115,0,Beauty,68.0,76,0.27,1233,652.3299999999999,0.0909090909090909,0.0603448275862069
CUST_2961,50,Male,Japan,217.51,7,155,0,Sports,28.8,54,0.62,1828,1522.57,0.1272727272727272,0.0448717948717948
CUST_3863,41,Male,USA,289.83,11,81,0,Sports,71.6,58,0.41,1342,3188.13,0.1864406779661017,0.1341463414634146
CUST_7603,31,Female,USA,37.76,5,106,0,Home,88.3,16,0.4,1794,188.8,0.2941176470588235,0.0467289719626168
CUST_5567,53,Other,Australia,191.72,9,228,0,Electronics,50.95,62,0.32,1094,1725.48,0.1428571428571428,0.0393013100436681
CUST_7513,22,Male,Japan,147.89,10,291,0,Fashion,38.9,74,0.25,1973,1478.9,0.1333333333333333,0.0342465753424657
CUST_5005,28,Male,Australia,41.38,9,116,0,Sports,18.0,10,0.75,643,372.42,0.8181818181818182,0.0769230769230769
CUST_1183,41,Female,China,23.3,9,287,0,Home,93.2,66,0.11,508,209.7,0.1343283582089552,0.03125
CUST_8755,77,Other,India,19.31,9,212,0,Beauty,75.2,91,0.17,939,173.79,0.0978260869565217,0.0422535211267605
CUST_4358,48,Male,UK,80.93,13,166,0,Fashion,24.6,52,0.3,1983,1052.09,0.2452830188679245,0.0778443113772455
CUST_7615,72,Male,China,91.17,13,48,0,Fashion,15.1,30,0.31,616,1185.21,0.4193548387096774,0.2653061224489796
CUST_7797,30,Female,France,66.05,12,220,0,Electronics,4.9,97,0.1,546,792.5999999999999,0.1224489795918367,0.0542986425339366
CUST_9728,33,Female,Germany,93.19,12,278,0,Home,19.1,16,0.06,2097,1118.28,0.7058823529411765,0.043010752688172
CUST_8678,41,Male,Brazil,85.72,6,288,0,Electronics,73.2,10,0.41,1523,514.3199999999999,0.5454545454545454,0.0207612456747404
CUST_6698,30,Female,Canada,78.34,10,178,0,Sports,63.0,15,0.19,1491,783.4000000000001,0.625,0.0558659217877094
CUST_2273,41,Male,Germany,238.12,9,170,0,Sports,96.7,26,0.25,1704,2143.08,0.3333333333333333,0.0526315789473684
CUST_7653,71,Female,USA,42.87,14,3,1,Home,32.2,61,0.47,1330,600.18,0.2258064516129032,3.5
CUST_2096,43,Female,India,63.58,7,335,0,Beauty,78.7,15,0.27,952,445.06,0.4375,0.0208333333333333
CUST_9002,19,Female,China,121.44,8,194,0,Sports,12.0,6,0.48,1376,971.52,1.1428571428571428,0.041025641025641
CUST_5247,33,Female,Canada,86.88,3,257,0,Sports,56.3,81,0.1,805,260.64,0.0365853658536585,0.0116279069767441
CUST_6314,55,Male,Canada,156.33,9,44,0,Beauty,46.7,1,0.12,2179,1406.97,4.5,0.2
CUST_4354,63,Male,USA,29.49,11,343,0,Fashion,83.8,87,0.35,448,324.39,0.125,0.0319767441860465
CUST_1270,18,Female,China,51.1,7,207,0,Home,70.2,98,0.31,1779,357.7,0.0707070707070707,0.0336538461538461
CUST_2186,66,Male,Canada,98.98,16,114,0,Fashion,19.4,35,0.19,1094,1583.68,0.4444444444444444,0.1391304347826087
CUST_7305,28,Male,China,80.08,10,129,0,Electronics,98.4,89,0.48,2230,800.8,0.1111111111111111,0.0769230769230769
CUST_3398,68,Male,Brazil,73.6,10,159,0,Beauty,82.3,1,0.47,414,736.0,5.0,0.0625
CUST_7995,52,Female,Brazil,134.11,9,0,0,Home,35.5,89,0.29,713,1206.9900000000002,0.1,9.0
CUST_8299,60,Female,Canada,139.72,10,273,0,Beauty,82.6,38,0.2,1696,1397.2,0.2564102564102564,0.0364963503649635
CUST_5182,46,Male,Canada,123.11,15,159,0,Beauty,50.95,80,0.48,2050,1846.65,0.1851851851851851,0.09375
CUST_3230,54,Male,USA,31.97,7,264,0,Fashion,89.0,41,0.12,1347,223.79,0.1666666666666666,0.0264150943396226
CUST_7511,34,Female,China,198.07,9,310,0,Fashion,55.6,12,0.56,1726,1782.63,0.6923076923076923,0.0289389067524115
CUST_1128,75,Female,Japan,93.19,8,322,0,Electronics,57.7,64,0.12,2081,745.52,0.123076923076923,0.0247678018575851
CUST_4672,71,Female,Australia,35.17,6,247,0,Home,10.7,10,0.41,1810,211.02,0.5454545454545454,0.0241935483870967
CUST_5765,56,Female,Australia,86.52,11,23,0,Beauty,16.5,27,0.07,1477,951.72,0.3928571428571428,0.4583333333333333
CUST_4970,59,Other,Germany,33.37,11,266,0,Electronics,98.3,39,0.45,835,367.07,0.275,0.0411985018726591
CUST_8545,45,Male,Germany,27.72,12,155,0,Beauty,77.0,71,0.38,848,332.64,0.1666666666666666,0.0769230769230769
CUST_6552,46,Other,Canada,57.45,9,271,0,Electronics,2.6,70,0.27,2178,517.0500000000001,0.1267605633802817,0.0330882352941176
CUST_1627,60,Male,UK,16.54,5,92,0,Beauty,54.8,45,0.16,2049,82.69999999999999,0.108695652173913,0.053763440860215
CUST_7589,20,Male,Brazil,99.92,4,360,0,Fashion,34.5,11,0.55,907,399.68,0.3333333333333333,0.0110803324099723
CUST_3044,69,Female,France,175.23,7,11,0,Sports,31.2,24,0.49,1627,1226.61,0.28,0.5833333333333334
CUST_3341,27,Male,China,249.24,7,237,0,Electronics,55.7,57,0.31,2189,1744.68,0.1206896551724138,0.0294117647058823
CUST_6884,76,Male,India,116.05,12,120,0,Electronics,32.0,40,0.17,1799,1392.6,0.2926829268292683,0.0991735537190082
CUST_9185,59,Male,India,75.28,11,89,0,Sports,25.2,89,0.11,1784,828.08,0.1222222222222222,0.1222222222222222
CUST_1249,31,Female,Brazil,138.16,15,74,0,Fashion,93.8,37,0.23,414,2072.4,0.3947368421052631,0.2
CUST_3925,29,Male,Germany,93.87,10,321,1,Electronics,50.95,3,0.44,1725,938.7,2.5,0.031055900621118
CUST_6043,64,Female,USA,187.04,10,30,0,Fashion,43.6,68,0.06,1304,1870.4,0.144927536231884,0.3225806451612903
CUST_1974,59,Female,India,65.55,11,194,0,Beauty,51.1,68,0.51,2011,721.05,0.1594202898550724,0.0564102564102564
CUST_8192,47,Female,Canada,102.51,13,88,0,Beauty,44.0,1,0.29,856,1332.63,6.5,0.146067415730337
CUST_3672,49,Male,UK,141.56,4,97,0,Sports,65.7,94,0.57,1207,566.24,0.0421052631578947,0.0408163265306122
CUST_8279,49,Other,India,183.53,10,128,0,Home,2.6,79,0.18,558,1835.3,0.125,0.0775193798449612
CUST_8531,59,Male,Australia,51.86,11,294,0,Fashion,88.5,45,0.11,479,570.46,0.2391304347826087,0.0372881355932203
CUST_9662,49,Male,UK,90.76,6,94,0,Home,50.0,31,0.31,828,544.5600000000001,0.1875,0.0631578947368421
CUST_2987,43,Male,UK,83.0,10,163,0,Home,55.4,37,0.09,1436,830.0,0.2631578947368421,0.0609756097560975
CUST_1090,68,Female,India,271.21,8,229,0,Fashion,50.95,69,0.49,2080,2169.68,0.1142857142857142,0.0347826086956521
CUST_9721,18,Male,USA,33.55,6,139,0,Home,44.5,43,0.21,428,201.3,0.1363636363636363,0.0428571428571428
CUST_5059,73,Male,USA,67.84,14,316,0,Electronics,18.7,85,0.12,1805,949.76,0.1627906976744186,0.0441640378548895
CUST_3773,78,Male,Germany,104.4,9,327,0,Beauty,50.4,99,0.12,1418,939.6,0.09,0.0274390243902439
CUST_9383,75,Male,Brazil,67.68,4,108,0,Sports,42.1,4,0.27,882,270.72,0.8,0.036697247706422
CUST_8409,59,Female,Canada,103.65,11,13,0,Fashion,46.8,71,0.43,1550,1140.15,0.1527777777777778,0.7857142857142857
CUST_5440,19,Female,France,77.94,12,160,0,Sports,1.4,29,0.32,703,935.28,0.4,0.0745341614906832
CUST_8347,34,Female,Japan,63.21,14,131,0,Beauty,13.1,99,0.21,823,884.94,0.14,0.106060606060606
CUST_2008,47,Male,France,88.46,12,112,0,Sports,76.3,96,0.7,1575,1061.52,0.1237113402061855,0.1061946902654867
CUST_4783,73,Male,Australia,128.42,7,285,0,Fashion,41.9,11,0.25,601,898.9399999999999,0.5833333333333334,0.0244755244755244
CUST_7646,56,Other,USA,54.72,11,339,0,Sports,74.3,33,0.37,1490,601.92,0.3235294117647059,0.0323529411764705
CUST_5298,24,Male,Germany,139.97,6,93,0,Home,17.1,53,0.51,1624,839.8199999999999,0.1111111111111111,0.0638297872340425
CUST_5668,69,Female,Australia,90.21,16,346,0,Home,50.95,17,0.04,561,1443.36,0.8888888888888888,0.0461095100864553
CUST_5287,44,Male,France,46.59,10,88,0,Beauty,28.9,12,0.09,1589,465.9,0.7692307692307693,0.1123595505617977
CUST_3052,26,Other,UK,93.19,13,309,0,Home,70.5,1,0.38,515,1211.47,6.5,0.0419354838709677
CUST_7009,39,Male,Brazil,67.13,12,133,0,Sports,8.7,56,0.27,510,805.56,0.2105263157894736,0.0895522388059701
CUST_2716,51,Male,UK,50.01,6,260,0,Electronics,50.95,23,0.21,696,300.06,0.25,0.0229885057471264
CUST_1310,63,Female,France,80.82,10,205,0,Sports,11.9,7,0.14,1482,808.1999999999999,1.25,0.0485436893203883
CUST_5538,66,Female,India,93.6,10,306,0,Electronics,63.0,78,0.09,1632,936.0,0.1265822784810126,0.0325732899022801
CUST_2260,18,Male,Brazil,144.51,17,33,0,Sports,39.3,41,0.2,1412,2456.67,0.4047619047619047,0.5
CUST_4932,26,Female,Germany,104.63,9,168,0,Electronics,7.4,53,0.32,637,941.67,0.1666666666666666,0.0532544378698224
CUST_1584,37,Female,China,23.63,13,344,0,Electronics,52.6,7,0.41,2125,307.19,1.625,0.0376811594202898
CUST_8616,70,Male,UK,64.34,11,145,0,Fashion,2.5,78,0.55,542,707.74,0.1392405063291139,0.0753424657534246
CUST_9551,36,Male,India,90.42,18,19,0,Fashion,81.8,98,0.21,643,1627.56,0.1818181818181818,0.9
CUST_3866,53,Female,Australia,68.38,9,106,0,Sports,93.8,66,0.09,519,615.42,0.1343283582089552,0.0841121495327102
CUST_6898,77,Male,China,157.1,17,135,0,Home,81.0,84,0.06,918,2670.7,0.2,0.125
CUST_3011,57,Female,Australia,191.65,15,25,0,Fashion,95.2,81,0.25,704,2874.75,0.1829268292682926,0.5769230769230769
CUST_7251,62,Male,USA,26.53,10,245,0,Electronics,89.7,74,0.19,2185,265.3,0.1333333333333333,0.040650406504065
CUST_5939,21,Male,China,109.81,13,340,0,Sports,89.5,53,0.64,1489,1427.53,0.2407407407407407,0.0381231671554252
CUST_5006,26,Male,Brazil,40.02,10,154,0,Home,24.5,5,0.2,2118,400.2000000000001,1.6666666666666667,0.064516129032258
CUST_2625,58,Female,USA,188.84,9,41,0,Sports,23.1,97,0.49,918,1699.56,0.0918367346938775,0.2142857142857142
CUST_1890,39,Male,Brazil,47.03,8,177,0,Electronics,80.9,36,0.13,1104,376.24,0.2162162162162162,0.0449438202247191
CUST_7078,35,Male,Canada,43.03,8,80,0,Fashion,49.1,44,0.22,1037,344.24,0.1777777777777777,0.0987654320987654
CUST_8036,29,Male,India,165.0,8,176,0,Fashion,94.2,11,0.07,663,1320.0,0.6666666666666666,0.0451977401129943
CUST_9923,59,Other,France,130.81,9,192,0,Beauty,89.7,64,0.64,2229,1177.29,0.1384615384615384,0.0466321243523316
CUST_4961,60,Male,Australia,126.03,14,190,0,Beauty,89.3,21,0.34,507,1764.42,0.6363636363636364,0.0732984293193717
CUST_3504,56,Female,France,134.06,7,282,0,Sports,32.6,4,0.38,1231,938.42,1.4,0.0247349823321554
CUST_9806,26,Male,China,57.14,8,245,0,Sports,13.3,89,0.24,797,457.12,0.0888888888888888,0.032520325203252
CUST_4806,23,Male,UK,78.1,9,99,0,Home,50.95,35,0.27,1664,702.9,0.25,0.09
CUST_7100,36,Female,UK,187.61,11,34,0,Fashion,44.1,35,0.13,1055,2063.71,0.3055555555555556,0.3142857142857143
CUST_2719,65,Female,Australia,260.3,12,293,0,Fashion,93.4,35,0.39,2211,3123.6000000000004,0.3333333333333333,0.0408163265306122
CUST_7686,79,Other,USA,77.07,10,293,0,Beauty,85.4,39,0.03,774,770.6999999999999,0.25,0.0340136054421768
CUST_2587,64,Other,Australia,58.25,11,41,0,Electronics,92.9,33,0.45,893,640.75,0.3235294117647059,0.2619047619047619
CUST_8000,24,Female,Canada,211.97,13,169,0,Electronics,56.8,77,0.33,1246,2755.61,0.1666666666666666,0.0764705882352941
CUST_1896,33,Female,Canada,124.56,11,56,0,Beauty,52.6,68,0.09,1072,1370.16,0.1594202898550724,0.1929824561403508
CUST_6558,22,Female,France,95.22,11,355,0,Sports,84.7,44,0.48,1158,1047.42,0.2444444444444444,0.0308988764044943
CUST_9469,33,Male,China,93.19,7,53,0,Fashion,51.2,51,0.18,1204,652.3299999999999,0.1346153846153846,0.1296296296296296
CUST_5647,18,Other,Canada,93.34,13,187,0,Fashion,90.0,38,0.39,1406,1213.42,0.3333333333333333,0.0691489361702127
CUST_3432,68,Female,India,229.36,11,295,0,Fashion,3.4,42,0.35,1990,2522.96,0.2558139534883721,0.0371621621621621
CUST_4904,54,Female,USA,177.19,10,85,0,Electronics,35.9,45,0.48,2200,1771.9,0.217391304347826,0.1162790697674418
CUST_7837,56,Male,USA,60.97,12,63,0,Sports,50.95,30,0.09,1467,731.64,0.3870967741935484,0.1875
CUST_2449,36,Male,Canada,284.46,15,80,0,Electronics,21.0,91,0.31,676,4266.9,0.1630434782608695,0.1851851851851851
CUST_5500,71,Other,Japan,54.84,9,267,0,Sports,39.9,35,0.26,524,493.56000000000006,0.25,0.0335820895522388
CUST_6454,54,Male,UK,85.88,12,184,0,Beauty,1.0,28,0.34,979,1030.56,0.4137931034482758,0.0648648648648648
CUST_5117,78,Male,Japan,144.9,10,344,0,Sports,30.2,41,0.57,861,1449.0,0.238095238095238,0.0289855072463768
CUST_9869,34,Male,China,156.47,12,25,1,Electronics,31.9,45,0.46,1817,1877.64,0.2608695652173913,0.4615384615384615
CUST_3028,43,Female,China,62.81,8,237,0,Fashion,73.3,48,0.14,425,502.48,0.1632653061224489,0.0336134453781512
CUST_7845,39,Male,Brazil,95.83,9,295,0,Electronics,67.7,55,0.41,919,862.47,0.1607142857142857,0.0304054054054054
CUST_4758,79,Female,China,68.96,9,298,0,Beauty,44.5,8,0.07,758,620.64,1.0,0.0301003344481605
CUST_6904,25,Male,Brazil,316.0,8,224,0,Fashion,72.9,26,0.5,483,2528.0,0.2962962962962963,0.0355555555555555
CUST_5624,78,Female,USA,60.74,12,327,0,Electronics,42.8,98,0.21,985,728.88,0.1212121212121212,0.0365853658536585
CUST_9848,78,Female,India,164.02,8,89,0,Fashion,43.5,29,0.02,1865,1312.16,0.2666666666666666,0.0888888888888888
CUST_1165,50,Male,Germany,27.62,13,16,0,Beauty,64.6,55,0.47,1666,359.06,0.2321428571428571,0.7647058823529411
CUST_5591,19,Female,UK,94.46,12,87,0,Sports,72.3,66,0.16,701,1133.52,0.1791044776119403,0.1363636363636363
CUST_1589,47,Male,Brazil,90.93,9,23,0,Sports,84.7,70,0.29,1223,818.3700000000001,0.1267605633802817,0.375
CUST_5524,64,Male,France,114.98,17,331,1,Home,75.1,48,0.28,618,1954.66,0.3469387755102041,0.0512048192771084
CUST_3821,37,Female,India,66.0,7,222,0,Fashion,50.95,80,0.14,439,462.0,0.0864197530864197,0.0313901345291479
CUST_7509,77,Male,Australia,52.24,11,57,0,Beauty,56.1,7,0.52,2217,574.64,1.375,0.1896551724137931
CUST_8693,35,Male,France,37.6,10,188,0,Electronics,30.8,75,0.19,721,376.0,0.131578947368421,0.0529100529100529
CUST_1071,60,Male,India,81.69,9,221,0,Electronics,26.1,80,0.49,1632,735.21,0.1111111111111111,0.0405405405405405
CUST_4580,74,Male,France,27.72,5,352,0,Home,84.3,6,0.27,1276,138.6,0.7142857142857143,0.0141643059490084
CUST_8962,27,Female,Canada,40.75,16,50,0,Electronics,71.7,37,0.29,1187,652.0,0.4210526315789473,0.3137254901960784
CUST_1268,41,Male,France,37.27,11,87,0,Beauty,66.5,9,0.19,2095,409.97,1.1,0.125
CUST_3462,73,Other,Brazil,76.37,9,221,0,Beauty,25.9,3,0.35,1523,687.33,2.25,0.0405405405405405
CUST_2015,21,Other,India,187.01,6,347,0,Sports,97.0,53,0.15,1290,1122.06,0.1111111111111111,0.0172413793103448
CUST_8984,54,Male,Australia,78.67,9,166,0,Fashion,8.1,93,0.29,1936,708.03,0.0957446808510638,0.0538922155688622
CUST_1406,21,Male,China,31.32,7,193,0,Fashion,83.8,8,0.49,1024,219.24,0.7777777777777778,0.0360824742268041
CUST_8384,30,Female,France,133.69,9,100,0,Electronics,21.1,40,0.52,1191,1203.21,0.2195121951219512,0.0891089108910891
CUST_7049,42,Male,Australia,145.02,9,201,0,Fashion,39.2,17,0.18,1255,1305.18,0.5,0.0445544554455445
CUST_7169,30,Male,India,429.27,10,12,0,Home,50.95,70,0.21,527,4292.7,0.1408450704225352,0.7692307692307693
CUST_8982,35,Male,Australia,87.02,10,146,0,Fashion,66.3,47,0.18,1000,870.1999999999999,0.2083333333333333,0.0680272108843537
CUST_1985,78,Female,Germany,157.81,8,261,0,Electronics,54.7,11,0.2,1073,1262.48,0.6666666666666666,0.0305343511450381
CUST_5485,76,Female,Germany,269.6,10,145,0,Fashion,50.95,10,0.45,1315,2696.0,0.9090909090909092,0.0684931506849315
CUST_9901,41,Male,France,90.34,9,8,0,Beauty,3.0,61,0.5,1390,813.0600000000001,0.1451612903225806,1.0
CUST_3618,19,Male,France,20.7,14,80,0,Beauty,71.7,2,0.08,735,289.8,4.666666666666667,0.1728395061728395
CUST_7289,65,Other,France,135.55,11,67,0,Sports,50.5,29,0.33,707,1491.0500000000002,0.3666666666666666,0.1617647058823529
CUST_7928,50,Female,UK,80.1,11,309,0,Sports,36.2,70,0.26,1246,881.0999999999999,0.1549295774647887,0.0354838709677419
CUST_6368,75,Female,Canada,160.57,14,125,0,Sports,28.5,51,0.42,793,2247.98,0.2692307692307692,0.1111111111111111
CUST_5621,36,Female,Australia,66.71,14,49,0,Sports,82.3,73,0.25,805,933.94,0.1891891891891892,0.28
CUST_8566,26,Male,Japan,155.54,12,69,0,Fashion,79.6,66,0.44,1414,1866.48,0.1791044776119403,0.1714285714285714
CUST_5670,45,Female,USA,44.03,5,138,0,Electronics,82.6,68,0.35,1921,220.15,0.072463768115942,0.0359712230215827
CUST_8658,52,Male,France,34.72,10,169,0,Fashion,21.9,57,0.25,1746,347.2,0.1724137931034483,0.0588235294117647
CUST_2003,74,Male,Brazil,145.25,8,89,0,Electronics,85.2,41,0.15,1742,1162.0,0.1904761904761904,0.0888888888888888
CUST_8504,56,Female,Germany,55.97,7,138,0,Electronics,98.6,94,0.27,2018,391.79,0.0736842105263157,0.0503597122302158
CUST_3466,78,Male,Germany,147.5,8,71,0,Electronics,59.9,64,0.14,810,1180.0,0.123076923076923,0.1111111111111111
CUST_2939,27,Other,China,76.45,12,244,0,Electronics,4.7,4,0.35,765,917.4,2.4,0.0489795918367346
CUST_2635,18,Male,USA,93.19,10,66,0,Beauty,70.2,1,0.12,1915,931.9,5.0,0.1492537313432835
CUST_9095,59,Other,Australia,184.51,11,129,0,Electronics,53.8,75,0.42,1789,2029.61,0.1447368421052631,0.0846153846153846
CUST_7265,38,Other,India,38.2,7,209,0,Fashion,50.95,7,0.18,1204,267.40000000000003,0.875,0.0333333333333333
CUST_2895,26,Male,USA,157.52,12,193,0,Electronics,18.8,82,0.7,2061,1890.24,0.144578313253012,0.0618556701030927
CUST_7524,77,Female,Canada,94.57,8,25,0,Beauty,60.6,8,0.08,1952,756.56,0.8888888888888888,0.3076923076923077
CUST_2073,64,Male,France,83.13,14,331,0,Fashion,53.9,94,0.1,1977,1163.82,0.1473684210526315,0.0421686746987951
CUST_6184,32,Other,Brazil,93.97,12,292,0,Home,60.2,79,0.13,1590,1127.64,0.15,0.0409556313993174
CUST_3402,52,Female,Australia,61.3,8,217,0,Fashion,72.8,58,0.26,1355,490.4,0.135593220338983,0.036697247706422
CUST_5895,74,Female,Australia,62.15,18,35,0,Beauty,54.4,10,0.12,1381,1118.7,1.6363636363636365,0.5
CUST_8331,22,Female,France,65.2,9,15,0,Beauty,32.2,66,0.11,1414,586.8000000000001,0.1343283582089552,0.5625
CUST_2956,58,Male,Canada,35.99,10,77,0,Sports,30.9,79,0.23,854,359.90000000000003,0.125,0.1282051282051282
CUST_8023,75,Male,France,130.15,10,321,0,Home,69.5,22,0.44,927,1301.5,0.4347826086956521,0.031055900621118
CUST_4907,39,Male,France,95.57,14,20,0,Electronics,66.4,52,0.18,1731,1337.98,0.2641509433962264,0.6666666666666666
CUST_1807,58,Female,USA,137.82,10,134,0,Beauty,42.2,98,0.26,548,1378.1999999999998,0.101010101010101,0.074074074074074
CUST_9378,40,Female,Brazil,119.1,10,244,0,Sports,35.4,49,0.18,1806,1191.0,0.2,0.0408163265306122
CUST_5827,24,Female,Australia,129.96,4,183,0,Sports,62.0,67,0.07,1395,519.84,0.0588235294117647,0.0217391304347826
CUST_5524,73,Male,China,71.6,4,171,0,Electronics,31.2,4,0.18,543,286.4,0.8,0.0232558139534883
CUST_3284,40,Female,France,126.85,9,53,0,Fashion,96.3,89,0.1,730,1141.65,0.1,0.1666666666666666
CUST_6313,61,Male,UK,127.73,12,92,0,Home,59.6,57,0.19,1401,1532.76,0.2068965517241379,0.1290322580645161
CUST_1757,42,Female,India,79.27,8,313,0,Electronics,59.2,69,0.6,652,634.16,0.1142857142857142,0.0254777070063694
CUST_5887,44,Other,France,189.93,9,292,0,Electronics,13.6,76,0.23,1905,1709.37,0.1168831168831168,0.030716723549488
CUST_4854,58,Male,France,72.34,17,175,0,Fashion,61.0,53,0.12,1943,1229.78,0.3148148148148148,0.096590909090909
CUST_4558,23,Male,Australia,328.63,13,189,0,Fashion,29.5,55,0.19,1892,4272.19,0.2321428571428571,0.0684210526315789
CUST_1961,72,Male,Germany,124.13,14,245,0,Beauty,45.2,24,0.22,1622,1737.82,0.56,0.056910569105691
CUST_4847,51,Female,Japan,68.46,13,294,0,Fashion,53.8,83,0.23,1497,889.9799999999999,0.1547619047619047,0.0440677966101694
CUST_7726,26,Female,India,87.58,9,191,0,Fashion,47.8,96,0.43,1865,788.22,0.0927835051546391,0.046875
CUST_4575,77,Female,Germany,260.25,4,103,0,Home,80.9,12,0.18,1313,1041.0,0.3076923076923077,0.0384615384615384
CUST_3418,78,Male,USA,211.6,9,67,0,Home,9.9,55,0.47,1594,1904.4,0.1607142857142857,0.1323529411764706
CUST_5198,66,Female,UK,20.24,11,323,0,Home,16.7,47,0.43,436,222.64,0.2291666666666666,0.0339506172839506
CUST_2001,50,Female,Japan,176.15,12,154,0,Electronics,15.7,27,0.12,1565,2113.8,0.4285714285714285,0.0774193548387096
CUST_6244,68,Male,India,62.12,17,225,0,Home,81.7,18,0.54,1668,1056.04,0.8947368421052632,0.0752212389380531
CUST_8119,77,Female,Germany,66.48,8,232,0,Home,11.8,89,0.55,1798,531.84,0.0888888888888888,0.0343347639484978
CUST_5066,23,Male,Brazil,89.05,16,103,0,Sports,97.1,51,0.52,446,1424.8,0.3076923076923077,0.1538461538461538
CUST_3845,54,Female,Brazil,74.77,9,315,0,Home,50.95,87,0.41,421,672.93,0.1022727272727272,0.0284810126582278
CUST_9849,48,Female,Canada,61.09,16,239,0,Electronics,99.2,60,0.18,1256,977.44,0.2622950819672131,0.0666666666666666
CUST_6316,51,Male,France,60.23,7,211,0,Sports,98.0,57,0.12,1229,421.61,0.1206896551724138,0.0330188679245283
CUST_1422,58,Female,UK,24.66,10,125,0,Electronics,14.9,67,0.29,912,246.6,0.1470588235294117,0.0793650793650793
CUST_7715,79,Female,Japan,65.54,10,122,1,Electronics,65.7,2,0.33,718,655.4000000000001,3.333333333333333,0.08130081300813
CUST_5266,46,Male,India,93.19,9,35,0,Sports,40.0,11,0.47,1423,838.71,0.75,0.25
CUST_8549,75,Female,Brazil,130.16,8,237,0,Sports,73.2,94,0.15,450,1041.28,0.0842105263157894,0.0336134453781512
CUST_7316,31,Female,UK,63.69,12,241,0,Sports,40.6,13,0.05,1422,764.28,0.8571428571428571,0.0495867768595041
CUST_3710,53,Male,Japan,25.23,9,132,0,Sports,38.3,40,0.04,1311,227.07,0.2195121951219512,0.0676691729323308
CUST_9644,53,Male,Canada,117.58,12,226,0,Electronics,90.4,6,0.14,1827,1410.96,1.7142857142857142,0.052863436123348
CUST_9069,70,Male,Brazil,41.52,11,89,0,Sports,49.5,12,0.27,1539,456.72,0.8461538461538461,0.1222222222222222
CUST_2657,32,Male,Australia,93.19,10,254,0,Fashion,74.0,43,0.41,1587,931.9,0.2272727272727272,0.0392156862745098
CUST_3541,25,Male,Brazil,93.19,7,82,0,Home,65.0,72,0.25,659,652.3299999999999,0.0958904109589041,0.0843373493975903
CUST_7763,43,Male,China,32.92,11,138,0,Home,65.8,73,0.59,1673,362.12,0.1486486486486486,0.079136690647482
CUST_4075,53,Male,Australia,62.31,15,308,0,Fashion,34.9,4,0.31,430,934.65,3.0,0.0485436893203883
CUST_4164,65,Other,UK,85.97,9,19,0,Electronics,25.2,37,0.45,1013,773.73,0.2368421052631578,0.45
CUST_3053,38,Male,Canada,82.81,10,328,0,Electronics,88.5,36,0.09,2033,828.1,0.2702702702702703,0.0303951367781155
CUST_9479,45,Female,Germany,119.88,11,83,0,Home,2.5,32,0.24,1422,1318.6799999999998,0.3333333333333333,0.1309523809523809
CUST_6737,21,Female,USA,77.75,7,26,0,Beauty,50.95,57,0.1,1751,544.25,0.1206896551724138,0.2592592592592592
CUST_4217,79,Female,France,175.55,7,57,0,Fashion,13.3,12,0.05,1460,1228.85,0.5384615384615384,0.1206896551724138
CUST_2447,33,Male,France,40.36,6,329,0,Fashion,94.9,18,0.35,2154,242.16,0.3157894736842105,0.0181818181818181
CUST_7009,39,Other,Brazil,86.86,7,216,0,Home,0.5,61,0.16,853,608.02,0.1129032258064516,0.032258064516129
CUST_1607,29,Female,India,270.72,12,332,0,Sports,0.8,31,0.57,1808,3248.6400000000003,0.375,0.036036036036036
CUST_5552,33,Female,Australia,264.66,8,124,0,Beauty,22.7,40,0.31,1712,2117.28,0.1951219512195122,0.064
CUST_2764,68,Male,China,80.12,10,287,0,Electronics,27.9,46,0.44,954,801.2,0.2127659574468085,0.0347222222222222
CUST_3671,57,Male,Brazil,155.68,13,199,0,Electronics,56.0,39,0.22,2206,2023.84,0.325,0.065
CUST_7519,55,Female,Canada,100.5,9,282,0,Electronics,96.1,63,0.08,1268,904.5,0.140625,0.0318021201413427
CUST_4962,59,Male,USA,61.74,10,213,0,Electronics,46.5,93,0.25,884,617.4,0.1063829787234042,0.0467289719626168
CUST_4177,54,Female,Germany,39.95,9,155,0,Fashion,28.9,55,0.45,644,359.55,0.1607142857142857,0.0576923076923076
CUST_4722,46,Male,USA,227.45,11,17,0,Fashion,81.7,40,0.33,899,2501.95,0.2682926829268293,0.6111111111111112
CUST_5906,35,Female,China,95.6,9,342,0,Sports,38.6,29,0.26,611,860.4,0.3,0.0262390670553935
CUST_8263,27,Other,USA,77.21,12,104,0,Fashion,14.2,91,0.29,999,926.52,0.1304347826086956,0.1142857142857142
CUST_6054,59,Female,USA,22.64,6,158,0,Sports,79.5,11,0.25,1336,135.84,0.5,0.0377358490566037
CUST_1808,56,Female,UK,207.24,16,40,0,Sports,0.2,97,0.11,1065,3315.84,0.1632653061224489,0.3902439024390244
CUST_1725,35,Female,Canada,108.27,8,289,0,Electronics,50.95,39,0.11,1350,866.16,0.2,0.0275862068965517
CUST_8701,18,Female,Canada,171.37,8,6,0,Electronics,63.5,82,0.32,1660,1370.96,0.0963855421686747,1.1428571428571428
CUST_2216,56,Other,Japan,67.32,8,4,0,Fashion,10.2,44,0.19,1539,538.56,0.1777777777777777,1.6
CUST_5051,38,Female,Brazil,99.42,3,20,0,Fashion,25.6,20,0.3,1606,298.26,0.1428571428571428,0.1428571428571428
CUST_3197,18,Female,India,115.74,10,133,0,Sports,39.3,92,0.19,560,1157.4,0.1075268817204301,0.0746268656716417
CUST_3806,32,Male,Japan,179.19,13,119,0,Home,39.6,86,0.2,1154,2329.47,0.1494252873563218,0.1083333333333333
CUST_9970,21,Female,Canada,93.19,9,241,0,Electronics,97.3,96,0.39,862,838.71,0.0927835051546391,0.0371900826446281
CUST_1972,77,Male,France,78.46,9,105,0,Beauty,67.6,85,0.36,854,706.14,0.1046511627906976,0.0849056603773584
CUST_6634,78,Male,Brazil,60.46,8,342,0,Home,3.7,27,0.51,1911,483.68,0.2857142857142857,0.0233236151603498
CUST_8483,37,Female,China,407.48,8,130,0,Electronics,22.1,38,0.46,1577,3259.84,0.2051282051282051,0.0610687022900763
CUST_3123,27,Female,UK,141.73,6,37,0,Electronics,61.6,90,0.22,1322,850.3799999999999,0.0659340659340659,0.1578947368421052
CUST_9790,40,Female,Germany,88.12,11,86,1,Fashion,71.3,87,0.04,934,969.32,0.125,0.1264367816091954
CUST_1224,58,Male,France,61.98,11,335,0,Beauty,38.1,98,0.06,2198,681.78,0.1111111111111111,0.0327380952380952
CUST_2814,51,Male,Canada,93.19,11,112,0,Beauty,85.7,76,0.49,1427,1025.09,0.1428571428571428,0.0973451327433628
CUST_2106,77,Female,Brazil,75.96,11,250,0,Electronics,94.3,11,0.48,737,835.56,0.9166666666666666,0.0438247011952191
CUST_1124,63,Male,Canada,102.79,9,344,0,Sports,61.4,36,0.25,650,925.11,0.2432432432432432,0.0260869565217391
CUST_4246,65,Female,Australia,42.99,8,361,0,Beauty,56.2,32,0.52,2081,343.92,0.2424242424242424,0.0220994475138121
CUST_3931,50,Male,Japan,148.93,10,70,1,Home,75.1,62,0.24,478,1489.3000000000002,0.1587301587301587,0.1408450704225352
CUST_3971,51,Male,Germany,130.2,16,263,0,Sports,78.2,16,0.28,1255,2083.2,0.9411764705882352,0.0606060606060606
CUST_3017,56,Other,Germany,69.46,7,68,0,Fashion,21.5,42,0.2,1011,486.22,0.1627906976744186,0.1014492753623188
CUST_8415,78,Male,India,94.32,7,254,0,Electronics,48.4,31,0.34,644,660.24,0.21875,0.0274509803921568
CUST_3415,27,Male,Australia,162.28,8,274,0,Electronics,44.7,70,0.38,809,1298.24,0.1126760563380281,0.029090909090909
CUST_4096,71,Male,USA,40.27,9,85,0,Home,94.1,13,0.05,609,362.43,0.6428571428571429,0.1046511627906976
CUST_2609,37,Other,Australia,45.36,6,217,0,Home,11.2,36,0.19,2020,272.16,0.1621621621621621,0.0275229357798165
CUST_1717,18,Female,Germany,73.51,7,49,0,Fashion,94.3,75,0.12,779,514.57,0.0921052631578947,0.14
CUST_4561,30,Male,France,124.85,12,133,0,Fashion,57.3,11,0.46,734,1498.1999999999998,1.0,0.0895522388059701
CUST_7782,18,Male,India,193.37,9,229,0,Beauty,28.8,48,0.24,1562,1740.33,0.1836734693877551,0.0391304347826087
CUST_2048,22,Female,China,70.41,4,60,0,Sports,86.9,20,0.3,1951,281.64,0.1904761904761904,0.0655737704918032
CUST_9307,33,Male,France,67.27,8,251,0,Electronics,5.0,29,0.44,1716,538.16,0.2666666666666666,0.0317460317460317
CUST_8905,32,Female,Brazil,76.46,8,229,0,Beauty,31.9,19,0.56,461,611.68,0.4,0.0347826086956521
CUST_6578,66,Male,USA,130.89,15,350,0,Fashion,75.3,94,0.0,1676,1963.35,0.1578947368421052,0.0427350427350427
CUST_2620,45,Male,Japan,37.25,11,57,0,Home,82.8,6,0.48,2001,409.75,1.5714285714285714,0.1896551724137931
CUST_7548,48,Female,China,64.54,12,184,0,Beauty,16.7,56,0.17,1138,774.48,0.2105263157894736,0.0648648648648648
CUST_8381,40,Male,France,44.78,9,202,0,Home,94.2,81,0.17,1511,403.02,0.1097560975609756,0.0443349753694581
CUST_5780,65,Female,Brazil,67.27,10,31,0,Sports,5.4,82,0.03,782,672.6999999999999,0.1204819277108433,0.3125
CUST_4792,62,Male,Canada,97.22,8,144,0,Home,43.4,18,0.01,1727,777.76,0.4210526315789473,0.0551724137931034
CUST_3941,60,Male,UK,56.68,12,168,0,Electronics,9.7,76,0.41,601,680.16,0.1558441558441558,0.0710059171597633
CUST_6695,34,Other,USA,141.32,7,21,0,Sports,9.8,42,0.56,506,989.24,0.1627906976744186,0.3181818181818182
CUST_7401,66,Male,Japan,21.85,6,335,0,Home,91.4,60,0.31,1485,131.10000000000002,0.0983606557377049,0.0178571428571428
CUST_7197,51,Female,India,22.89,15,297,0,Beauty,90.4,56,0.16,1164,343.35,0.2631578947368421,0.0503355704697986
CUST_6450,30,Male,Australia,31.26,11,78,0,Electronics,61.5,3,0.23,1288,343.86,2.75,0.1392405063291139
CUST_9975,31,Female,UK,49.79,8,135,1,Electronics,96.6,82,0.13,609,398.32,0.0963855421686747,0.0588235294117647
CUST_9432,28,Female,USA,102.7,11,301,0,Fashion,49.1,80,0.43,1540,1129.7,0.1358024691358024,0.0364238410596026
CUST_6874,45,Male,China,23.16,9,175,0,Fashion,78.3,39,0.36,1120,208.44,0.225,0.0511363636363636
CUST_2553,59,Female,Canada,46.7,9,76,0,Beauty,9.7,43,0.12,1118,420.3,0.2045454545454545,0.1168831168831168
CUST_2012,49,Female,India,60.43,14,29,0,Fashion,39.6,28,0.14,1994,846.02,0.4827586206896552,0.4666666666666667
CUST_9378,52,Male,Germany,121.22,10,283,0,Home,51.5,42,0.12,1129,1212.2,0.2325581395348837,0.0352112676056338
CUST_2881,78,Female,France,93.19,15,328,0,Fashion,77.8,9,0.23,845,1397.85,1.5,0.0455927051671732
CUST_7799,76,Female,France,36.99,7,152,0,Electronics,33.4,84,0.2,1825,258.93,0.0823529411764705,0.0457516339869281
CUST_5586,48,Male,India,51.84,11,212,0,Beauty,98.0,18,0.18,963,570.24,0.5789473684210527,0.0516431924882629
CUST_9622,34,Male,Germany,72.5,8,178,0,Home,73.5,89,0.34,2054,580.0,0.0888888888888888,0.0446927374301676
CUST_9430,64,Male,France,112.04,13,294,0,Electronics,53.3,21,0.21,871,1456.52,0.5909090909090909,0.0440677966101694
CUST_7447,26,Male,USA,47.55,12,82,0,Electronics,33.1,26,0.34,1382,570.5999999999999,0.4444444444444444,0.144578313253012
CUST_3345,27,Female,India,144.4,16,199,0,Sports,50.95,23,0.42,1989,2310.4,0.6666666666666666,0.08
CUST_1075,25,Female,India,93.19,9,322,0,Fashion,67.3,10,0.14,2110,838.71,0.8181818181818182,0.0278637770897832
CUST_6877,38,Other,China,62.34,8,128,0,Home,67.9,44,0.72,1947,498.72,0.1777777777777777,0.0620155038759689
CUST_7785,30,Male,Germany,121.36,7,293,0,Beauty,58.6,13,0.41,1547,849.52,0.5,0.0238095238095238
CUST_5922,76,Male,China,171.66,12,190,0,Beauty,40.0,53,0.36,2084,2059.92,0.2222222222222222,0.06282722513089
CUST_9090,67,Female,Germany,103.59,8,51,0,Beauty,81.7,37,0.4,1641,828.72,0.2105263157894736,0.1538461538461538
CUST_3330,22,Female,China,100.64,10,82,0,Sports,25.8,56,0.35,530,1006.4,0.175438596491228,0.1204819277108433
CUST_5686,23,Female,India,97.02,12,340,0,Home,62.5,59,0.23,1004,1164.24,0.2,0.0351906158357771
CUST_2902,47,Male,Australia,58.1,8,187,0,Electronics,47.2,12,0.85,1758,464.8,0.6153846153846154,0.0425531914893617
CUST_5670,48,Male,Australia,70.6,3,12,0,Sports,89.3,3,0.49,2226,211.8,0.75,0.2307692307692307
CUST_8143,34,Male,Australia,93.19,16,218,0,Fashion,59.1,14,0.12,1217,1491.04,1.0666666666666669,0.0730593607305936
CUST_3059,28,Other,India,154.58,8,16,0,Electronics,85.6,35,0.37,1672,1236.64,0.2222222222222222,0.4705882352941176
CUST_1140,37,Male,France,75.29,14,241,0,Beauty,95.3,98,0.14,720,1054.0600000000002,0.1414141414141414,0.0578512396694214
CUST_2789,65,Female,Canada,97.42,7,339,0,Fashion,12.7,93,0.1,841,681.94,0.0744680851063829,0.0205882352941176
CUST_1016,26,Female,Japan,67.95,9,157,0,Home,55.5,30,0.32,1051,611.5500000000001,0.2903225806451613,0.0569620253164556
CUST_1464,19,Male,Canada,82.28,7,165,0,Home,88.4,71,0.06,970,575.96,0.0972222222222222,0.0421686746987951
CUST_5471,54,Female,Australia,93.19,6,138,0,Sports,87.2,66,0.44,661,559.14,0.0895522388059701,0.0431654676258992
CUST_2827,18,Female,France,98.55,11,293,0,Home,19.6,18,0.29,2107,1084.05,0.5789473684210527,0.0374149659863945
CUST_9711,21,Female,India,186.16,9,27,0,Beauty,48.1,26,0.33,1242,1675.44,0.3333333333333333,0.3214285714285714
CUST_6956,53,Male,Brazil,166.39,17,358,0,Sports,22.3,81,0.43,1585,2828.63,0.2073170731707317,0.0473537604456824
CUST_1089,71,Male,France,52.07,8,160,0,Sports,89.7,46,0.07,2162,416.56,0.1702127659574468,0.0496894409937888
CUST_5815,75,Male,Brazil,47.61,6,181,0,Beauty,0.3,12,0.13,1506,285.66,0.4615384615384615,0.0329670329670329
CUST_3851,42,Male,India,87.62,8,279,0,Home,21.8,58,0.51,1217,700.96,0.135593220338983,0.0285714285714285
CUST_3843,20,Female,USA,30.97,6,154,0,Fashion,40.9,57,0.07,452,185.82,0.1034482758620689,0.0387096774193548
CUST_7543,26,Female,Germany,149.21,8,301,0,Sports,22.1,32,0.29,2100,1193.68,0.2424242424242424,0.0264900662251655
CUST_6901,39,Male,Japan,55.09,9,213,0,Fashion,97.4,93,0.07,2007,495.81000000000006,0.0957446808510638,0.0420560747663551
CUST_1969,40,Female,Canada,148.83,6,339,0,Fashion,24.4,64,0.22,978,892.98,0.0923076923076923,0.0176470588235294
CUST_2094,29,Female,China,52.9,10,352,0,Fashion,36.2,74,0.22,1975,529.0,0.1333333333333333,0.0283286118980169
CUST_7124,27,Male,China,93.19,9,68,0,Fashion,17.4,66,0.18,520,838.71,0.1343283582089552,0.1304347826086956
CUST_8347,51,Male,Germany,214.18,12,324,0,Beauty,92.7,37,0.27,2204,2570.16,0.3157894736842105,0.0369230769230769
CUST_4195,60,Female,France,119.98,12,294,0,Electronics,41.1,14,0.26,1217,1439.76,0.8,0.0406779661016949
CUST_2404,27,Female,China,96.19,9,208,0,Home,26.2,10,0.31,2070,865.71,0.8181818181818182,0.0430622009569378
CUST_7940,47,Female,UK,111.71,11,156,0,Electronics,24.6,65,0.27,1573,1228.81,0.1666666666666666,0.0700636942675159
CUST_5290,39,Male,China,39.75,16,74,0,Electronics,58.6,64,0.49,1140,636.0,0.2461538461538461,0.2133333333333333
CUST_4982,23,Male,India,198.19,14,341,0,Sports,97.8,41,0.17,1653,2774.66,0.3333333333333333,0.0409356725146198
CUST_6555,67,Male,Germany,157.66,11,286,0,Electronics,97.4,21,0.37,1275,1734.26,0.5,0.0383275261324041
CUST_8954,19,Female,Japan,84.53,6,230,0,Electronics,98.2,69,0.18,680,507.18,0.0857142857142857,0.0259740259740259
CUST_5713,47,Female,Germany,99.91,7,64,0,Beauty,38.7,9,0.46,1026,699.37,0.7,0.1076923076923077
CUST_4092,19,Male,Japan,108.02,9,270,0,Fashion,91.4,9,0.03,899,972.18,0.9,0.033210332103321
CUST_5159,49,Female,UK,181.35,7,82,0,Electronics,44.4,18,0.27,1975,1269.45,0.3684210526315789,0.0843373493975903
CUST_7308,59,Female,China,175.23,8,73,0,Electronics,51.1,69,0.13,1386,1401.84,0.1142857142857142,0.1081081081081081
CUST_8478,33,Female,Germany,24.71,11,264,0,Sports,52.0,62,0.2,2078,271.81,0.1746031746031746,0.0415094339622641
CUST_9476,29,Other,Brazil,58.87,13,268,0,Home,6.4,16,0.4,574,765.31,0.7647058823529411,0.0483271375464684
CUST_5933,18,Male,Australia,112.73,16,300,0,Sports,17.7,98,0.05,2172,1803.68,0.1616161616161616,0.0531561461794019
CUST_5926,70,Other,UK,150.8,11,89,0,Home,88.6,4,0.01,1497,1658.8000000000002,2.2,0.1222222222222222
CUST_4969,25,Male,France,55.28,10,359,0,Home,89.6,21,0.32,1701,552.8,0.4545454545454545,0.0277777777777777
CUST_3965,65,Male,Brazil,126.97,10,299,0,Home,20.2,44,0.46,869,1269.7,0.2222222222222222,0.0333333333333333
CUST_5319,67,Female,Japan,105.09,12,1,0,Beauty,30.3,78,0.15,1104,1261.08,0.1518987341772152,6.0
CUST_9975,30,Other,Germany,119.83,11,175,0,Beauty,83.0,91,0.32,2205,1318.13,0.1195652173913043,0.0625
CUST_8108,32,Female,Japan,56.36,9,124,0,Fashion,20.4,76,0.26,1181,507.24,0.1168831168831168,0.072
CUST_4939,70,Female,Japan,81.83,4,267,0,Home,88.1,27,0.61,1374,327.32,0.1428571428571428,0.0149253731343283
CUST_1044,61,Female,UK,123.98,12,214,0,Beauty,82.3,34,0.22,715,1487.76,0.3428571428571428,0.055813953488372
CUST_2810,25,Female,Brazil,120.03,10,66,0,Beauty,80.8,4,0.18,2069,1200.3,2.0,0.1492537313432835
CUST_5566,27,Male,Germany,113.0,13,177,0,Electronics,89.2,51,0.12,510,1469.0,0.25,0.0730337078651685
CUST_2909,63,Female,China,36.64,14,266,1,Home,88.7,2,0.28,1127,512.96,4.666666666666667,0.0524344569288389
CUST_7364,22,Female,USA,73.84,11,4,0,Sports,50.95,32,0.45,1698,812.24,0.3333333333333333,2.2
CUST_3581,67,Female,Canada,51.25,11,300,0,Electronics,88.0,2,0.67,570,563.75,3.6666666666666665,0.0365448504983388
CUST_1691,36,Male,Canada,121.78,5,201,0,Beauty,60.7,58,0.25,709,608.9,0.0847457627118644,0.0247524752475247
CUST_1931,64,Female,UK,232.1,12,116,0,Beauty,15.8,22,0.28,1575,2785.2,0.5217391304347826,0.1025641025641025
CUST_8910,55,Other,France,100.03,10,335,0,Beauty,60.9,19,0.36,1199,1000.3,0.5,0.0297619047619047
CUST_7382,76,Female,India,180.45,13,349,0,Beauty,94.2,90,0.3,1027,2345.85,0.1428571428571428,0.0371428571428571
CUST_4406,28,Other,USA,93.19,7,231,0,Sports,96.8,20,0.16,1338,652.3299999999999,0.3333333333333333,0.0301724137931034
CUST_9339,70,Male,Germany,99.57,6,83,0,Fashion,72.8,18,0.22,2009,597.42,0.3157894736842105,0.0714285714285714
CUST_2032,60,Female,Canada,88.91,7,88,1,Fashion,69.4,50,0.02,1279,622.37,0.1372549019607843,0.0786516853932584
CUST_2311,37,Female,France,43.78,10,226,0,Home,93.8,14,0.48,851,437.8,0.6666666666666666,0.0440528634361233
CUST_9579,37,Female,India,60.4,12,110,0,Beauty,29.1,20,0.24,613,724.8,0.5714285714285714,0.1081081081081081
CUST_4121,38,Female,Brazil,86.45,13,322,0,Home,15.1,45,0.52,1706,1123.85,0.2826086956521739,0.0402476780185758
CUST_2873,35,Female,Germany,89.35,10,11,0,Sports,29.0,88,0.24,2007,893.5,0.1123595505617977,0.8333333333333334
CUST_7781,74,Female,Japan,340.83,7,26,0,Home,94.9,47,0.61,804,2385.81,0.1458333333333333,0.2592592592592592
CUST_4748,67,Female,France,67.96,11,104,0,Fashion,21.2,57,0.42,1900,747.56,0.1896551724137931,0.1047619047619047
CUST_1277,27,Male,Germany,228.05,17,85,0,Fashion,22.5,31,0.56,1712,3876.85,0.53125,0.1976744186046511
CUST_2859,51,Female,USA,41.18,15,155,0,Fashion,19.3,52,0.31,2168,617.7,0.2830188679245283,0.0961538461538461
CUST_6929,43,Male,Japan,269.52,13,198,0,Home,48.5,79,0.52,1318,3503.76,0.1625,0.0653266331658291
CUST_7792,47,Male,USA,125.38,10,136,0,Beauty,79.6,46,0.53,1370,1253.8,0.2127659574468085,0.072992700729927
CUST_5713,26,Female,Australia,57.62,12,30,1,Electronics,38.2,7,0.08,1745,691.4399999999999,1.5,0.3870967741935484
CUST_5675,63,Male,Canada,93.19,10,163,0,Fashion,10.0,49,0.19,1758,931.9,0.2,0.0609756097560975
CUST_2170,68,Female,India,91.28,10,112,0,Home,50.95,23,0.48,1067,912.8,0.4166666666666667,0.0884955752212389
CUST_9681,48,Male,France,36.39,10,360,0,Electronics,61.0,93,0.17,1902,363.9,0.1063829787234042,0.0277008310249307
CUST_6308,59,Male,Japan,90.3,16,270,0,Fashion,47.9,41,0.29,1584,1444.8,0.3809523809523809,0.059040590405904
CUST_3462,72,Female,Canada,245.26,13,352,0,Fashion,96.4,4,0.23,704,3188.38,2.6,0.036827195467422
CUST_1287,21,Male,UK,41.8,10,286,0,Sports,47.0,95,0.38,1504,418.0,0.1041666666666666,0.0348432055749128
CUST_6953,78,Female,USA,153.49,4,257,1,Fashion,73.3,82,0.53,794,613.96,0.0481927710843373,0.0155038759689922
CUST_5282,78,Male,Australia,163.99,8,200,0,Electronics,15.9,31,0.47,1954,1311.92,0.25,0.0398009950248756
CUST_2907,23,Male,USA,29.7,9,298,0,Electronics,41.7,47,0.06,1712,267.3,0.1875,0.0301003344481605
CUST_2161,31,Male,Germany,64.5,5,0,0,Beauty,50.95,18,0.65,848,322.5,0.2631578947368421,5.0
CUST_1129,21,Male,Brazil,186.82,8,210,0,Electronics,34.8,74,0.32,648,1494.56,0.1066666666666666,0.0379146919431279
CUST_7337,43,Female,Australia,46.11,11,264,0,Home,48.0,7,0.55,444,507.21,1.375,0.0415094339622641
CUST_3363,64,Male,Australia,151.08,13,187,0,Home,17.4,38,0.17,1804,1964.04,0.3333333333333333,0.0691489361702127
CUST_9151,65,Female,India,45.14,11,356,0,Fashion,80.3,45,0.46,608,496.54,0.2391304347826087,0.0308123249299719
CUST_6983,56,Other,France,43.73,9,240,0,Beauty,37.6,28,0.35,1236,393.57,0.3103448275862069,0.0373443983402489
CUST_1143,34,Female,UK,178.09,13,192,0,Fashion,89.7,59,0.44,1401,2315.17,0.2166666666666666,0.0673575129533678
CUST_9207,36,Female,UK,59.88,15,109,0,Beauty,67.5,18,0.06,1760,898.2,0.7894736842105263,0.1363636363636363
CUST_8469,78,Male,India,54.29,10,110,0,Sports,17.7,95,0.09,528,542.9,0.1041666666666666,0.09009009009009
CUST_1244,68,Male,USA,41.85,9,64,0,Beauty,64.2,9,0.51,1168,376.65,0.9,0.1384615384615384
CUST_1926,66,Female,China,24.86,9,64,0,Sports,2.3,16,0.42,1032,223.74,0.5294117647058824,0.1384615384615384
CUST_4178,23,Female,Canada,69.96,9,316,0,Sports,80.7,62,0.2,1091,629.64,0.1428571428571428,0.028391167192429
CUST_3176,46,Female,China,248.88,11,234,0,Fashion,97.4,40,0.29,1422,2737.68,0.2682926829268293,0.0468085106382978
CUST_6002,28,Female,Germany,43.27,8,94,0,Home,67.8,89,0.34,1628,346.16,0.0888888888888888,0.0842105263157894
CUST_1886,33,Male,UK,163.51,13,196,0,Beauty,50.95,94,0.09,1024,2125.63,0.1368421052631579,0.065989847715736
CUST_9532,47,Male,France,93.19,7,290,0,Fashion,29.5,58,0.16,1675,652.3299999999999,0.1186440677966101,0.0240549828178694
CUST_4398,42,Female,Brazil,141.58,6,195,0,Sports,50.95,66,0.21,420,849.48,0.0895522388059701,0.0306122448979591
CUST_9497,57,Female,USA,59.56,11,37,0,Sports,42.5,69,0.69,1782,655.1600000000001,0.1571428571428571,0.2894736842105263
CUST_3654,28,Female,France,206.96,12,38,0,Electronics,11.2,94,0.41,1185,2483.52,0.1263157894736842,0.3076923076923077
CUST_8392,24,Female,France,58.54,7,148,0,Electronics,50.95,19,0.27,1030,409.78,0.35,0.046979865771812
CUST_2371,43,Male,Japan,65.27,11,163,0,Beauty,49.5,78,0.3,1147,717.9699999999999,0.1392405063291139,0.0670731707317073
CUST_8135,73,Male,Australia,83.58,9,219,0,Home,49.0,27,0.1,1957,752.22,0.3214285714285714,0.0409090909090909
CUST_1320,39,Female,Canada,93.19,12,275,0,Electronics,50.95,30,0.27,858,1118.28,0.3870967741935484,0.0434782608695652
CUST_5654,42,Female,Australia,94.28,9,42,0,Sports,17.1,45,0.11,1594,848.52,0.1956521739130435,0.2093023255813953
CUST_6300,36,Female,France,93.19,7,237,0,Fashion,81.0,78,0.03,604,652.3299999999999,0.0886075949367088,0.0294117647058823
CUST_7761,48,Male,India,181.77,20,162,0,Home,36.6,31,0.34,1339,3635.4,0.625,0.1226993865030674
CUST_7854,43,Male,China,230.51,7,319,0,Beauty,8.0,36,0.24,1102,1613.57,0.1891891891891892,0.021875
CUST_6505,59,Female,Japan,206.18,10,106,0,Fashion,19.0,39,0.32,642,2061.8,0.25,0.0934579439252336
CUST_7553,58,Male,Australia,77.09,9,287,0,Beauty,25.3,50,0.18,804,693.8100000000001,0.1764705882352941,0.03125
CUST_5042,53,Female,Germany,261.83,15,291,0,Fashion,17.8,94,0.22,1432,3927.45,0.1578947368421052,0.0513698630136986
CUST_8498,40,Other,Brazil,114.33,6,104,0,Fashion,24.2,38,0.23,1876,685.98,0.1538461538461538,0.0571428571428571
CUST_7636,64,Female,Brazil,113.83,13,68,0,Home,99.6,11,0.31,2180,1479.79,1.0833333333333333,0.1884057971014492
CUST_8362,30,Male,Canada,63.69,12,108,0,Beauty,53.8,81,0.17,1440,764.28,0.1463414634146341,0.110091743119266
CUST_1011,42,Female,Germany,29.11,8,179,1,Electronics,60.3,74,0.09,1379,232.88,0.1066666666666666,0.0444444444444444
CUST_1194,19,Male,Australia,29.14,11,131,0,Fashion,16.6,16,0.22,606,320.54,0.6470588235294118,0.0833333333333333
CUST_3537,19,Male,Australia,93.19,14,6,0,Fashion,4.4,51,0.54,1642,1304.66,0.2692307692307692,2.0
CUST_3842,33,Male,France,118.16,12,339,0,Electronics,31.0,75,0.04,1042,1417.92,0.1578947368421052,0.0352941176470588
CUST_3229,26,Male,Australia,131.13,10,148,0,Home,77.0,39,0.2,1170,1311.3,0.25,0.0671140939597315
CUST_4009,45,Other,Germany,49.9,9,184,0,Home,55.9,92,0.08,1480,449.1,0.0967741935483871,0.0486486486486486
CUST_8984,30,Male,Brazil,20.96,6,155,0,Home,1.1,85,0.3,1869,125.76,0.0697674418604651,0.0384615384615384
CUST_3077,52,Male,France,96.76,9,289,0,Sports,78.9,92,0.18,1977,870.84,0.0967741935483871,0.0310344827586206
CUST_8845,58,Other,USA,53.83,9,244,0,Sports,10.4,23,0.33,740,484.47,0.375,0.036734693877551
CUST_4867,30,Male,Germany,80.3,9,271,0,Home,44.0,65,0.21,2160,722.6999999999999,0.1363636363636363,0.0330882352941176
CUST_5873,48,Female,India,125.63,6,37,0,Home,99.9,49,0.21,832,753.78,0.12,0.1578947368421052
CUST_9635,38,Male,Australia,248.79,13,114,0,Electronics,12.1,61,0.09,1207,3234.27,0.2096774193548387,0.1130434782608695
CUST_1297,49,Male,Brazil,72.43,10,336,0,Sports,81.5,54,0.52,1231,724.3000000000001,0.1818181818181818,0.029673590504451
CUST_6856,71,Other,China,97.92,5,118,0,Beauty,79.9,13,0.14,1589,489.6,0.3571428571428571,0.042016806722689
CUST_2015,51,Male,Australia,19.68,13,131,0,Home,44.5,72,0.18,1773,255.84,0.1780821917808219,0.0984848484848484
CUST_2384,25,Female,India,125.4,9,55,0,Home,98.8,83,0.69,2168,1128.6,0.1071428571428571,0.1607142857142857
CUST_9745,76,Male,Brazil,294.41,11,119,0,Home,30.8,24,0.04,1097,3238.51,0.44,0.0916666666666666
CUST_3350,58,Male,Canada,165.66,8,49,0,Fashion,31.6,49,0.07,1848,1325.28,0.16,0.16
CUST_2269,65,Male,Australia,183.23,10,364,0,Sports,15.2,37,0.38,1578,1832.3,0.2631578947368421,0.0273972602739726
CUST_2260,19,Male,France,26.83,10,361,0,Beauty,37.0,89,0.41,1057,268.29999999999995,0.1111111111111111,0.0276243093922651
CUST_8701,55,Male,Japan,125.47,12,81,0,Fashion,29.6,26,0.29,1429,1505.64,0.4444444444444444,0.1463414634146341
CUST_9376,49,Female,Germany,87.14,15,48,1,Fashion,60.4,42,0.17,2236,1307.1,0.3488372093023256,0.3061224489795918
CUST_5563,71,Female,India,14.04,11,47,0,Beauty,4.1,91,0.37,445,154.44,0.1195652173913043,0.2291666666666666
CUST_7897,57,Male,Australia,125.07,7,133,0,Beauty,31.0,96,0.6,1036,875.49,0.0721649484536082,0.0522388059701492
CUST_6672,75,Male,USA,52.94,8,237,0,Beauty,0.5,3,0.22,815,423.52,2.0,0.0336134453781512
CUST_6593,45,Other,China,39.58,17,334,0,Beauty,0.6,61,0.38,2046,672.86,0.2741935483870967,0.0507462686567164
CUST_7155,54,Other,Brazil,83.68,11,172,0,Beauty,82.0,43,0.33,1679,920.48,0.25,0.0635838150289017
CUST_6543,58,Female,India,49.22,5,144,0,Home,75.0,73,0.63,845,246.1,0.0675675675675675,0.0344827586206896
CUST_8240,18,Female,Germany,78.12,10,186,0,Beauty,74.4,65,0.3,1410,781.2,0.1515151515151515,0.053475935828877
CUST_5683,58,Male,Australia,223.02,12,119,0,Beauty,35.4,18,0.23,868,2676.24,0.631578947368421,0.1
CUST_2881,27,Male,USA,67.6,14,183,0,Sports,69.9,67,0.37,667,946.4,0.2058823529411764,0.0760869565217391
CUST_9713,72,Female,Brazil,140.46,3,356,0,Home,25.7,14,0.06,442,421.38,0.2,0.0084033613445378
CUST_4809,21,Female,Germany,35.7,5,362,0,Fashion,30.9,64,0.18,2055,178.5,0.0769230769230769,0.0137741046831955
CUST_6807,52,Female,Brazil,93.19,9,78,0,Home,56.2,32,0.07,1492,838.71,0.2727272727272727,0.1139240506329113
CUST_5883,79,Male,Germany,106.97,13,162,0,Electronics,50.95,68,0.29,1174,1390.61,0.1884057971014492,0.0797546012269938
CUST_8206,27,Other,Australia,144.62,9,7,0,Beauty,26.6,60,0.16,1920,1301.58,0.1475409836065573,1.125
CUST_5155,64,Female,Japan,51.61,11,98,0,Fashion,67.9,21,0.59,421,567.71,0.5,0.1111111111111111
CUST_5673,28,Male,UK,116.38,10,316,0,Electronics,96.2,27,0.23,1149,1163.8,0.3571428571428571,0.0315457413249211
CUST_2409,31,Female,France,375.82,8,355,0,Fashion,49.4,5,0.32,2014,3006.56,1.3333333333333333,0.0224719101123595
CUST_6197,55,Male,Japan,140.24,13,26,0,Home,40.7,67,0.08,1319,1823.12,0.1911764705882352,0.4814814814814814
CUST_8452,29,Male,UK,87.97,14,275,0,Electronics,23.2,86,0.26,1991,1231.58,0.160919540229885,0.0507246376811594
CUST_9718,62,Male,Australia,108.13,6,312,0,Beauty,35.6,84,0.06,1770,648.78,0.0705882352941176,0.0191693290734824
CUST_3172,34,Male,Australia,53.95,9,278,0,Beauty,52.9,41,0.2,1882,485.55,0.2142857142857142,0.032258064516129
CUST_1279,33,Male,Australia,115.98,18,355,0,Electronics,94.4,2,0.11,932,2087.64,6.0,0.0505617977528089
CUST_4977,52,Female,UK,130.44,12,203,0,Home,26.1,43,0.58,1623,1565.28,0.2727272727272727,0.0588235294117647
CUST_3669,19,Male,USA,93.19,9,159,0,Electronics,23.1,1,0.36,1620,838.71,4.5,0.05625
CUST_8825,28,Female,India,36.74,11,177,0,Home,96.1,23,0.38,1223,404.14,0.4583333333333333,0.0617977528089887
CUST_4981,78,Male,UK,44.42,7,191,0,Fashion,60.6,63,0.14,804,310.94,0.109375,0.0364583333333333
CUST_5769,58,Male,China,33.54,12,39,0,Home,73.5,48,0.44,641,402.48,0.2448979591836734,0.3
CUST_6247,20,Female,India,50.42,13,359,0,Electronics,83.0,25,0.1,1235,655.46,0.5,0.0361111111111111
CUST_5427,46,Female,China,36.67,8,235,0,Electronics,8.2,90,0.3,423,293.36,0.0879120879120879,0.0338983050847457
CUST_7135,35,Other,Germany,46.42,4,32,0,Fashion,48.5,67,0.55,978,185.68,0.0588235294117647,0.1212121212121212
CUST_6573,37,Other,France,37.54,15,28,0,Electronics,14.0,95,0.25,2193,563.1,0.15625,0.5172413793103449
CUST_5131,64,Male,France,64.2,9,32,0,Sports,62.4,91,0.37,1246,577.8000000000001,0.0978260869565217,0.2727272727272727
CUST_8189,31,Male,France,35.97,10,99,0,Electronics,95.4,77,0.42,976,359.7,0.1282051282051282,0.1
CUST_5535,51,Female,Canada,87.83,9,144,0,Sports,5.6,47,0.52,1730,790.47,0.1875,0.0620689655172413
CUST_3776,66,Other,UK,50.37,12,329,0,Electronics,27.4,97,0.22,759,604.4399999999999,0.1224489795918367,0.0363636363636363
CUST_8697,71,Female,USA,91.9,12,64,0,Electronics,100.0,89,0.47,1060,1102.8000000000002,0.1333333333333333,0.1846153846153846
CUST_9386,48,Female,Germany,180.44,9,121,0,Fashion,0.5,56,0.3,941,1623.96,0.1578947368421052,0.0737704918032786
CUST_1662,75,Female,Australia,307.99,15,42,0,Sports,14.0,59,0.56,808,4619.85,0.25,0.3488372093023256
CUST_9671,57,Male,UK,115.83,10,208,0,Fashion,8.1,16,0.62,1948,1158.3,0.5882352941176471,0.0478468899521531
CUST_9044,59,Female,China,28.08,13,229,0,Sports,76.4,47,0.21,1691,365.04,0.2708333333333333,0.0565217391304347
CUST_5218,75,Female,China,41.14,7,126,0,Sports,75.1,90,0.26,823,287.98,0.0769230769230769,0.0551181102362204
CUST_6060,35,Female,India,113.4,14,355,0,Beauty,77.8,54,0.22,1525,1587.6,0.2545454545454545,0.0393258426966292
CUST_6874,47,Male,Australia,99.45,10,185,1,Sports,77.5,47,0.03,971,994.5,0.2083333333333333,0.053763440860215
CUST_6581,42,Male,Canada,93.19,11,236,0,Fashion,83.5,52,0.21,1330,1025.09,0.2075471698113207,0.0464135021097046
CUST_3014,78,Male,China,248.77,11,90,0,Fashion,77.3,18,0.11,1148,2736.4700000000003,0.5789473684210527,0.1208791208791208
CUST_4789,36,Male,France,41.67,9,42,0,Home,48.4,81,0.24,2143,375.03,0.1097560975609756,0.2093023255813953
CUST_8148,25,Other,India,179.43,10,45,0,Electronics,74.5,46,0.21,1551,1794.3000000000002,0.2127659574468085,0.217391304347826
CUST_8766,45,Male,Japan,30.82,10,24,0,Beauty,59.8,89,0.18,492,308.2,0.1111111111111111,0.4
CUST_3364,25,Male,Brazil,188.69,9,353,0,Electronics,36.7,26,0.18,920,1698.21,0.3333333333333333,0.0254237288135593
CUST_4629,48,Male,India,205.75,13,194,0,Fashion,83.7,18,0.29,471,2674.75,0.6842105263157895,0.0666666666666666
CUST_6919,20,Female,India,44.88,16,348,0,Beauty,50.95,49,0.08,1666,718.08,0.32,0.0458452722063037
CUST_6675,20,Female,China,36.0,11,98,0,Sports,17.3,65,0.32,1167,396.0,0.1666666666666666,0.1111111111111111
CUST_9872,61,Male,UK,43.55,3,255,0,Fashion,2.4,7,0.41,1547,130.64999999999998,0.375,0.01171875
CUST_7638,39,Male,Australia,348.62,13,360,0,Fashion,31.6,30,0.72,1816,4532.06,0.4193548387096774,0.0360110803324099
CUST_5651,34,Male,Japan,197.61,10,329,0,Fashion,40.4,97,0.5,436,1976.1,0.1020408163265306,0.0303030303030303
CUST_1609,53,Female,France,93.19,13,293,0,Fashion,17.4,25,0.09,1858,1211.47,0.5,0.0442176870748299
CUST_8940,34,Male,UK,118.94,9,245,1,Beauty,85.5,25,0.22,1637,1070.46,0.3461538461538461,0.0365853658536585
CUST_4866,31,Other,Germany,219.22,4,165,0,Electronics,3.4,27,0.33,2017,876.88,0.1428571428571428,0.0240963855421686
CUST_1371,68,Female,China,109.54,18,256,0,Electronics,48.4,35,0.18,2087,1971.72,0.5,0.0700389105058365
CUST_7998,26,Male,Australia,28.36,10,309,0,Sports,5.5,82,0.43,2111,283.6,0.1204819277108433,0.032258064516129
CUST_1615,79,Female,USA,83.95,7,351,0,Fashion,53.7,30,0.32,746,587.65,0.2258064516129032,0.0198863636363636
CUST_7911,47,Male,France,33.34,10,277,0,Fashion,46.4,14,0.65,1025,333.40000000000003,0.6666666666666666,0.0359712230215827
CUST_7010,38,Female,UK,114.01,10,188,0,Electronics,78.0,35,0.44,1555,1140.1,0.2777777777777778,0.0529100529100529
CUST_3253,29,Male,France,106.14,12,185,0,Sports,69.0,34,0.2,550,1273.68,0.3428571428571428,0.064516129032258
CUST_5942,54,Female,Australia,66.28,13,181,0,Home,84.4,84,0.34,1244,861.64,0.1529411764705882,0.0714285714285714
CUST_1864,49,Female,Germany,26.51,11,274,0,Beauty,54.4,15,0.05,2155,291.61,0.6875,0.04
CUST_2268,28,Other,Germany,73.54,12,226,0,Electronics,82.2,7,0.27,561,882.48,1.5,0.052863436123348
CUST_8454,37,Male,France,166.74,13,33,0,Beauty,71.9,13,0.43,1640,2167.62,0.9285714285714286,0.3823529411764705
CUST_9976,52,Male,Germany,41.6,7,206,0,Electronics,78.0,40,0.21,1407,291.2,0.1707317073170731,0.0338164251207729
CUST_5571,70,Female,UK,102.38,11,43,0,Sports,60.1,60,0.17,1202,1126.1799999999998,0.180327868852459,0.25
CUST_6229,64,Other,France,270.78,8,244,0,Fashion,72.0,34,0.59,1299,2166.24,0.2285714285714285,0.0326530612244898
CUST_3237,63,Other,UK,338.37,13,253,0,Home,50.95,13,0.33,1433,4398.81,0.9285714285714286,0.0511811023622047
CUST_5054,28,Male,Germany,53.6,3,108,0,Beauty,8.5,4,0.12,756,160.8,0.6,0.0275229357798165
CUST_1935,69,Male,Canada,157.84,8,322,0,Home,41.7,13,0.15,1105,1262.72,0.5714285714285714,0.0247678018575851
CUST_7394,25,Female,Brazil,23.43,14,113,0,Fashion,17.3,48,0.25,1338,328.02,0.2857142857142857,0.1228070175438596
CUST_8891,21,Male,USA,237.9,8,277,0,Electronics,62.9,13,0.11,812,1903.2,0.5714285714285714,0.0287769784172661
CUST_1325,44,Male,China,187.39,9,236,0,Sports,26.3,87,0.13,726,1686.5099999999998,0.1022727272727272,0.0379746835443038
CUST_8774,61,Male,Australia,194.07,17,28,0,Fashion,95.8,93,0.27,651,3299.19,0.1808510638297872,0.5862068965517241
CUST_4861,57,Female,USA,93.19,13,221,0,Home,27.1,33,0.2,605,1211.47,0.3823529411764705,0.0585585585585585
CUST_2985,55,Other,UK,46.33,13,317,0,Home,9.8,23,0.68,1354,602.29,0.5416666666666666,0.040880503144654
CUST_5932,64,Other,Brazil,149.66,7,270,0,Home,88.1,67,0.43,948,1047.62,0.1029411764705882,0.025830258302583
CUST_5603,47,Male,Brazil,69.08,4,241,0,Electronics,41.4,32,0.23,1458,276.32,0.1212121212121212,0.0165289256198347
CUST_3778,61,Female,Canada,39.74,10,96,0,Home,35.6,55,0.31,562,397.4,0.1785714285714285,0.1030927835051546
CUST_9832,65,Female,Japan,193.14,7,342,0,Electronics,88.5,3,0.17,591,1351.98,1.75,0.0204081632653061
CUST_8754,65,Male,Japan,31.88,10,262,0,Home,65.3,12,0.32,1193,318.8,0.7692307692307693,0.0380228136882129
CUST_5078,44,Female,UK,93.19,6,339,0,Beauty,53.2,56,0.33,1517,559.14,0.1052631578947368,0.0176470588235294
CUST_2367,38,Male,Brazil,65.51,10,6,0,Beauty,32.7,68,0.04,468,655.1,0.144927536231884,1.4285714285714286
CUST_5042,69,Male,Canada,59.01,10,272,0,Fashion,29.2,33,0.15,669,590.1,0.2941176470588235,0.0366300366300366
CUST_3575,37,Male,China,48.87,12,287,0,Fashion,58.0,32,0.59,2144,586.4399999999999,0.3636363636363636,0.0416666666666666
CUST_7754,77,Male,China,110.63,14,334,0,Sports,50.1,17,0.14,624,1548.82,0.7777777777777778,0.0417910447761194
CUST_2581,21,Female,USA,89.57,9,204,0,Home,27.6,52,0.23,662,806.1299999999999,0.1698113207547169,0.0439024390243902
CUST_2986,28,Male,France,120.2,11,183,0,Home,18.4,73,0.09,1105,1322.2,0.1486486486486486,0.0597826086956521
CUST_3240,30,Male,Australia,124.66,9,317,0,Electronics,81.8,5,0.28,476,1121.94,1.5,0.0283018867924528
CUST_4966,78,Male,Canada,52.65,9,57,0,Fashion,68.8,21,0.28,2071,473.85,0.4090909090909091,0.1551724137931034
CUST_8604,26,Female,France,34.41,6,110,0,Beauty,99.3,3,0.16,1113,206.46,1.5,0.054054054054054
CUST_9320,21,Female,Germany,68.86,11,185,0,Electronics,50.95,67,0.11,991,757.46,0.1617647058823529,0.0591397849462365
CUST_6968,29,Female,China,64.01,15,130,0,Beauty,99.4,37,0.28,1172,960.15,0.3947368421052631,0.1145038167938931
CUST_8493,26,Female,UK,93.19,8,88,0,Electronics,46.1,35,0.4,1973,745.52,0.2222222222222222,0.0898876404494382
CUST_5103,30,Male,Canada,63.32,15,335,0,Fashion,53.5,33,0.11,1096,949.8,0.4411764705882353,0.0446428571428571
CUST_3076,65,Male,Brazil,159.07,10,117,0,Home,20.9,54,0.65,701,1590.6999999999998,0.1818181818181818,0.0847457627118644
CUST_6231,43,Female,India,171.86,11,256,0,Home,15.0,3,0.2,1169,1890.46,2.75,0.0428015564202334
CUST_3994,55,Male,India,95.14,10,109,0,Fashion,94.0,48,0.1,845,951.4,0.2040816326530612,0.0909090909090909
CUST_4744,59,Male,China,68.65,5,66,0,Beauty,98.1,18,0.29,708,343.25,0.2631578947368421,0.0746268656716417
CUST_6594,30,Female,Canada,124.86,10,147,0,Sports,54.8,3,0.22,1455,1248.6,2.5,0.0675675675675675
CUST_8531,56,Male,France,47.92,13,219,1,Sports,27.2,93,0.61,1583,622.96,0.1382978723404255,0.059090909090909
CUST_8371,45,Male,France,105.93,15,213,0,Fashion,95.1,5,0.35,1772,1588.95,2.5,0.0700934579439252
CUST_2644,75,Female,Canada,133.65,11,61,0,Electronics,79.7,9,0.21,1390,1470.15,1.1,0.1774193548387097
CUST_4144,36,Male,Australia,117.83,9,55,0,Home,18.0,76,0.4,1339,1060.47,0.1168831168831168,0.1607142857142857
CUST_1242,41,Female,China,148.69,14,311,0,Beauty,29.8,16,0.17,1786,2081.66,0.8235294117647058,0.0448717948717948
CUST_5085,36,Female,Germany,71.54,6,333,0,Sports,0.4,91,0.09,1319,429.24,0.0652173913043478,0.0179640718562874
CUST_8954,66,Female,USA,35.35,13,334,0,Home,58.2,73,0.26,1083,459.55,0.1756756756756756,0.0388059701492537
CUST_8269,30,Female,Canada,178.71,9,95,0,Fashion,52.6,50,0.56,2029,1608.39,0.1764705882352941,0.09375
CUST_8130,30,Male,Australia,87.89,8,145,0,Home,16.4,57,0.54,1327,703.12,0.1379310344827586,0.0547945205479452
CUST_7828,75,Male,India,62.73,9,47,0,Sports,33.9,57,0.08,1886,564.5699999999999,0.1551724137931034,0.1875
CUST_9362,45,Male,France,56.93,7,293,0,Beauty,93.9,86,0.41,1390,398.51,0.0804597701149425,0.0238095238095238
CUST_9844,70,Male,UK,36.19,8,277,0,Electronics,64.9,17,0.16,1139,289.52,0.4444444444444444,0.0287769784172661
CUST_7331,19,Other,China,93.19,12,202,0,Electronics,86.3,65,0.34,1343,1118.28,0.1818181818181818,0.0591133004926108
CUST_4512,27,Female,France,93.19,14,198,0,Home,83.8,57,0.44,1525,1304.66,0.2413793103448276,0.0703517587939698
CUST_2499,79,Male,Germany,22.39,9,328,0,Electronics,92.1,63,0.17,1863,201.51,0.140625,0.0273556231003039
CUST_3158,39,Male,Australia,107.48,9,123,0,Sports,4.2,67,0.2,2045,967.32,0.1323529411764706,0.0725806451612903
CUST_6162,30,Male,India,54.11,14,199,0,Beauty,26.2,5,0.09,2016,757.54,2.333333333333333,0.07
CUST_5039,75,Male,Germany,225.68,12,74,0,Electronics,41.6,22,0.1,635,2708.16,0.5217391304347826,0.16
CUST_3035,26,Male,USA,140.92,13,156,0,Electronics,64.0,1,0.14,1159,1831.96,6.5,0.0828025477707006
CUST_8977,50,Female,Japan,103.12,8,133,0,Fashion,60.8,47,0.16,1015,824.96,0.1666666666666666,0.0597014925373134
CUST_1857,31,Female,UK,155.02,10,311,0,Electronics,24.6,49,0.12,461,1550.2,0.2,0.032051282051282
CUST_4823,78,Female,USA,93.19,7,119,0,Electronics,19.3,4,0.09,1978,652.3299999999999,1.4,0.0583333333333333
CUST_7770,65,Male,China,166.41,11,11,0,Sports,43.7,22,0.1,2026,1830.51,0.4782608695652174,0.9166666666666666
CUST_1298,37,Male,France,138.9,10,234,0,Electronics,25.1,88,0.18,1703,1389.0,0.1123595505617977,0.0425531914893617
CUST_8244,32,Female,Brazil,169.65,8,294,0,Fashion,96.5,55,0.21,1986,1357.2,0.1428571428571428,0.0271186440677966
CUST_1923,49,Female,Brazil,179.05,7,107,0,Fashion,96.5,32,0.06,1801,1253.35,0.2121212121212121,0.0648148148148148
CUST_5232,50,Female,India,69.36,13,32,0,Fashion,11.3,66,0.26,1263,901.68,0.1940298507462686,0.3939393939393939
CUST_5306,34,Other,Canada,134.26,8,119,0,Electronics,70.5,69,0.03,1482,1074.08,0.1142857142857142,0.0666666666666666
CUST_3799,41,Female,France,70.25,8,255,0,Home,22.8,71,0.4,1252,562.0,0.1111111111111111,0.03125
CUST_7578,47,Female,Brazil,123.93,14,82,0,Home,71.7,8,0.05,1257,1735.02,1.5555555555555556,0.1686746987951807
CUST_5875,79,Male,Australia,37.14,14,180,0,Sports,76.7,36,0.14,503,519.96,0.3783783783783784,0.0773480662983425
CUST_6326,30,Female,Japan,145.54,7,227,0,Home,4.8,12,0.14,685,1018.78,0.5384615384615384,0.0307017543859649
CUST_7582,79,Male,India,278.89,14,274,0,Sports,69.5,28,0.45,704,3904.46,0.4827586206896552,0.0509090909090909
CUST_2802,76,Male,UK,81.89,11,185,0,Sports,89.7,2,0.33,2106,900.79,3.6666666666666665,0.0591397849462365
CUST_3657,64,Female,USA,87.5,11,340,0,Fashion,21.6,78,0.32,1110,962.5,0.1392405063291139,0.032258064516129
CUST_4346,65,Male,USA,52.61,11,210,0,Beauty,11.6,19,0.21,1132,578.71,0.55,0.0521327014218009
CUST_3949,33,Male,Brazil,218.16,9,248,0,Sports,56.7,85,0.43,602,1963.44,0.1046511627906976,0.036144578313253
CUST_1941,19,Male,India,106.57,7,42,0,Electronics,51.7,94,0.13,1329,745.99,0.0736842105263157,0.1627906976744186
CUST_2907,34,Male,Brazil,97.49,4,72,0,Fashion,88.6,49,0.47,2078,389.96,0.08,0.0547945205479452
CUST_5837,49,Male,USA,169.77,11,341,0,Electronics,45.1,37,0.57,905,1867.47,0.2894736842105263,0.0321637426900584
CUST_9105,60,Male,China,223.06,11,18,0,Electronics,41.4,52,0.03,726,2453.66,0.2075471698113207,0.5789473684210527
CUST_2243,25,Male,Germany,162.32,9,164,0,Home,71.4,85,0.59,1037,1460.88,0.1046511627906976,0.0545454545454545
CUST_6696,69,Male,France,206.75,13,266,0,Electronics,7.7,92,0.23,1538,2687.75,0.1397849462365591,0.048689138576779
CUST_2466,20,Other,India,197.88,5,127,0,Sports,5.7,60,0.25,842,989.4,0.081967213114754,0.0390625
CUST_4957,78,Male,Australia,405.53,17,354,0,Electronics,50.5,97,0.19,1738,6894.009999999999,0.173469387755102,0.0478873239436619
CUST_2966,29,Male,Brazil,94.14,8,300,0,Electronics,8.9,42,0.21,989,753.12,0.1860465116279069,0.0265780730897009
CUST_1375,37,Female,Brazil,51.51,4,317,0,Home,93.9,7,0.39,1947,206.04,0.5,0.0125786163522012
CUST_1262,33,Female,Canada,117.4,8,350,0,Electronics,65.4,42,0.06,1788,939.2,0.1860465116279069,0.0227920227920227
CUST_5362,31,Female,Japan,25.54,11,141,0,Sports,75.4,57,0.08,1332,280.94,0.1896551724137931,0.0774647887323943
CUST_7502,33,Male,UK,71.88,17,33,0,Sports,22.9,16,0.06,2154,1221.96,1.0,0.5
CUST_8833,76,Female,Brazil,118.5,16,97,0,Electronics,49.4,25,0.54,1468,1896.0,0.6153846153846154,0.1632653061224489
CUST_2893,70,Female,Australia,128.54,11,209,0,Sports,13.4,38,0.53,1702,1413.9399999999998,0.282051282051282,0.0523809523809523
CUST_9106,66,Female,UK,86.16,8,315,0,Sports,20.3,44,0.2,2077,689.28,0.1777777777777777,0.0253164556962025
CUST_2652,79,Female,Japan,137.64,7,319,0,Home,56.8,38,0.31,1169,963.48,0.1794871794871795,0.021875
CUST_6540,60,Female,Canada,128.32,6,197,0,Fashion,28.0,45,0.5,2005,769.92,0.1304347826086956,0.0303030303030303
CUST_4892,66,Female,Brazil,41.9,11,255,0,Fashion,91.7,30,0.49,472,460.9,0.3548387096774194,0.04296875
CUST_1599,68,Female,UK,131.14,7,41,0,Beauty,99.5,81,0.52,1715,917.98,0.0853658536585365,0.1666666666666666
CUST_5815,71,Male,UK,78.76,5,103,0,Fashion,0.4,16,0.17,819,393.8,0.2941176470588235,0.048076923076923
CUST_2912,50,Female,China,191.14,12,321,0,Electronics,50.95,4,0.19,1314,2293.68,2.4,0.0372670807453416
CUST_9792,47,Female,UK,71.8,19,188,0,Sports,11.5,94,0.02,728,1364.2,0.2,0.1005291005291005
CUST_9572,76,Male,USA,46.29,16,321,0,Fashion,57.5,84,0.07,2222,740.64,0.188235294117647,0.0496894409937888
CUST_5213,29,Other,Japan,96.48,11,342,0,Home,22.8,35,0.27,1803,1061.28,0.3055555555555556,0.032069970845481
CUST_4637,32,Male,Australia,70.69,9,61,0,Beauty,96.5,61,0.38,669,636.21,0.1451612903225806,0.1451612903225806
CUST_6599,35,Female,Canada,87.98,4,142,1,Electronics,87.6,5,0.22,1544,351.92,0.6666666666666666,0.0279720279720279
CUST_7448,45,Female,Japan,21.66,8,221,0,Fashion,50.95,78,0.14,818,173.28,0.1012658227848101,0.036036036036036
CUST_9557,79,Male,Germany,137.55,4,19,0,Sports,17.6,41,0.18,1664,550.2,0.0952380952380952,0.2
CUST_8382,40,Female,USA,126.13,14,279,0,Home,78.3,41,0.43,1424,1765.82,0.3333333333333333,0.05
CUST_9982,31,Male,Canada,224.79,10,264,0,Fashion,52.0,28,0.27,1562,2247.9,0.3448275862068966,0.0377358490566037
CUST_4569,47,Male,Germany,131.55,12,247,0,Sports,61.2,10,0.11,1911,1578.6,1.0909090909090908,0.0483870967741935
CUST_8707,50,Male,UK,85.55,10,115,0,Fashion,71.8,52,0.23,1435,855.5,0.1886792452830188,0.0862068965517241
CUST_1746,62,Male,Japan,37.67,10,254,0,Electronics,50.95,94,0.39,720,376.7000000000001,0.1052631578947368,0.0392156862745098
CUST_9504,79,Male,Australia,192.47,11,296,0,Beauty,0.8,32,0.33,1201,2117.17,0.3333333333333333,0.037037037037037
CUST_5633,32,Other,Canada,81.55,17,12,0,Sports,36.4,76,0.24,814,1386.35,0.2207792207792207,1.3076923076923077
CUST_1920,24,Other,France,42.49,11,45,0,Beauty,41.4,45,0.37,665,467.39,0.2391304347826087,0.2391304347826087
CUST_8008,32,Male,Germany,104.13,10,333,0,Beauty,36.7,16,0.15,1793,1041.3,0.5882352941176471,0.029940119760479
CUST_3381,69,Female,China,63.84,10,241,0,Home,83.1,90,0.18,634,638.4000000000001,0.1098901098901098,0.0413223140495867
CUST_4618,59,Male,USA,70.28,5,70,0,Sports,33.2,64,0.35,1627,351.4,0.0769230769230769,0.0704225352112676
CUST_9989,63,Male,USA,200.68,12,58,0,Home,41.6,35,0.3,2079,2408.16,0.3333333333333333,0.2033898305084746
CUST_5443,55,Male,China,57.67,9,203,0,Beauty,6.2,80,0.15,1146,519.03,0.1111111111111111,0.0441176470588235
CUST_1272,63,Other,USA,170.83,9,50,0,Electronics,71.7,17,0.1,1190,1537.47,0.5,0.1764705882352941
CUST_2773,73,Other,India,137.24,8,15,0,Electronics,21.5,87,0.29,1490,1097.92,0.0909090909090909,0.5
CUST_3547,74,Male,India,108.96,11,50,0,Fashion,23.5,42,0.08,1241,1198.56,0.2558139534883721,0.2156862745098039
CUST_4164,71,Male,Canada,78.04,10,223,0,Fashion,58.7,22,0.29,1091,780.4000000000001,0.4347826086956521,0.0446428571428571
CUST_5780,61,Male,France,55.59,16,127,0,Sports,98.4,50,0.31,1748,889.44,0.3137254901960784,0.125
CUST_1946,28,Female,Australia,158.9,5,169,0,Electronics,41.0,21,0.09,2120,794.5,0.2272727272727272,0.0294117647058823
CUST_1506,46,Female,UK,135.69,9,266,0,Beauty,32.7,98,0.36,931,1221.21,0.0909090909090909,0.0337078651685393
CUST_7719,48,Male,India,56.06,6,67,0,Electronics,3.6,46,0.19,1942,336.36,0.1276595744680851,0.088235294117647
CUST_9435,79,Female,Germany,71.23,13,120,0,Sports,78.7,57,0.25,1937,925.99,0.2241379310344827,0.1074380165289256
CUST_9697,42,Male,China,263.41,19,179,0,Fashion,26.1,5,0.34,832,5004.790000000001,3.1666666666666665,0.1055555555555555
CUST_7360,69,Other,Japan,120.24,15,225,0,Fashion,76.9,52,0.59,2137,1803.6,0.2830188679245283,0.0663716814159292
CUST_8657,71,Female,France,55.1,8,327,0,Home,28.2,31,0.3,1386,440.8,0.25,0.024390243902439
CUST_4590,41,Male,Australia,146.58,9,190,0,Fashion,3.0,33,0.26,1031,1319.22,0.2647058823529412,0.0471204188481675
CUST_2192,74,Female,Germany,113.02,13,300,0,Beauty,49.8,47,0.06,1688,1469.26,0.2708333333333333,0.0431893687707641
CUST_2464,36,Female,France,42.64,13,250,0,Sports,90.6,3,0.24,1325,554.32,3.25,0.0517928286852589
CUST_1390,19,Male,China,112.6,10,5,0,Fashion,21.1,53,0.07,1264,1126.0,0.1851851851851851,1.6666666666666667
CUST_6615,39,Male,Germany,75.35,11,261,0,Fashion,15.4,83,0.07,2214,828.8499999999999,0.1309523809523809,0.0419847328244274
CUST_7106,37,Other,China,29.8,11,90,0,Beauty,18.5,56,0.33,2178,327.8,0.1929824561403508,0.1208791208791208
CUST_9864,50,Male,Australia,75.44,6,193,0,Fashion,69.0,18,0.26,902,452.64,0.3157894736842105,0.0309278350515463
CUST_3560,25,Male,USA,65.64,7,328,0,Beauty,36.7,28,0.27,1523,459.48,0.2413793103448276,0.0212765957446808
CUST_6867,42,Female,UK,88.4,7,63,0,Fashion,25.6,15,0.08,1523,618.8000000000001,0.4375,0.109375
CUST_2211,63,Female,UK,84.4,10,293,0,Beauty,50.95,50,0.12,879,844.0,0.196078431372549,0.0340136054421768
CUST_2539,26,Female,Brazil,117.87,9,225,0,Fashion,30.9,33,0.03,1260,1060.83,0.2647058823529412,0.0398230088495575
CUST_1643,51,Other,India,102.11,15,333,0,Sports,54.4,28,0.34,2063,1531.65,0.5172413793103449,0.0449101796407185
CUST_9693,74,Female,Canada,184.76,12,62,0,Home,13.3,46,0.31,1044,2217.12,0.2553191489361702,0.1904761904761904
CUST_9921,40,Male,Japan,83.84,9,70,0,Home,50.9,72,0.38,1834,754.5600000000001,0.1232876712328767,0.1267605633802817
CUST_2283,22,Female,China,190.28,10,19,0,Electronics,31.2,94,0.27,542,1902.8,0.1052631578947368,0.5
CUST_8680,72,Female,Brazil,208.57,10,332,1,Home,93.3,1,0.21,1390,2085.7,5.0,0.03003003003003
CUST_8345,78,Male,Brazil,132.41,12,244,0,Beauty,42.2,71,0.13,417,1588.92,0.1666666666666666,0.0489795918367346
CUST_5386,42,Male,Brazil,30.66,9,63,0,Beauty,10.0,55,0.13,1814,275.94,0.1607142857142857,0.140625
CUST_1919,25,Male,China,86.26,12,292,0,Home,93.4,58,0.08,1802,1035.12,0.2033898305084746,0.0409556313993174
CUST_3339,33,Female,Australia,34.86,9,363,0,Beauty,93.8,78,0.54,576,313.74,0.1139240506329113,0.0247252747252747
CUST_9947,71,Female,China,97.47,11,224,0,Sports,17.5,21,0.11,1843,1072.17,0.5,0.0488888888888888
CUST_6930,65,Female,UK,200.44,12,265,0,Beauty,81.6,56,0.31,987,2405.28,0.2105263157894736,0.0451127819548872
CUST_6402,62,Other,China,70.93,10,161,0,Sports,86.2,70,0.4,2171,709.3000000000001,0.1408450704225352,0.0617283950617283
CUST_6663,69,Male,Australia,200.63,12,44,0,Sports,35.6,17,0.09,831,2407.56,0.6666666666666666,0.2666666666666666
CUST_6275,78,Other,France,108.98,9,318,0,Sports,16.0,78,0.39,1168,980.82,0.1139240506329113,0.0282131661442006
CUST_1507,32,Female,UK,128.08,12,268,0,Fashion,79.8,7,0.56,1049,1536.96,1.5,0.0446096654275092
CUST_2436,18,Male,USA,81.18,8,24,0,Electronics,2.8,79,0.27,1265,649.44,0.1,0.32
CUST_9750,39,Other,Germany,63.75,10,299,0,Beauty,61.9,72,0.3,1780,637.5,0.136986301369863,0.0333333333333333
CUST_8354,20,Male,USA,28.83,9,224,0,Fashion,34.2,60,0.02,1042,259.47,0.1475409836065573,0.04
CUST_5516,55,Female,Canada,57.0,7,73,0,Electronics,59.6,48,0.22,1543,399.0,0.1428571428571428,0.0945945945945946
CUST_4622,71,Female,USA,133.35,15,115,0,Fashion,78.9,10,0.14,1590,2000.25,1.3636363636363635,0.1293103448275862
CUST_5399,31,Female,UK,56.06,14,151,0,Beauty,82.9,93,0.05,1791,784.84,0.1489361702127659,0.0921052631578947
CUST_6037,53,Female,USA,73.87,9,68,0,Sports,99.8,41,0.34,613,664.83,0.2142857142857142,0.1304347826086956
CUST_9111,35,Male,India,243.68,16,201,0,Fashion,64.0,19,0.13,1226,3898.88,0.8,0.0792079207920792
CUST_4715,64,Female,USA,182.83,5,302,0,Electronics,22.3,62,0.47,1658,914.15,0.0793650793650793,0.0165016501650165
CUST_8837,58,Male,Japan,146.24,7,90,0,Electronics,50.95,66,0.08,413,1023.68,0.1044776119402985,0.0769230769230769
CUST_2301,35,Female,Canada,144.57,5,49,0,Electronics,43.6,8,0.12,1961,722.8499999999999,0.5555555555555556,0.1
CUST_8370,20,Female,Germany,75.96,15,288,0,Fashion,84.8,30,0.34,800,1139.4,0.4838709677419355,0.0519031141868512
CUST_6185,27,Other,Australia,181.78,8,91,0,Electronics,36.7,36,0.7,1731,1454.24,0.2162162162162162,0.0869565217391304
CUST_3155,66,Male,Japan,46.84,11,359,0,Home,68.8,50,0.29,1954,515.24,0.2156862745098039,0.0305555555555555
CUST_7411,56,Female,Japan,44.41,3,234,0,Electronics,4.5,82,0.27,2014,133.23,0.036144578313253,0.0127659574468085
CUST_7365,64,Other,Japan,69.75,19,315,0,Electronics,43.0,2,0.03,793,1325.25,6.333333333333333,0.060126582278481
CUST_1692,18,Female,Australia,69.33,16,28,0,Fashion,16.7,5,0.21,827,1109.28,2.6666666666666665,0.5517241379310345
CUST_2478,44,Male,India,123.3,10,171,0,Beauty,93.8,46,0.76,2209,1233.0,0.2127659574468085,0.0581395348837209
CUST_7396,74,Male,India,108.85,15,172,0,Fashion,79.1,77,0.09,838,1632.75,0.1923076923076923,0.0867052023121387
CUST_9448,44,Male,Australia,49.83,5,235,0,Fashion,13.9,40,0.43,1307,249.15,0.1219512195121951,0.0211864406779661
CUST_1441,28,Female,France,148.17,9,41,0,Home,40.2,57,0.2,1091,1333.53,0.1551724137931034,0.2142857142857142
CUST_3646,66,Female,China,26.36,6,148,0,Beauty,8.1,11,0.22,1131,158.16,0.5,0.0402684563758389
CUST_6209,22,Other,China,225.63,12,287,0,Fashion,74.7,72,0.15,907,2707.56,0.1643835616438356,0.0416666666666666
CUST_7533,24,Male,India,97.4,6,212,0,Home,19.1,38,0.3,1752,584.4000000000001,0.1538461538461538,0.028169014084507
CUST_5677,36,Male,UK,126.38,7,174,0,Fashion,80.4,17,0.08,1167,884.66,0.3888888888888889,0.04
CUST_8211,74,Female,Australia,103.16,11,98,0,Home,7.4,75,0.27,1363,1134.76,0.1447368421052631,0.1111111111111111
CUST_3645,73,Female,India,53.25,8,119,0,Sports,57.3,26,0.52,510,426.0,0.2962962962962963,0.0666666666666666
CUST_9210,46,Other,UK,93.19,15,302,0,Electronics,60.8,39,0.23,1684,1397.85,0.375,0.0495049504950495
CUST_8933,32,Female,China,40.37,11,16,0,Electronics,33.4,98,0.17,790,444.07,0.1111111111111111,0.6470588235294118
CUST_6476,52,Male,USA,95.83,7,28,0,Fashion,50.95,67,0.3,1987,670.81,0.1029411764705882,0.2413793103448276
CUST_8928,64,Female,India,138.48,14,47,0,Home,32.4,25,0.08,1834,1938.72,0.5384615384615384,0.2916666666666667
CUST_3080,54,Female,Canada,107.4,16,288,0,Sports,49.6,88,0.51,1309,1718.4,0.1797752808988764,0.0553633217993079
CUST_7089,72,Female,USA,228.3,12,127,0,Electronics,96.9,87,0.12,902,2739.6000000000004,0.1363636363636363,0.09375
CUST_8396,29,Male,USA,54.52,15,67,0,Fashion,44.7,30,0.49,797,817.8000000000001,0.4838709677419355,0.2205882352941176
CUST_8797,47,Male,India,66.32,9,38,0,Fashion,18.9,46,0.51,1218,596.8799999999999,0.1914893617021276,0.2307692307692307
CUST_1861,37,Male,UK,144.24,7,132,0,Home,2.6,41,0.6,670,1009.68,0.1666666666666666,0.0526315789473684
CUST_9346,54,Female,Canada,210.95,15,118,0,Beauty,0.8,91,0.67,2020,3164.25,0.1630434782608695,0.1260504201680672
CUST_4494,20,Male,UK,27.04,10,323,0,Fashion,41.7,50,0.04,2176,270.4,0.196078431372549,0.0308641975308641
CUST_1904,26,Male,Japan,26.95,13,51,0,Sports,29.6,44,0.19,1831,350.35,0.2888888888888888,0.25
CUST_2269,75,Male,UK,134.57,9,135,0,Sports,11.5,10,0.26,764,1211.13,0.8181818181818182,0.0661764705882353
CUST_1404,58,Female,UK,112.56,7,246,0,Beauty,17.2,73,0.28,1394,787.9200000000001,0.0945945945945946,0.0283400809716599
CUST_2184,56,Male,France,66.85,9,168,0,Sports,35.0,2,0.18,1106,601.65,3.0,0.0532544378698224
CUST_9938,43,Female,Brazil,62.34,13,69,0,Home,68.7,21,0.42,820,810.4200000000001,0.5909090909090909,0.1857142857142857
CUST_2725,19,Male,Germany,40.85,5,35,0,Fashion,61.0,75,0.19,1283,204.25,0.0657894736842105,0.1388888888888889
CUST_9462,40,Male,Brazil,113.74,12,287,0,Home,8.0,74,0.24,1947,1364.88,0.16,0.0416666666666666
CUST_6811,40,Female,Canada,30.35,8,4,0,Beauty,14.3,25,0.3,1848,242.8,0.3076923076923077,1.6
CUST_6606,76,Male,Canada,93.19,12,359,0,Beauty,90.8,69,0.12,1370,1118.28,0.1714285714285714,0.0333333333333333
CUST_4956,38,Male,Australia,181.76,12,147,0,Home,7.1,22,0.19,1178,2181.12,0.5217391304347826,0.081081081081081
CUST_1171,33,Male,UK,20.04,17,236,0,Electronics,19.9,69,0.2,2164,340.68,0.2428571428571428,0.0717299578059071
CUST_9465,26,Female,USA,93.19,5,67,0,Beauty,31.8,73,0.12,917,465.95,0.0675675675675675,0.0735294117647058
CUST_3306,30,Female,Brazil,48.5,8,230,0,Fashion,23.0,11,0.58,1431,388.0,0.6666666666666666,0.0346320346320346
CUST_1421,45,Male,Australia,33.42,14,149,0,Beauty,29.1,44,0.14,1790,467.88,0.3111111111111111,0.0933333333333333
CUST_6540,44,Male,Japan,67.02,9,220,0,Home,72.8,5,0.07,1023,603.18,1.5,0.0407239819004524
CUST_5675,68,Other,Germany,142.21,11,260,0,Home,9.5,6,0.33,812,1564.3100000000002,1.5714285714285714,0.0421455938697318
CUST_7748,69,Female,UK,202.98,7,265,0,Sports,35.2,97,0.05,597,1420.86,0.0714285714285714,0.0263157894736842
CUST_7103,34,Male,Australia,42.36,3,113,0,Electronics,61.2,16,0.13,2062,127.08,0.1764705882352941,0.0263157894736842
CUST_2473,55,Female,Brazil,93.19,16,164,0,Home,4.9,46,0.18,1356,1491.04,0.3404255319148936,0.0969696969696969
CUST_4243,53,Female,Japan,108.66,13,55,0,Sports,4.4,24,0.27,1055,1412.58,0.52,0.2321428571428571
CUST_3181,18,Female,France,163.18,14,341,0,Sports,49.9,14,0.25,804,2284.52,0.9333333333333332,0.0409356725146198
CUST_4096,35,Female,China,157.14,10,355,0,Fashion,90.0,24,0.27,1720,1571.4,0.4,0.0280898876404494
CUST_7646,68,Male,Germany,121.9,9,249,0,Sports,44.5,76,0.32,1414,1097.1,0.1168831168831168,0.036
CUST_6882,26,Male,Canada,24.54,8,242,0,Electronics,40.7,23,0.22,964,196.32,0.3333333333333333,0.0329218106995884
CUST_6982,30,Other,France,63.26,5,1,0,Fashion,1.0,39,0.35,901,316.3,0.125,2.5
CUST_6798,57,Female,UK,79.3,14,142,0,Home,73.3,6,0.28,1751,1110.2,2.0,0.0979020979020979
CUST_9415,72,Male,China,40.55,14,168,0,Home,16.4,21,0.3,1886,567.6999999999999,0.6363636363636364,0.0828402366863905
CUST_9411,62,Other,China,106.34,12,62,0,Sports,69.8,73,0.43,1829,1276.08,0.1621621621621621,0.1904761904761904
CUST_9456,32,Other,Germany,173.06,9,153,0,Beauty,34.9,46,0.35,1791,1557.54,0.1914893617021276,0.0584415584415584
CUST_5524,60,Other,USA,163.79,9,349,0,Electronics,4.5,41,0.23,1612,1474.11,0.2142857142857142,0.0257142857142857
CUST_7559,61,Female,France,228.88,8,254,0,Electronics,32.8,59,0.29,559,1831.04,0.1333333333333333,0.0313725490196078
CUST_8620,63,Other,USA,150.13,13,65,0,Sports,66.0,69,0.17,1271,1951.69,0.1857142857142857,0.1969696969696969
CUST_3774,21,Male,India,172.02,6,284,0,Electronics,76.8,42,0.14,842,1032.12,0.1395348837209302,0.0210526315789473
CUST_6673,50,Female,France,104.56,4,187,0,Fashion,63.6,95,0.34,717,418.24,0.0416666666666666,0.0212765957446808
CUST_4124,41,Female,Japan,217.6,9,192,0,Sports,71.1,59,0.17,1805,1958.4,0.15,0.0466321243523316
CUST_9671,53,Male,UK,93.28,8,295,0,Beauty,23.6,35,0.09,1678,746.24,0.2222222222222222,0.027027027027027
CUST_2353,68,Male,France,168.0,1,10,0,Home,96.5,41,0.18,1369,168.0,0.0238095238095238,0.0909090909090909
CUST_4854,58,Other,France,156.72,10,179,0,Electronics,22.7,67,0.16,1110,1567.2,0.1470588235294117,0.0555555555555555
CUST_9134,27,Male,India,93.19,9,342,0,Home,17.0,83,0.19,1864,838.71,0.1071428571428571,0.0262390670553935
CUST_1924,53,Female,Germany,49.8,11,89,0,Beauty,25.0,83,0.08,1324,547.8,0.1309523809523809,0.1222222222222222
CUST_3170,37,Male,Germany,29.23,13,222,0,Beauty,97.2,65,0.45,1172,379.99,0.1969696969696969,0.0582959641255605
CUST_6506,79,Male,Japan,90.51,11,334,0,Fashion,6.5,86,0.44,1659,995.61,0.1264367816091954,0.0328358208955223
CUST_3395,58,Female,Germany,55.94,5,225,0,Beauty,77.3,19,0.29,2068,279.7,0.25,0.0221238938053097
CUST_9220,62,Male,China,69.41,5,102,0,Beauty,10.5,90,0.36,1361,347.04999999999995,0.0549450549450549,0.0485436893203883
CUST_9226,61,Female,Brazil,94.15,13,336,0,Electronics,77.3,79,0.13,601,1223.95,0.1625,0.0385756676557863
CUST_6515,28,Female,India,209.25,4,354,0,Home,27.7,19,0.11,972,837.0,0.2,0.0112676056338028
CUST_3670,29,Male,Brazil,202.06,8,355,0,Electronics,72.7,25,0.64,1922,1616.48,0.3076923076923077,0.0224719101123595
CUST_4365,79,Male,Brazil,31.33,11,231,0,Electronics,4.9,39,0.1,1119,344.63,0.275,0.0474137931034482
CUST_1588,35,Male,India,146.66,11,266,0,Sports,33.5,95,0.1,1214,1613.26,0.1145833333333333,0.0411985018726591
CUST_4138,47,Male,Brazil,26.75,8,283,0,Sports,46.5,94,0.18,552,214.0,0.0842105263157894,0.028169014084507
CUST_7663,61,Female,Brazil,180.71,10,189,0,Fashion,2.1,33,0.05,689,1807.1,0.2941176470588235,0.0526315789473684
CUST_5086,65,Male,Brazil,93.19,8,47,0,Fashion,18.1,80,0.34,1297,745.52,0.0987654320987654,0.1666666666666666
CUST_9531,54,Male,Japan,52.21,7,283,0,Beauty,50.95,40,0.05,730,365.47,0.1707317073170731,0.0246478873239436
CUST_5270,37,Female,Canada,94.52,5,301,0,Fashion,48.1,12,0.21,1731,472.6,0.3846153846153846,0.0165562913907284
CUST_7019,42,Male,Japan,61.71,7,54,0,Fashion,13.3,92,0.31,2063,431.97,0.075268817204301,0.1272727272727272
CUST_1556,29,Male,USA,187.93,15,338,0,Beauty,97.7,30,0.12,1925,2818.9500000000003,0.4838709677419355,0.0442477876106194
CUST_9022,38,Male,France,188.93,15,118,0,Home,88.7,70,0.17,2221,2833.9500000000003,0.2112676056338028,0.1260504201680672
CUST_6452,42,Female,Germany,159.8,6,1,0,Beauty,22.4,42,0.1,587,958.8,0.1395348837209302,3.0
CUST_4567,28,Other,India,228.13,9,223,0,Beauty,23.4,14,0.08,513,2053.17,0.6,0.0401785714285714
CUST_4899,26,Female,China,42.04,5,235,0,Home,94.7,5,0.19,781,210.2,0.8333333333333334,0.0211864406779661
CUST_7477,79,Male,Brazil,35.4,9,202,0,Beauty,30.0,36,0.48,1342,318.6,0.2432432432432432,0.0443349753694581
CUST_8500,67,Male,Australia,98.2,8,143,0,Sports,42.3,59,0.25,1662,785.6,0.1333333333333333,0.0555555555555555
CUST_2016,79,Female,India,93.19,14,10,0,Fashion,70.1,57,0.6,1500,1304.66,0.2413793103448276,1.2727272727272727
CUST_7470,42,Female,UK,72.83,10,258,0,Beauty,34.4,87,0.73,950,728.3,0.1136363636363636,0.0386100386100386
CUST_3062,52,Other,India,15.09,15,297,0,Electronics,90.2,60,0.42,1121,226.35,0.2459016393442623,0.0503355704697986
CUST_5321,69,Male,France,85.36,12,156,0,Fashion,58.9,96,0.15,2204,1024.32,0.1237113402061855,0.0764331210191082
CUST_4496,49,Male,China,92.34,10,196,0,Sports,56.7,95,0.17,2001,923.4,0.1041666666666666,0.0507614213197969
CUST_2813,66,Female,India,82.27,8,91,0,Sports,55.4,78,0.22,805,658.16,0.1012658227848101,0.0869565217391304
CUST_7256,31,Female,China,115.52,11,332,0,Beauty,11.2,96,0.18,802,1270.72,0.1134020618556701,0.033033033033033
CUST_3313,18,Female,India,68.76,11,152,0,Home,79.0,63,0.2,909,756.36,0.171875,0.0718954248366013
CUST_2231,34,Female,Japan,71.93,13,133,0,Electronics,57.2,49,0.41,541,935.09,0.26,0.0970149253731343
CUST_6831,42,Other,Japan,95.82,8,115,0,Beauty,5.4,91,0.03,440,766.56,0.0869565217391304,0.0689655172413793
CUST_3999,76,Female,Canada,105.34,9,66,0,Home,85.0,65,0.14,1776,948.06,0.1363636363636363,0.1343283582089552
CUST_4440,25,Other,USA,156.34,11,149,0,Sports,72.9,52,0.35,2000,1719.74,0.2075471698113207,0.0733333333333333
CUST_5056,22,Other,India,28.95,11,255,0,Fashion,28.9,9,0.11,459,318.45,1.1,0.04296875
CUST_1305,22,Female,Brazil,255.78,5,40,0,Sports,28.6,16,0.14,2227,1278.9,0.2941176470588235,0.1219512195121951
CUST_2689,58,Male,India,59.67,8,180,0,Beauty,50.5,35,0.09,1076,477.36,0.2222222222222222,0.0441988950276243
CUST_4917,52,Male,UK,42.91,6,187,0,Home,0.7,74,0.34,1968,257.46,0.08,0.0319148936170212
CUST_8080,36,Female,China,47.04,13,38,0,Beauty,81.0,16,0.22,935,611.52,0.7647058823529411,0.3333333333333333
CUST_9611,40,Female,Brazil,52.78,19,310,0,Sports,94.2,94,0.13,1640,1002.82,0.2,0.0610932475884244
CUST_3936,26,Female,Canada,36.54,10,326,0,Electronics,44.7,33,0.15,1848,365.4,0.2941176470588235,0.0305810397553516
CUST_4862,71,Male,China,97.58,12,216,0,Sports,53.7,51,0.11,1181,1170.96,0.2307692307692307,0.0552995391705069
CUST_6649,47,Male,Japan,93.19,13,129,0,Beauty,81.0,61,0.16,1997,1211.47,0.2096774193548387,0.1
CUST_4261,67,Female,Australia,20.4,8,263,0,Home,27.8,79,0.57,1569,163.2,0.1,0.0303030303030303
CUST_2819,33,Male,Brazil,88.5,16,113,0,Beauty,49.2,59,0.39,1154,1416.0,0.2666666666666666,0.1403508771929824
CUST_2342,50,Male,Japan,203.07,15,62,0,Fashion,11.1,72,0.04,2141,3046.05,0.2054794520547945,0.238095238095238
CUST_6560,19,Male,UK,92.09,12,96,0,Fashion,70.2,4,0.28,1375,1105.08,2.4,0.1237113402061855
CUST_3226,31,Female,Brazil,107.23,6,329,0,Home,79.3,2,0.09,1552,643.38,2.0,0.0181818181818181
CUST_2079,63,Male,Brazil,131.21,14,17,0,Sports,6.7,71,0.56,755,1836.94,0.1944444444444444,0.7777777777777778
CUST_5206,18,Female,Brazil,122.35,9,204,0,Beauty,88.2,58,0.33,765,1101.15,0.1525423728813559,0.0439024390243902
CUST_7280,43,Male,USA,53.23,11,212,0,Fashion,37.5,62,0.25,2138,585.53,0.1746031746031746,0.0516431924882629
CUST_8235,75,Other,Brazil,105.91,9,96,0,Electronics,92.2,98,0.1,662,953.19,0.0909090909090909,0.0927835051546391
CUST_1813,42,Female,USA,152.37,8,278,0,Fashion,90.0,25,0.22,1451,1218.96,0.3076923076923077,0.028673835125448
CUST_6089,33,Male,Japan,117.61,10,235,0,Sports,79.1,71,0.09,598,1176.1,0.1388888888888889,0.0423728813559322
CUST_3031,32,Male,Canada,152.38,11,167,0,Home,83.0,25,0.42,1049,1676.1799999999998,0.4230769230769231,0.0654761904761904
CUST_9514,43,Male,USA,129.96,10,59,0,Electronics,28.9,66,0.34,1952,1299.6,0.1492537313432835,0.1666666666666666
CUST_6911,64,Female,USA,40.62,11,84,0,Beauty,50.95,26,0.18,1984,446.82,0.4074074074074074,0.1294117647058823
CUST_3653,61,Male,Brazil,231.68,11,260,0,Beauty,24.0,55,0.34,1152,2548.48,0.1964285714285714,0.0421455938697318
CUST_4340,33,Male,Canada,318.86,8,354,0,Home,35.5,3,0.14,1241,2550.88,2.0,0.0225352112676056
CUST_8876,31,Female,Brazil,87.48,5,165,0,Electronics,56.2,46,0.65,839,437.4,0.1063829787234042,0.0301204819277108
CUST_2141,46,Male,Japan,180.67,9,227,0,Electronics,86.4,29,0.08,2073,1626.03,0.3,0.0394736842105263
CUST_9558,41,Male,Brazil,93.19,14,59,0,Electronics,54.7,58,0.28,575,1304.66,0.2372881355932203,0.2333333333333333
CUST_3897,64,Female,Germany,138.15,10,163,0,Home,69.7,11,0.6,1038,1381.5,0.8333333333333334,0.0609756097560975
CUST_5041,72,Other,France,15.17,8,229,0,Home,13.6,21,0.3,789,121.36,0.3636363636363636,0.0347826086956521
CUST_3038,32,Male,Japan,50.82,9,81,0,Beauty,94.0,43,0.5,1392,457.38,0.2045454545454545,0.1097560975609756
CUST_5270,36,Male,India,63.44,11,156,0,Fashion,58.3,4,0.28,1312,697.8399999999999,2.2,0.0700636942675159
CUST_5683,25,Other,China,72.59,9,190,0,Sports,77.6,69,0.41,781,653.3100000000001,0.1285714285714285,0.0471204188481675
CUST_1494,51,Male,China,64.17,5,361,0,Beauty,99.9,70,0.16,1900,320.85,0.0704225352112676,0.0138121546961325
CUST_8116,19,Other,Canada,117.68,18,243,0,Electronics,86.0,22,0.09,1223,2118.24,0.782608695652174,0.0737704918032786
CUST_2784,44,Male,Germany,93.19,13,241,0,Fashion,50.4,6,0.17,909,1211.47,1.8571428571428568,0.0537190082644628
CUST_4510,27,Female,USA,106.27,11,221,0,Sports,86.8,78,0.49,1354,1168.97,0.1392405063291139,0.0495495495495495
CUST_4786,52,Male,Germany,195.84,11,167,0,Electronics,50.95,22,0.16,1271,2154.24,0.4782608695652174,0.0654761904761904
CUST_6266,40,Other,France,189.97,8,120,0,Home,73.0,16,0.29,1076,1519.76,0.4705882352941176,0.0661157024793388
CUST_6428,66,Male,Japan,34.73,9,1,0,Fashion,63.7,96,0.24,2080,312.57,0.0927835051546391,4.5
CUST_7681,25,Female,Canada,139.1,7,117,0,Home,28.8,36,0.19,1730,973.7,0.1891891891891892,0.059322033898305
CUST_7893,45,Male,Germany,90.09,9,135,0,Sports,33.4,50,0.47,1440,810.8100000000001,0.1764705882352941,0.0661764705882353
CUST_5658,40,Male,UK,72.93,13,329,0,Sports,55.8,58,0.39,2015,948.09,0.2203389830508474,0.0393939393939393
CUST_8082,21,Female,USA,21.03,10,126,0,Electronics,87.4,71,0.26,1260,210.3,0.1388888888888889,0.0787401574803149
CUST_7869,31,Female,Germany,50.25,9,240,0,Home,45.3,87,0.33,704,452.25,0.1022727272727272,0.0373443983402489
CUST_8607,70,Other,Canada,46.5,15,107,0,Beauty,54.1,51,0.61,699,697.5,0.2884615384615384,0.1388888888888889
CUST_8669,59,Male,UK,70.11,8,298,0,Beauty,36.9,78,0.08,1778,560.88,0.1012658227848101,0.0267558528428093
CUST_7219,46,Female,India,60.72,11,111,0,Home,1.8,47,0.82,445,667.92,0.2291666666666666,0.0982142857142857
CUST_5534,18,Male,Japan,242.27,8,162,0,Sports,50.95,53,0.28,2074,1938.16,0.1481481481481481,0.0490797546012269
CUST_6979,21,Other,Japan,65.62,11,274,0,Fashion,56.6,6,0.28,2066,721.82,1.5714285714285714,0.04
CUST_9890,49,Other,India,303.78,12,18,0,Home,97.8,25,0.29,1736,3645.36,0.4615384615384615,0.631578947368421
CUST_2312,50,Male,Brazil,165.25,15,232,0,Electronics,50.8,3,0.05,792,2478.75,3.75,0.0643776824034334
CUST_3962,66,Female,China,35.56,14,19,0,Beauty,53.5,13,0.28,574,497.84,1.0,0.7
CUST_3938,43,Female,UK,138.69,11,240,0,Electronics,28.2,53,0.34,983,1525.59,0.2037037037037037,0.0456431535269709
CUST_4197,34,Male,USA,38.47,3,259,0,Fashion,10.0,67,0.15,896,115.41,0.0441176470588235,0.0115384615384615
CUST_6296,56,Female,Germany,106.95,5,48,0,Beauty,70.8,31,0.55,1182,534.75,0.15625,0.1020408163265306
CUST_8204,40,Male,France,93.19,9,153,0,Beauty,80.8,67,0.71,2002,838.71,0.1323529411764706,0.0584415584415584
CUST_6730,49,Female,China,29.81,11,2,0,Beauty,87.0,81,0.23,1633,327.91,0.1341463414634146,3.6666666666666665
CUST_1126,69,Male,Canada,66.16,14,307,0,Electronics,40.4,55,0.43,1496,926.24,0.25,0.0454545454545454
CUST_6602,32,Male,Brazil,243.01,8,291,0,Sports,70.4,66,0.03,416,1944.08,0.1194029850746268,0.0273972602739726
CUST_2191,30,Male,USA,199.26,13,168,0,Electronics,26.3,5,0.11,902,2590.38,2.1666666666666665,0.0769230769230769
CUST_3639,77,Female,France,56.04,10,197,0,Sports,25.3,9,0.36,1097,560.4,1.0,0.0505050505050505
CUST_2366,19,Female,France,55.51,6,178,0,Home,99.6,29,0.24,493,333.06,0.2,0.0335195530726257
CUST_7453,77,Other,USA,162.1,14,102,0,Beauty,84.9,35,0.07,984,2269.4,0.3888888888888889,0.1359223300970873
CUST_7671,36,Male,Brazil,27.09,7,218,0,Electronics,25.6,35,0.14,1471,189.63,0.1944444444444444,0.0319634703196347
CUST_7683,41,Male,Canada,83.73,7,15,0,Fashion,43.3,50,0.05,418,586.11,0.1372549019607843,0.4375
CUST_5539,62,Female,India,75.34,4,46,0,Fashion,56.5,30,0.44,818,301.36,0.1290322580645161,0.0851063829787234
CUST_9876,41,Female,China,34.62,8,335,0,Sports,1.3,15,0.14,824,276.96,0.5,0.0238095238095238
CUST_3887,28,Male,Australia,246.7,11,45,0,Sports,95.9,29,0.07,438,2713.7,0.3666666666666666,0.2391304347826087
CUST_5086,76,Male,Australia,116.84,7,99,0,Beauty,10.9,25,0.24,1056,817.88,0.2692307692307692,0.07
CUST_3261,39,Female,Brazil,117.14,10,182,0,Sports,81.7,75,0.56,1887,1171.4,0.131578947368421,0.0546448087431694
CUST_5180,32,Male,France,174.26,12,353,0,Fashion,97.6,57,0.22,609,2091.12,0.2068965517241379,0.0338983050847457
CUST_3841,27,Female,Germany,107.64,8,215,0,Electronics,70.4,51,0.14,860,861.12,0.1538461538461538,0.037037037037037
CUST_7040,58,Female,India,78.68,10,133,0,Electronics,50.95,68,0.13,848,786.8000000000001,0.144927536231884,0.0746268656716417
CUST_4560,44,Female,India,49.24,13,339,0,Sports,2.0,58,0.11,894,640.12,0.2203389830508474,0.038235294117647
CUST_5758,77,Female,Brazil,194.8,9,316,0,Sports,35.5,12,0.04,2203,1753.2,0.6923076923076923,0.028391167192429
CUST_1626,26,Male,Canada,117.24,10,8,0,Fashion,47.6,96,0.1,2179,1172.4,0.1030927835051546,1.1111111111111112
CUST_6014,69,Female,Brazil,131.39,9,212,0,Home,78.3,69,0.13,1444,1182.5099999999998,0.1285714285714285,0.0422535211267605
CUST_2375,45,Female,Germany,50.0,9,138,0,Electronics,65.5,37,0.07,1196,450.0,0.2368421052631578,0.0647482014388489
CUST_2181,18,Male,Japan,201.54,7,221,0,Sports,73.6,25,0.21,1712,1410.78,0.2692307692307692,0.0315315315315315
CUST_6708,34,Female,Australia,102.29,4,320,0,Beauty,14.5,68,0.09,1719,409.16,0.0579710144927536,0.0124610591900311
CUST_1490,48,Male,Brazil,117.51,8,90,0,Sports,84.5,24,0.61,869,940.08,0.32,0.0879120879120879
CUST_4729,61,Female,India,71.14,10,314,0,Sports,82.2,36,0.14,689,711.4,0.2702702702702703,0.0317460317460317
CUST_6974,27,Female,Canada,89.2,6,111,0,Electronics,76.9,2,0.29,636,535.2,2.0,0.0535714285714285
CUST_4534,54,Female,Australia,49.87,8,112,0,Sports,81.8,35,0.08,1328,398.96,0.2222222222222222,0.0707964601769911
CUST_4296,79,Male,UK,109.35,15,197,0,Beauty,21.4,8,0.34,1084,1640.25,1.6666666666666667,0.0757575757575757
CUST_2940,46,Male,USA,174.3,7,262,0,Beauty,14.0,73,0.3,1378,1220.1,0.0945945945945946,0.026615969581749
CUST_6014,35,Other,India,102.46,15,316,0,Beauty,89.5,28,0.57,1622,1536.9,0.5172413793103449,0.0473186119873817
CUST_2882,64,Female,UK,108.05,17,312,0,Fashion,95.7,60,0.37,1966,1836.85,0.2786885245901639,0.0543130990415335
CUST_5908,55,Male,Canada,118.31,12,341,0,Beauty,42.4,54,0.38,1279,1419.72,0.2181818181818181,0.0350877192982456
CUST_3987,56,Male,India,119.04,13,161,0,Electronics,44.7,44,0.07,866,1547.52,0.2888888888888888,0.0802469135802469
CUST_6585,66,Male,Brazil,166.91,8,83,0,Home,74.1,10,0.35,1474,1335.28,0.7272727272727273,0.0952380952380952
CUST_4159,23,Female,India,58.16,10,44,0,Sports,49.5,5,0.1,1472,581.5999999999999,1.6666666666666667,0.2222222222222222
CUST_5530,57,Female,Canada,32.73,15,44,0,Sports,31.4,47,0.22,656,490.94999999999993,0.3125,0.3333333333333333
CUST_1681,29,Female,India,98.28,9,270,0,Sports,19.0,31,0.37,1889,884.52,0.28125,0.033210332103321
CUST_6254,70,Female,Germany,136.54,10,209,0,Beauty,2.3,29,0.52,1625,1365.4,0.3333333333333333,0.0476190476190476
CUST_2073,31,Female,France,93.19,7,173,0,Beauty,58.8,3,0.2,1808,652.3299999999999,1.75,0.0402298850574712
CUST_3387,61,Male,UK,178.11,8,246,0,Beauty,14.2,26,0.09,903,1424.88,0.2962962962962963,0.0323886639676113
CUST_3693,72,Male,Japan,39.19,14,173,0,Home,85.8,95,0.16,1423,548.66,0.1458333333333333,0.0804597701149425
CUST_5340,27,Female,France,136.1,11,35,0,Home,98.3,2,0.35,1038,1497.1,3.6666666666666665,0.3055555555555556
CUST_3156,71,Other,Canada,46.18,13,301,0,Home,45.8,79,0.44,1705,600.34,0.1625,0.043046357615894
CUST_8966,37,Female,Australia,109.03,9,297,0,Home,11.6,77,0.14,478,981.27,0.1153846153846153,0.0302013422818791
CUST_3580,32,Female,Germany,38.09,5,157,0,Home,58.3,92,0.11,939,190.45,0.053763440860215,0.0316455696202531
CUST_8257,48,Female,UK,193.01,13,138,0,Sports,57.4,56,0.32,2135,2509.13,0.2280701754385964,0.0935251798561151
CUST_3159,24,Other,Canada,191.1,15,32,0,Sports,13.3,14,0.64,1539,2866.5,1.0,0.4545454545454545
CUST_7772,75,Male,UK,133.8,10,250,0,Home,64.7,76,0.35,1701,1338.0,0.1298701298701298,0.0398406374501992
CUST_2627,58,Male,India,59.63,12,325,0,Sports,31.6,15,0.26,487,715.5600000000001,0.75,0.0368098159509202
CUST_9219,27,Other,China,170.35,13,170,0,Home,84.5,85,0.21,1810,2214.55,0.1511627906976744,0.0760233918128654
CUST_8080,27,Female,Brazil,107.89,9,109,0,Home,58.8,93,0.21,1282,971.01,0.0957446808510638,0.0818181818181818
CUST_2985,65,Male,France,96.25,9,166,0,Home,50.95,45,0.18,1269,866.25,0.1956521739130435,0.0538922155688622
CUST_9488,78,Female,India,93.19,8,124,0,Sports,96.3,99,0.17,521,745.52,0.08,0.064
CUST_3181,56,Male,USA,171.84,6,213,0,Fashion,49.1,47,0.2,1134,1031.04,0.125,0.02803738317757
CUST_3296,45,Male,Australia,236.8,14,294,0,Fashion,88.7,20,0.26,1863,3315.2000000000003,0.6666666666666666,0.047457627118644
CUST_8164,47,Other,USA,168.31,15,180,0,Fashion,26.4,18,0.09,2080,2524.65,0.7894736842105263,0.0828729281767955
CUST_3597,54,Male,USA,128.02,9,82,0,Electronics,50.95,79,0.02,1155,1152.18,0.1125,0.108433734939759
CUST_1901,72,Female,Germany,69.21,13,361,0,Fashion,8.4,61,0.19,1597,899.7299999999999,0.2096774193548387,0.0359116022099447
CUST_7060,20,Male,Japan,91.33,5,318,0,Fashion,42.3,76,0.26,832,456.65,0.0649350649350649,0.0156739811912225
CUST_2677,67,Female,France,50.76,7,24,0,Fashion,89.4,98,0.43,1117,355.32,0.0707070707070707,0.28
CUST_3881,60,Male,China,166.84,7,245,0,Beauty,82.9,5,0.15,448,1167.88,1.1666666666666667,0.0284552845528455
CUST_6622,32,Female,India,93.19,11,40,1,Home,97.6,58,0.21,479,1025.09,0.1864406779661017,0.2682926829268293
CUST_9052,38,Female,USA,41.06,7,58,0,Sports,75.0,81,0.47,1013,287.42,0.0853658536585365,0.1186440677966101
CUST_2378,69,Female,USA,116.58,3,176,0,Beauty,50.95,77,0.14,1480,349.74,0.0384615384615384,0.0169491525423728
CUST_2248,54,Male,Australia,93.7,6,29,0,Home,16.1,60,0.4,2026,562.2,0.0983606557377049,0.2
CUST_6650,73,Male,China,94.37,10,44,0,Fashion,18.0,13,0.48,885,943.7,0.7142857142857143,0.2222222222222222
CUST_7079,29,Male,China,93.19,11,308,0,Fashion,66.1,80,0.53,1753,1025.09,0.1358024691358024,0.0355987055016181
CUST_8036,21,Male,China,109.84,7,153,0,Beauty,38.2,40,0.03,954,768.88,0.1707317073170731,0.0454545454545454
CUST_7487,64,Female,India,91.33,11,39,0,Sports,41.4,67,0.52,1592,1004.63,0.1617647058823529,0.275
CUST_2058,26,Female,France,82.29,3,139,0,Beauty,86.1,52,0.33,1500,246.87,0.0566037735849056,0.0214285714285714
CUST_3048,56,Female,France,32.72,16,256,0,Beauty,72.7,2,0.09,640,523.52,5.333333333333333,0.0622568093385214
CUST_7115,59,Female,India,171.26,11,69,0,Home,20.9,89,0.19,453,1883.86,0.1222222222222222,0.1571428571428571
CUST_5248,78,Male,Germany,98.54,8,135,0,Electronics,17.1,53,0.08,1606,788.32,0.1481481481481481,0.0588235294117647
CUST_3476,45,Male,India,40.07,17,235,0,Sports,82.2,67,0.19,1287,681.19,0.25,0.0720338983050847
CUST_5603,40,Male,Brazil,117.01,10,111,0,Sports,95.4,11,0.28,1207,1170.1,0.8333333333333334,0.0892857142857142
CUST_4553,62,Female,Canada,49.32,10,32,0,Beauty,18.5,11,0.14,797,493.2,0.8333333333333334,0.303030303030303
CUST_1220,78,Female,Brazil,43.59,7,195,0,Beauty,50.95,10,0.04,1168,305.13,0.6363636363636364,0.0357142857142857
CUST_5818,57,Male,Germany,62.97,9,177,0,Fashion,43.0,28,0.07,1063,566.73,0.3103448275862069,0.0505617977528089
CUST_8192,61,Male,Germany,88.51,7,359,0,Beauty,90.6,11,0.14,590,619.57,0.5833333333333334,0.0194444444444444
CUST_5623,39,Female,India,62.57,15,133,0,Home,75.1,7,0.32,1305,938.55,1.875,0.1119402985074626
CUST_8349,41,Female,India,224.17,7,190,0,Fashion,90.5,29,0.28,1914,1569.1899999999998,0.2333333333333333,0.0366492146596858
CUST_6618,68,Female,Japan,226.63,13,334,0,Electronics,64.5,65,0.58,1321,2946.19,0.1969696969696969,0.0388059701492537
CUST_8209,75,Male,Australia,324.09,12,5,0,Home,15.7,52,0.36,1190,3889.08,0.2264150943396226,2.0
CUST_5576,43,Male,Brazil,38.69,3,292,0,Sports,6.0,15,0.13,1675,116.07,0.1875,0.0102389078498293
CUST_2871,47,Other,France,49.67,9,178,0,Sports,62.7,7,0.5,1980,447.03,1.125,0.0502793296089385
CUST_8915,50,Female,Japan,51.6,13,282,0,Home,5.8,68,0.39,2149,670.8000000000001,0.1884057971014492,0.0459363957597173
CUST_2462,33,Male,China,124.28,13,105,0,Beauty,23.6,55,0.05,486,1615.64,0.2321428571428571,0.1226415094339622
CUST_6521,39,Female,UK,32.06,5,245,0,Beauty,20.6,3,0.11,1196,160.3,1.25,0.0203252032520325
CUST_9536,66,Female,France,148.55,8,324,0,Beauty,42.7,20,0.35,2180,1188.4,0.3809523809523809,0.0246153846153846
CUST_9236,74,Male,China,93.83,13,230,0,Sports,59.7,3,0.35,1907,1219.79,3.25,0.0562770562770562
CUST_8813,79,Male,Japan,93.19,9,214,0,Home,91.1,29,0.11,475,838.71,0.3,0.041860465116279
CUST_3068,67,Male,USA,103.63,8,272,0,Beauty,93.6,20,0.13,1616,829.04,0.3809523809523809,0.0293040293040293
CUST_6753,60,Male,Japan,73.03,10,104,0,Fashion,98.2,10,0.25,1729,730.3,0.9090909090909092,0.0952380952380952
CUST_8237,35,Female,Japan,179.85,13,22,0,Sports,76.4,61,0.22,2209,2338.05,0.2096774193548387,0.5652173913043478
CUST_8016,24,Male,Japan,216.61,14,294,1,Home,92.1,99,0.15,2206,3032.54,0.14,0.047457627118644
CUST_7191,67,Female,India,63.36,14,160,0,Home,79.1,90,0.29,637,887.04,0.1538461538461538,0.0869565217391304
CUST_2514,43,Other,Brazil,138.1,9,193,0,Home,91.1,94,0.33,2205,1242.9,0.0947368421052631,0.0463917525773195
CUST_3598,25,Male,Japan,99.97,5,265,0,Home,10.4,90,0.28,1136,499.85,0.0549450549450549,0.018796992481203
CUST_2001,23,Female,India,93.19,16,82,0,Electronics,96.2,37,0.07,1444,1491.04,0.4210526315789473,0.1927710843373494
CUST_2033,47,Female,China,100.89,8,167,0,Fashion,23.5,84,0.15,1735,807.12,0.0941176470588235,0.0476190476190476
CUST_7899,56,Female,Australia,127.02,8,328,0,Electronics,56.8,51,0.61,1421,1016.16,0.1538461538461538,0.0243161094224924
CUST_9465,40,Female,Brazil,74.98,6,142,0,Beauty,51.7,42,0.3,2080,449.88,0.1395348837209302,0.0419580419580419
CUST_6051,49,Male,China,87.68,7,42,0,Electronics,56.4,73,0.32,1570,613.76,0.0945945945945946,0.1627906976744186
CUST_5476,39,Female,Germany,340.7,12,343,0,Electronics,70.2,75,0.56,1977,4088.4,0.1578947368421052,0.0348837209302325
CUST_1478,59,Female,France,97.36,8,11,0,Sports,54.0,97,0.19,1559,778.88,0.0816326530612244,0.6666666666666666
CUST_1515,60,Other,UK,27.67,6,21,0,Home,68.9,30,0.21,767,166.02,0.1935483870967742,0.2727272727272727
CUST_2191,74,Male,Germany,32.99,6,17,0,Electronics,53.4,94,0.28,1173,197.94,0.0631578947368421,0.3333333333333333
CUST_7297,62,Other,Canada,56.77,8,61,0,Home,1.2,45,0.37,469,454.16,0.1739130434782608,0.1290322580645161
CUST_1271,26,Male,Australia,93.19,12,188,0,Fashion,62.7,87,0.4,1897,1118.28,0.1363636363636363,0.0634920634920634
CUST_9334,48,Other,Canada,69.41,13,78,0,Electronics,55.5,24,0.4,446,902.33,0.52,0.1645569620253164
CUST_8778,24,Female,USA,95.16,6,166,0,Sports,58.6,31,0.29,1569,570.96,0.1875,0.0359281437125748
CUST_7008,26,Female,USA,93.67,11,149,0,Sports,0.2,23,0.13,2169,1030.37,0.4583333333333333,0.0733333333333333
CUST_8987,30,Female,Japan,178.42,9,222,0,Beauty,46.9,53,0.39,1168,1605.78,0.1666666666666666,0.0403587443946188
CUST_4332,75,Male,Australia,105.97,12,104,0,Electronics,87.5,42,0.24,1652,1271.64,0.2790697674418604,0.1142857142857142
CUST_1787,20,Male,China,124.06,6,253,0,Fashion,33.3,36,0.21,1515,744.36,0.1621621621621621,0.0236220472440944
CUST_7222,52,Male,Germany,342.36,12,6,0,Home,44.5,34,0.27,1032,4108.32,0.3428571428571428,1.7142857142857142
CUST_1622,50,Male,Australia,99.61,10,162,0,Electronics,12.2,85,0.31,1456,996.1,0.1162790697674418,0.0613496932515337
CUST_4841,38,Male,Germany,167.27,15,289,0,Beauty,45.0,26,0.19,1343,2509.05,0.5555555555555556,0.0517241379310344
CUST_4676,48,Female,UK,65.01,8,194,0,Sports,39.6,71,0.07,1037,520.08,0.1111111111111111,0.041025641025641
CUST_3572,69,Female,China,126.27,8,318,0,Electronics,88.3,25,0.3,1810,1010.16,0.3076923076923077,0.0250783699059561
CUST_7915,51,Male,Canada,172.86,7,129,0,Beauty,3.5,3,0.16,545,1210.02,1.75,0.0538461538461538
CUST_6033,49,Female,Germany,85.67,11,108,0,Fashion,95.1,43,0.32,1508,942.37,0.25,0.1009174311926605
CUST_8788,74,Female,UK,256.9,6,218,0,Home,57.6,82,0.28,798,1541.4,0.072289156626506,0.0273972602739726
CUST_6214,52,Other,Australia,143.78,6,318,0,Fashion,53.0,6,0.63,2103,862.6800000000001,0.8571428571428571,0.018808777429467
CUST_5712,32,Female,UK,175.35,12,129,1,Fashion,88.6,54,0.36,1615,2104.2,0.2181818181818181,0.0923076923076923
CUST_1066,73,Male,France,135.85,12,243,0,Home,19.1,52,0.33,1972,1630.1999999999998,0.2264150943396226,0.0491803278688524
CUST_8533,49,Female,UK,132.16,9,306,0,Electronics,20.9,13,0.33,2127,1189.44,0.6428571428571429,0.0293159609120521
CUST_5616,23,Female,UK,47.81,10,296,0,Home,50.95,66,0.22,662,478.1,0.1492537313432835,0.0336700336700336
CUST_2140,79,Male,Japan,224.97,16,84,0,Beauty,92.9,56,0.23,1370,3599.52,0.2807017543859649,0.188235294117647
CUST_6730,62,Male,USA,220.33,8,254,0,Fashion,83.8,47,0.09,1173,1762.64,0.1666666666666666,0.0313725490196078
CUST_8465,38,Male,Canada,75.57,6,326,0,Home,4.1,77,0.49,1807,453.42,0.0769230769230769,0.018348623853211
